backend,n,grid_cells_per_player,backend_systems_per_player,repetition,seed,rounds,runtime_seconds,status,error,synthetic_scaling_point,vector_bytes_per_player,estimated_working_set_bytes,memory_limit_bytes,timeout_seconds,quickqudits_version,backend_metadata
qubit_transpiled,2,4,8,0,20260930,4,0.0035453700038488023,COMPLETED,,True,4096,16384,34359738368,21600.0,1.0.1,"{""bell_backend"": ""QuickQudits QuantumCircuit d=2, same exact Bell sequence"", ""encoding"": {""0"": ""00"", ""1"": ""01"", ""2"": ""10"", ""invalid"": ""11""}, ""grid_backend"": ""two full QuickQudits QuantumCircuit d=2 statevectors, 2m qubits each"", ""memory_guard"": ""four dense vectors within configured ceiling and half available memory"", ""player_grid_count"": 2, ""synthetic_scaling_point"": true, ""systems_per_player"": 8, ""tableau_array_bytes_per_player"": null, ""transpiled_gates"": ""qutrit X -> X(q0), CX(q0,q1), CX(q1,q0); invalid 11 fixed"", ""workload_seed_derivation"": ""SnaQ3-v2 master/n/repetition streams"", ""workload_sha256"": ""752830ceaa793eb7ffb2ef70698560d7034922a61bce6777bea43042241f45c6""}"
qubit_transpiled,2,4,8,1,20260930,4,0.003748433999135159,COMPLETED,,True,4096,16384,34359738368,21600.0,1.0.1,"{""bell_backend"": ""QuickQudits QuantumCircuit d=2, same exact Bell sequence"", ""encoding"": {""0"": ""00"", ""1"": ""01"", ""2"": ""10"", ""invalid"": ""11""}, ""grid_backend"": ""two full QuickQudits QuantumCircuit d=2 statevectors, 2m qubits each"", ""memory_guard"": ""four dense vectors within configured ceiling and half available memory"", ""player_grid_count"": 2, ""synthetic_scaling_point"": true, ""systems_per_player"": 8, ""tableau_array_bytes_per_player"": null, ""transpiled_gates"": ""qutrit X -> X(q0), CX(q0,q1), CX(q1,q0); invalid 11 fixed"", ""workload_seed_derivation"": ""SnaQ3-v2 master/n/repetition streams"", ""workload_sha256"": ""8289186859ea693d07b0aab6fe14e0c8ce30e99f9f03af0950e1a414f889f118""}"
qubit_transpiled,2,4,8,2,20260930,4,0.0037505420041270554,COMPLETED,,True,4096,16384,34359738368,21600.0,1.0.1,"{""bell_backend"": ""QuickQudits QuantumCircuit d=2, same exact Bell sequence"", ""encoding"": {""0"": ""00"", ""1"": ""01"", ""2"": ""10"", ""invalid"": ""11""}, ""grid_backend"": ""two full QuickQudits QuantumCircuit d=2 statevectors, 2m qubits each"", ""memory_guard"": ""four dense vectors within configured ceiling and half available memory"", ""player_grid_count"": 2, ""synthetic_scaling_point"": true, ""systems_per_player"": 8, ""tableau_array_bytes_per_player"": null, ""transpiled_gates"": ""qutrit X -> X(q0), CX(q0,q1), CX(q1,q0); invalid 11 fixed"", ""workload_seed_derivation"": ""SnaQ3-v2 master/n/repetition streams"", ""workload_sha256"": ""eeb76b54e45812be5ba7ead9b36dbb1ccde9e27926cff68b8933715d71d25e40""}"
qubit_transpiled,2,4,8,3,20260930,4,0.0037632069943356328,COMPLETED,,True,4096,16384,34359738368,21600.0,1.0.1,"{""bell_backend"": ""QuickQudits QuantumCircuit d=2, same exact Bell sequence"", ""encoding"": {""0"": ""00"", ""1"": ""01"", ""2"": ""10"", ""invalid"": ""11""}, ""grid_backend"": ""two full QuickQudits QuantumCircuit d=2 statevectors, 2m qubits each"", ""memory_guard"": ""four dense vectors within configured ceiling and half available memory"", ""player_grid_count"": 2, ""synthetic_scaling_point"": true, ""systems_per_player"": 8, ""tableau_array_bytes_per_player"": null, ""transpiled_gates"": ""qutrit X -> X(q0), CX(q0,q1), CX(q1,q0); invalid 11 fixed"", ""workload_seed_derivation"": ""SnaQ3-v2 master/n/repetition streams"", ""workload_sha256"": ""0a36e67b5056b74566df2fd6d19130c568a608ad823f1faa505ceb5482f6d7bc""}"
qubit_transpiled,2,4,8,4,20260930,4,0.0054561369979637675,COMPLETED,,True,4096,16384,34359738368,21600.0,1.0.1,"{""bell_backend"": ""QuickQudits QuantumCircuit d=2, same exact Bell sequence"", ""encoding"": {""0"": ""00"", ""1"": ""01"", ""2"": ""10"", ""invalid"": ""11""}, ""grid_backend"": ""two full QuickQudits QuantumCircuit d=2 statevectors, 2m qubits each"", ""memory_guard"": ""four dense vectors within configured ceiling and half available memory"", ""player_grid_count"": 2, ""synthetic_scaling_point"": true, ""systems_per_player"": 8, ""tableau_array_bytes_per_player"": null, ""transpiled_gates"": ""qutrit X -> X(q0), CX(q0,q1), CX(q1,q0); invalid 11 fixed"", ""workload_seed_derivation"": ""SnaQ3-v2 master/n/repetition streams"", ""workload_sha256"": ""2532591830e6d5623c40c028b2350899c0d38133efc018e8ab024ad6b9f0b656""}"
qutrit_circuit_exact,3,9,9,0,20260930,4,0.0046494080015691,COMPLETED,,False,314928,1259712,34359738368,21600.0,1.0.1,"{""bell_backend"": ""QuickQudits QuantumCircuit d=2"", ""gate_sequence"": ""grid X; movement H S^x; Bell H(0) CX(0,1); observable Sdag H T^k H S"", ""grid_backend"": ""two full QuickQudits QuantumCircuit d=3 statevectors"", ""memory_guard"": ""four dense vectors within configured ceiling and half available memory"", ""observable_angles"": {""Alice"": [0.0, 0.7853981633974483, 0.0, 0.7853981633974483], ""Bob"": [0.39269908169872414, -0.39269908169872414, 0.39269908169872414, -0.39269908169872414]}, ""player_grid_count"": 2, ""synthetic_scaling_point"": false, ""systems_per_player"": 9, ""tableau_array_bytes_per_player"": null, ""workload_seed_derivation"": ""SnaQ3-v2 master/n/repetition streams"", ""workload_sha256"": ""214974bf1e03759564e210a58dc405c372563fc388cc6a2649980d5cba9e6b47""}"
qutrit_circuit_exact,3,9,9,1,20260930,4,0.0067770590030704625,COMPLETED,,False,314928,1259712,34359738368,21600.0,1.0.1,"{""bell_backend"": ""QuickQudits QuantumCircuit d=2"", ""gate_sequence"": ""grid X; movement H S^x; Bell H(0) CX(0,1); observable Sdag H T^k H S"", ""grid_backend"": ""two full QuickQudits QuantumCircuit d=3 statevectors"", ""memory_guard"": ""four dense vectors within configured ceiling and half available memory"", ""observable_angles"": {""Alice"": [0.0, 0.7853981633974483, 0.0, 0.7853981633974483], ""Bob"": [0.39269908169872414, -0.39269908169872414, 0.39269908169872414, -0.39269908169872414]}, ""player_grid_count"": 2, ""synthetic_scaling_point"": false, ""systems_per_player"": 9, ""tableau_array_bytes_per_player"": null, ""workload_seed_derivation"": ""SnaQ3-v2 master/n/repetition streams"", ""workload_sha256"": ""c205adf1a9a9b406dc30576d1e6ab645f6d5c8a8170f08407acaae4a65bf9e2a""}"
qutrit_circuit_exact,3,9,9,2,20260930,4,0.014315716995042749,COMPLETED,,False,314928,1259712,34359738368,21600.0,1.0.1,"{""bell_backend"": ""QuickQudits QuantumCircuit d=2"", ""gate_sequence"": ""grid X; movement H S^x; Bell H(0) CX(0,1); observable Sdag H T^k H S"", ""grid_backend"": ""two full QuickQudits QuantumCircuit d=3 statevectors"", ""memory_guard"": ""four dense vectors within configured ceiling and half available memory"", ""observable_angles"": {""Alice"": [0.0, 0.7853981633974483, 0.0, 0.7853981633974483], ""Bob"": [0.39269908169872414, -0.39269908169872414, 0.39269908169872414, -0.39269908169872414]}, ""player_grid_count"": 2, ""synthetic_scaling_point"": false, ""systems_per_player"": 9, ""tableau_array_bytes_per_player"": null, ""workload_seed_derivation"": ""SnaQ3-v2 master/n/repetition streams"", ""workload_sha256"": ""4e42021d3fc4a9bae3a6702dbdfff09e716a8f8ea852da5a80e8f73fa5fe0f2d""}"
qutrit_circuit_exact,3,9,9,3,20260930,4,0.02755859099852387,COMPLETED,,False,314928,1259712,34359738368,21600.0,1.0.1,"{""bell_backend"": ""QuickQudits QuantumCircuit d=2"", ""gate_sequence"": ""grid X; movement H S^x; Bell H(0) CX(0,1); observable Sdag H T^k H S"", ""grid_backend"": ""two full QuickQudits QuantumCircuit d=3 statevectors"", ""memory_guard"": ""four dense vectors within configured ceiling and half available memory"", ""observable_angles"": {""Alice"": [0.0, 0.7853981633974483, 0.0, 0.7853981633974483], ""Bob"": [0.39269908169872414, -0.39269908169872414, 0.39269908169872414, -0.39269908169872414]}, ""player_grid_count"": 2, ""synthetic_scaling_point"": false, ""systems_per_player"": 9, ""tableau_array_bytes_per_player"": null, ""workload_seed_derivation"": ""SnaQ3-v2 master/n/repetition streams"", ""workload_sha256"": ""ea66fadd9c132b11469b035fc79acbb5a7d2677717f48d0e6178b0c15b351308""}"
qutrit_circuit_exact,3,9,9,4,20260930,4,0.04559261800022796,COMPLETED,,False,314928,1259712,34359738368,21600.0,1.0.1,"{""bell_backend"": ""QuickQudits QuantumCircuit d=2"", ""gate_sequence"": ""grid X; movement H S^x; Bell H(0) CX(0,1); observable Sdag H T^k H S"", ""grid_backend"": ""two full QuickQudits QuantumCircuit d=3 statevectors"", ""memory_guard"": ""four dense vectors within configured ceiling and half available memory"", ""observable_angles"": {""Alice"": [0.0, 0.7853981633974483, 0.0, 0.7853981633974483], ""Bob"": [0.39269908169872414, -0.39269908169872414, 0.39269908169872414, -0.39269908169872414]}, ""player_grid_count"": 2, ""synthetic_scaling_point"": false, ""systems_per_player"": 9, ""tableau_array_bytes_per_player"": null, ""workload_seed_derivation"": ""SnaQ3-v2 master/n/repetition streams"", ""workload_sha256"": ""26c2089999b275c5ae66695f023a5410832609c4c1151c610a1536b1a37ae4fa""}"
qutrit_tableau_clifford,3,9,9,0,20260930,4,0.001018907998513896,COMPLETED,,False,,2736,34359738368,21600.0,1.0.1,"{""bell_backend"": ""QuickQudits Tableau d=2; H CX and Clifford observables"", ""grid_backend"": ""QuickQudits Tableau d=3; X only"", ""movement_backend"": ""QuickQudits Tableau d=2; H and S only"", ""observable_mapping"": {""Alice_0"": {""angular_error"": 0.0, ""implemented_theta"": 0.0, ""observable"": ""Z"", ""projector_fidelity"": 1.0, ""target_theta"": 0.0}, ""Alice_1"": {""angular_error"": 0.0, ""implemented_theta"": 0.7853981633974483, ""observable"": ""X"", ""projector_fidelity"": 1.0, ""target_theta"": 0.7853981633974483}, ""Alice_2"": {""angular_error"": 0.0, ""implemented_theta"": 0.0, ""observable"": ""Z"", ""projector_fidelity"": 1.0, ""target_theta"": 0.0}, ""Alice_3"": {""angular_error"": 0.0, ""implemented_theta"": 0.7853981633974483, ""observable"": ""X"", ""projector_fidelity"": 1.0, ""target_theta"": 0.7853981633974483}, ""Bob_0"": {""angular_error"": 0.39269908169872414, ""implemented_theta"": 0.0, ""observable"": ""Z"", ""projector_fidelity"": 0.8535533905932737, ""target_theta"": 0.39269908169872414}, ""Bob_1"": {""angular_error"": 0.39269908169872414, ""implemented_theta"": 0.0, ""observable"": ""Z"", ""projector_fidelity"": 0.8535533905932737, ""target_theta"": -0.39269908169872414}, ""Bob_2"": {""angular_error"": 0.39269908169872414, ""implemented_theta"": 0.0, ""observable"": ""Z"", ""projector_fidelity"": 0.8535533905932737, ""target_theta"": 0.39269908169872414}, ""Bob_3"": {""angular_error"": 0.39269908169872414, ""implemented_theta"": 0.0, ""observable"": ""Z"", ""projector_fidelity"": 0.8535533905932737, ""target_theta"": -0.39269908169872414}}, ""player_grid_count"": 2, ""synthetic_scaling_point"": false, ""systems_per_player"": 9, ""tableau_array_bytes_per_player"": 342, ""workload_seed_derivation"": ""SnaQ3-v2 master/n/repetition streams"", ""workload_sha256"": ""214974bf1e03759564e210a58dc405c372563fc388cc6a2649980d5cba9e6b47""}"
qutrit_tableau_clifford,3,9,9,1,20260930,4,0.001043648000631947,COMPLETED,,False,,2736,34359738368,21600.0,1.0.1,"{""bell_backend"": ""QuickQudits Tableau d=2; H CX and Clifford observables"", ""grid_backend"": ""QuickQudits Tableau d=3; X only"", ""movement_backend"": ""QuickQudits Tableau d=2; H and S only"", ""observable_mapping"": {""Alice_0"": {""angular_error"": 0.0, ""implemented_theta"": 0.0, ""observable"": ""Z"", ""projector_fidelity"": 1.0, ""target_theta"": 0.0}, ""Alice_1"": {""angular_error"": 0.0, ""implemented_theta"": 0.7853981633974483, ""observable"": ""X"", ""projector_fidelity"": 1.0, ""target_theta"": 0.7853981633974483}, ""Alice_2"": {""angular_error"": 0.0, ""implemented_theta"": 0.0, ""observable"": ""Z"", ""projector_fidelity"": 1.0, ""target_theta"": 0.0}, ""Alice_3"": {""angular_error"": 0.0, ""implemented_theta"": 0.7853981633974483, ""observable"": ""X"", ""projector_fidelity"": 1.0, ""target_theta"": 0.7853981633974483}, ""Bob_0"": {""angular_error"": 0.39269908169872414, ""implemented_theta"": 0.0, ""observable"": ""Z"", ""projector_fidelity"": 0.8535533905932737, ""target_theta"": 0.39269908169872414}, ""Bob_1"": {""angular_error"": 0.39269908169872414, ""implemented_theta"": 0.0, ""observable"": ""Z"", ""projector_fidelity"": 0.8535533905932737, ""target_theta"": -0.39269908169872414}, ""Bob_2"": {""angular_error"": 0.39269908169872414, ""implemented_theta"": 0.0, ""observable"": ""Z"", ""projector_fidelity"": 0.8535533905932737, ""target_theta"": 0.39269908169872414}, ""Bob_3"": {""angular_error"": 0.39269908169872414, ""implemented_theta"": 0.0, ""observable"": ""Z"", ""projector_fidelity"": 0.8535533905932737, ""target_theta"": -0.39269908169872414}}, ""player_grid_count"": 2, ""synthetic_scaling_point"": false, ""systems_per_player"": 9, ""tableau_array_bytes_per_player"": 342, ""workload_seed_derivation"": ""SnaQ3-v2 master/n/repetition streams"", ""workload_sha256"": ""c205adf1a9a9b406dc30576d1e6ab645f6d5c8a8170f08407acaae4a65bf9e2a""}"
qutrit_tableau_clifford,3,9,9,2,20260930,4,0.0010721409998950548,COMPLETED,,False,,2736,34359738368,21600.0,1.0.1,"{""bell_backend"": ""QuickQudits Tableau d=2; H CX and Clifford observables"", ""grid_backend"": ""QuickQudits Tableau d=3; X only"", ""movement_backend"": ""QuickQudits Tableau d=2; H and S only"", ""observable_mapping"": {""Alice_0"": {""angular_error"": 0.0, ""implemented_theta"": 0.0, ""observable"": ""Z"", ""projector_fidelity"": 1.0, ""target_theta"": 0.0}, ""Alice_1"": {""angular_error"": 0.0, ""implemented_theta"": 0.7853981633974483, ""observable"": ""X"", ""projector_fidelity"": 1.0, ""target_theta"": 0.7853981633974483}, ""Alice_2"": {""angular_error"": 0.0, ""implemented_theta"": 0.0, ""observable"": ""Z"", ""projector_fidelity"": 1.0, ""target_theta"": 0.0}, ""Alice_3"": {""angular_error"": 0.0, ""implemented_theta"": 0.7853981633974483, ""observable"": ""X"", ""projector_fidelity"": 1.0, ""target_theta"": 0.7853981633974483}, ""Bob_0"": {""angular_error"": 0.39269908169872414, ""implemented_theta"": 0.0, ""observable"": ""Z"", ""projector_fidelity"": 0.8535533905932737, ""target_theta"": 0.39269908169872414}, ""Bob_1"": {""angular_error"": 0.39269908169872414, ""implemented_theta"": 0.0, ""observable"": ""Z"", ""projector_fidelity"": 0.8535533905932737, ""target_theta"": -0.39269908169872414}, ""Bob_2"": {""angular_error"": 0.39269908169872414, ""implemented_theta"": 0.0, ""observable"": ""Z"", ""projector_fidelity"": 0.8535533905932737, ""target_theta"": 0.39269908169872414}, ""Bob_3"": {""angular_error"": 0.39269908169872414, ""implemented_theta"": 0.0, ""observable"": ""Z"", ""projector_fidelity"": 0.8535533905932737, ""target_theta"": -0.39269908169872414}}, ""player_grid_count"": 2, ""synthetic_scaling_point"": false, ""systems_per_player"": 9, ""tableau_array_bytes_per_player"": 342, ""workload_seed_derivation"": ""SnaQ3-v2 master/n/repetition streams"", ""workload_sha256"": ""4e42021d3fc4a9bae3a6702dbdfff09e716a8f8ea852da5a80e8f73fa5fe0f2d""}"
qutrit_tableau_clifford,3,9,9,3,20260930,4,0.0009966939978767186,COMPLETED,,False,,2736,34359738368,21600.0,1.0.1,"{""bell_backend"": ""QuickQudits Tableau d=2; H CX and Clifford observables"", ""grid_backend"": ""QuickQudits Tableau d=3; X only"", ""movement_backend"": ""QuickQudits Tableau d=2; H and S only"", ""observable_mapping"": {""Alice_0"": {""angular_error"": 0.0, ""implemented_theta"": 0.0, ""observable"": ""Z"", ""projector_fidelity"": 1.0, ""target_theta"": 0.0}, ""Alice_1"": {""angular_error"": 0.0, ""implemented_theta"": 0.7853981633974483, ""observable"": ""X"", ""projector_fidelity"": 1.0, ""target_theta"": 0.7853981633974483}, ""Alice_2"": {""angular_error"": 0.0, ""implemented_theta"": 0.0, ""observable"": ""Z"", ""projector_fidelity"": 1.0, ""target_theta"": 0.0}, ""Alice_3"": {""angular_error"": 0.0, ""implemented_theta"": 0.7853981633974483, ""observable"": ""X"", ""projector_fidelity"": 1.0, ""target_theta"": 0.7853981633974483}, ""Bob_0"": {""angular_error"": 0.39269908169872414, ""implemented_theta"": 0.0, ""observable"": ""Z"", ""projector_fidelity"": 0.8535533905932737, ""target_theta"": 0.39269908169872414}, ""Bob_1"": {""angular_error"": 0.39269908169872414, ""implemented_theta"": 0.0, ""observable"": ""Z"", ""projector_fidelity"": 0.8535533905932737, ""target_theta"": -0.39269908169872414}, ""Bob_2"": {""angular_error"": 0.39269908169872414, ""implemented_theta"": 0.0, ""observable"": ""Z"", ""projector_fidelity"": 0.8535533905932737, ""target_theta"": 0.39269908169872414}, ""Bob_3"": {""angular_error"": 0.39269908169872414, ""implemented_theta"": 0.0, ""observable"": ""Z"", ""projector_fidelity"": 0.8535533905932737, ""target_theta"": -0.39269908169872414}}, ""player_grid_count"": 2, ""synthetic_scaling_point"": false, ""systems_per_player"": 9, ""tableau_array_bytes_per_player"": 342, ""workload_seed_derivation"": ""SnaQ3-v2 master/n/repetition streams"", ""workload_sha256"": ""ea66fadd9c132b11469b035fc79acbb5a7d2677717f48d0e6178b0c15b351308""}"
qutrit_tableau_clifford,3,9,9,4,20260930,4,0.0010100529980263673,COMPLETED,,False,,2736,34359738368,21600.0,1.0.1,"{""bell_backend"": ""QuickQudits Tableau d=2; H CX and Clifford observables"", ""grid_backend"": ""QuickQudits Tableau d=3; X only"", ""movement_backend"": ""QuickQudits Tableau d=2; H and S only"", ""observable_mapping"": {""Alice_0"": {""angular_error"": 0.0, ""implemented_theta"": 0.0, ""observable"": ""Z"", ""projector_fidelity"": 1.0, ""target_theta"": 0.0}, ""Alice_1"": {""angular_error"": 0.0, ""implemented_theta"": 0.7853981633974483, ""observable"": ""X"", ""projector_fidelity"": 1.0, ""target_theta"": 0.7853981633974483}, ""Alice_2"": {""angular_error"": 0.0, ""implemented_theta"": 0.0, ""observable"": ""Z"", ""projector_fidelity"": 1.0, ""target_theta"": 0.0}, ""Alice_3"": {""angular_error"": 0.0, ""implemented_theta"": 0.7853981633974483, ""observable"": ""X"", ""projector_fidelity"": 1.0, ""target_theta"": 0.7853981633974483}, ""Bob_0"": {""angular_error"": 0.39269908169872414, ""implemented_theta"": 0.0, ""observable"": ""Z"", ""projector_fidelity"": 0.8535533905932737, ""target_theta"": 0.39269908169872414}, ""Bob_1"": {""angular_error"": 0.39269908169872414, ""implemented_theta"": 0.0, ""observable"": ""Z"", ""projector_fidelity"": 0.8535533905932737, ""target_theta"": -0.39269908169872414}, ""Bob_2"": {""angular_error"": 0.39269908169872414, ""implemented_theta"": 0.0, ""observable"": ""Z"", ""projector_fidelity"": 0.8535533905932737, ""target_theta"": 0.39269908169872414}, ""Bob_3"": {""angular_error"": 0.39269908169872414, ""implemented_theta"": 0.0, ""observable"": ""Z"", ""projector_fidelity"": 0.8535533905932737, ""target_theta"": -0.39269908169872414}}, ""player_grid_count"": 2, ""synthetic_scaling_point"": false, ""systems_per_player"": 9, ""tableau_array_bytes_per_player"": 342, ""workload_seed_derivation"": ""SnaQ3-v2 master/n/repetition streams"", ""workload_sha256"": ""26c2089999b275c5ae66695f023a5410832609c4c1151c610a1536b1a37ae4fa""}"
qutrit_tableau_clifford,3,9,9,5,20260930,4,0.0010693260046537034,COMPLETED,,False,,2736,34359738368,21600.0,1.0.1,"{""bell_backend"": ""QuickQudits Tableau d=2; H CX and Clifford observables"", ""grid_backend"": ""QuickQudits Tableau d=3; X only"", ""movement_backend"": ""QuickQudits Tableau d=2; H and S only"", ""observable_mapping"": {""Alice_0"": {""angular_error"": 0.0, ""implemented_theta"": 0.0, ""observable"": ""Z"", ""projector_fidelity"": 1.0, ""target_theta"": 0.0}, ""Alice_1"": {""angular_error"": 0.0, ""implemented_theta"": 0.7853981633974483, ""observable"": ""X"", ""projector_fidelity"": 1.0, ""target_theta"": 0.7853981633974483}, ""Alice_2"": {""angular_error"": 0.0, ""implemented_theta"": 0.0, ""observable"": ""Z"", ""projector_fidelity"": 1.0, ""target_theta"": 0.0}, ""Alice_3"": {""angular_error"": 0.0, ""implemented_theta"": 0.7853981633974483, ""observable"": ""X"", ""projector_fidelity"": 1.0, ""target_theta"": 0.7853981633974483}, ""Bob_0"": {""angular_error"": 0.39269908169872414, ""implemented_theta"": 0.0, ""observable"": ""Z"", ""projector_fidelity"": 0.8535533905932737, ""target_theta"": 0.39269908169872414}, ""Bob_1"": {""angular_error"": 0.39269908169872414, ""implemented_theta"": 0.0, ""observable"": ""Z"", ""projector_fidelity"": 0.8535533905932737, ""target_theta"": -0.39269908169872414}, ""Bob_2"": {""angular_error"": 0.39269908169872414, ""implemented_theta"": 0.0, ""observable"": ""Z"", ""projector_fidelity"": 0.8535533905932737, ""target_theta"": 0.39269908169872414}, ""Bob_3"": {""angular_error"": 0.39269908169872414, ""implemented_theta"": 0.0, ""observable"": ""Z"", ""projector_fidelity"": 0.8535533905932737, ""target_theta"": -0.39269908169872414}}, ""player_grid_count"": 2, ""synthetic_scaling_point"": false, ""systems_per_player"": 9, ""tableau_array_bytes_per_player"": 342, ""workload_seed_derivation"": ""SnaQ3-v2 master/n/repetition streams"", ""workload_sha256"": ""cd0c13c4aa78667d7d75c6642049823c2317e58e6c6f15fa1a898209e60ac469""}"
qutrit_tableau_clifford,3,9,9,6,20260930,4,0.0010884439980145544,COMPLETED,,False,,2736,34359738368,21600.0,1.0.1,"{""bell_backend"": ""QuickQudits Tableau d=2; H CX and Clifford observables"", ""grid_backend"": ""QuickQudits Tableau d=3; X only"", ""movement_backend"": ""QuickQudits Tableau d=2; H and S only"", ""observable_mapping"": {""Alice_0"": {""angular_error"": 0.0, ""implemented_theta"": 0.0, ""observable"": ""Z"", ""projector_fidelity"": 1.0, ""target_theta"": 0.0}, ""Alice_1"": {""angular_error"": 0.0, ""implemented_theta"": 0.7853981633974483, ""observable"": ""X"", ""projector_fidelity"": 1.0, ""target_theta"": 0.7853981633974483}, ""Alice_2"": {""angular_error"": 0.0, ""implemented_theta"": 0.0, ""observable"": ""Z"", ""projector_fidelity"": 1.0, ""target_theta"": 0.0}, ""Alice_3"": {""angular_error"": 0.0, ""implemented_theta"": 0.7853981633974483, ""observable"": ""X"", ""projector_fidelity"": 1.0, ""target_theta"": 0.7853981633974483}, ""Bob_0"": {""angular_error"": 0.39269908169872414, ""implemented_theta"": 0.0, ""observable"": ""Z"", ""projector_fidelity"": 0.8535533905932737, ""target_theta"": 0.39269908169872414}, ""Bob_1"": {""angular_error"": 0.39269908169872414, ""implemented_theta"": 0.0, ""observable"": ""Z"", ""projector_fidelity"": 0.8535533905932737, ""target_theta"": -0.39269908169872414}, ""Bob_2"": {""angular_error"": 0.39269908169872414, ""implemented_theta"": 0.0, ""observable"": ""Z"", ""projector_fidelity"": 0.8535533905932737, ""target_theta"": 0.39269908169872414}, ""Bob_3"": {""angular_error"": 0.39269908169872414, ""implemented_theta"": 0.0, ""observable"": ""Z"", ""projector_fidelity"": 0.8535533905932737, ""target_theta"": -0.39269908169872414}}, ""player_grid_count"": 2, ""synthetic_scaling_point"": false, ""systems_per_player"": 9, ""tableau_array_bytes_per_player"": 342, ""workload_seed_derivation"": ""SnaQ3-v2 master/n/repetition streams"", ""workload_sha256"": ""5776a5aa267dae764c26a4eda5153699ff16c6145db6027f3f9a61a55e1e53f6""}"
qutrit_tableau_clifford,3,9,9,7,20260930,4,0.0011423130054026842,COMPLETED,,False,,2736,34359738368,21600.0,1.0.1,"{""bell_backend"": ""QuickQudits Tableau d=2; H CX and Clifford observables"", ""grid_backend"": ""QuickQudits Tableau d=3; X only"", ""movement_backend"": ""QuickQudits Tableau d=2; H and S only"", ""observable_mapping"": {""Alice_0"": {""angular_error"": 0.0, ""implemented_theta"": 0.0, ""observable"": ""Z"", ""projector_fidelity"": 1.0, ""target_theta"": 0.0}, ""Alice_1"": {""angular_error"": 0.0, ""implemented_theta"": 0.7853981633974483, ""observable"": ""X"", ""projector_fidelity"": 1.0, ""target_theta"": 0.7853981633974483}, ""Alice_2"": {""angular_error"": 0.0, ""implemented_theta"": 0.0, ""observable"": ""Z"", ""projector_fidelity"": 1.0, ""target_theta"": 0.0}, ""Alice_3"": {""angular_error"": 0.0, ""implemented_theta"": 0.7853981633974483, ""observable"": ""X"", ""projector_fidelity"": 1.0, ""target_theta"": 0.7853981633974483}, ""Bob_0"": {""angular_error"": 0.39269908169872414, ""implemented_theta"": 0.0, ""observable"": ""Z"", ""projector_fidelity"": 0.8535533905932737, ""target_theta"": 0.39269908169872414}, ""Bob_1"": {""angular_error"": 0.39269908169872414, ""implemented_theta"": 0.0, ""observable"": ""Z"", ""projector_fidelity"": 0.8535533905932737, ""target_theta"": -0.39269908169872414}, ""Bob_2"": {""angular_error"": 0.39269908169872414, ""implemented_theta"": 0.0, ""observable"": ""Z"", ""projector_fidelity"": 0.8535533905932737, ""target_theta"": 0.39269908169872414}, ""Bob_3"": {""angular_error"": 0.39269908169872414, ""implemented_theta"": 0.0, ""observable"": ""Z"", ""projector_fidelity"": 0.8535533905932737, ""target_theta"": -0.39269908169872414}}, ""player_grid_count"": 2, ""synthetic_scaling_point"": false, ""systems_per_player"": 9, ""tableau_array_bytes_per_player"": 342, ""workload_seed_derivation"": ""SnaQ3-v2 master/n/repetition streams"", ""workload_sha256"": ""71e21fb3769fa00f6c39e779d0de955c90889aeab8f3930cf3b350408f6050cc""}"
qutrit_tableau_clifford,3,9,9,8,20260930,4,0.001005947997327894,COMPLETED,,False,,2736,34359738368,21600.0,1.0.1,"{""bell_backend"": ""QuickQudits Tableau d=2; H CX and Clifford observables"", ""grid_backend"": ""QuickQudits Tableau d=3; X only"", ""movement_backend"": ""QuickQudits Tableau d=2; H and S only"", ""observable_mapping"": {""Alice_0"": {""angular_error"": 0.0, ""implemented_theta"": 0.0, ""observable"": ""Z"", ""projector_fidelity"": 1.0, ""target_theta"": 0.0}, ""Alice_1"": {""angular_error"": 0.0, ""implemented_theta"": 0.7853981633974483, ""observable"": ""X"", ""projector_fidelity"": 1.0, ""target_theta"": 0.7853981633974483}, ""Alice_2"": {""angular_error"": 0.0, ""implemented_theta"": 0.0, ""observable"": ""Z"", ""projector_fidelity"": 1.0, ""target_theta"": 0.0}, ""Alice_3"": {""angular_error"": 0.0, ""implemented_theta"": 0.7853981633974483, ""observable"": ""X"", ""projector_fidelity"": 1.0, ""target_theta"": 0.7853981633974483}, ""Bob_0"": {""angular_error"": 0.39269908169872414, ""implemented_theta"": 0.0, ""observable"": ""Z"", ""projector_fidelity"": 0.8535533905932737, ""target_theta"": 0.39269908169872414}, ""Bob_1"": {""angular_error"": 0.39269908169872414, ""implemented_theta"": 0.0, ""observable"": ""Z"", ""projector_fidelity"": 0.8535533905932737, ""target_theta"": -0.39269908169872414}, ""Bob_2"": {""angular_error"": 0.39269908169872414, ""implemented_theta"": 0.0, ""observable"": ""Z"", ""projector_fidelity"": 0.8535533905932737, ""target_theta"": 0.39269908169872414}, ""Bob_3"": {""angular_error"": 0.39269908169872414, ""implemented_theta"": 0.0, ""observable"": ""Z"", ""projector_fidelity"": 0.8535533905932737, ""target_theta"": -0.39269908169872414}}, ""player_grid_count"": 2, ""synthetic_scaling_point"": false, ""systems_per_player"": 9, ""tableau_array_bytes_per_player"": 342, ""workload_seed_derivation"": ""SnaQ3-v2 master/n/repetition streams"", ""workload_sha256"": ""e1a7ebefed220a1141782e0821b4616b2b37f6c92d373600e4026c83ed367e07""}"
qutrit_tableau_clifford,3,9,9,9,20260930,4,0.0010582489994703792,COMPLETED,,False,,2736,34359738368,21600.0,1.0.1,"{""bell_backend"": ""QuickQudits Tableau d=2; H CX and Clifford observables"", ""grid_backend"": ""QuickQudits Tableau d=3; X only"", ""movement_backend"": ""QuickQudits Tableau d=2; H and S only"", ""observable_mapping"": {""Alice_0"": {""angular_error"": 0.0, ""implemented_theta"": 0.0, ""observable"": ""Z"", ""projector_fidelity"": 1.0, ""target_theta"": 0.0}, ""Alice_1"": {""angular_error"": 0.0, ""implemented_theta"": 0.7853981633974483, ""observable"": ""X"", ""projector_fidelity"": 1.0, ""target_theta"": 0.7853981633974483}, ""Alice_2"": {""angular_error"": 0.0, ""implemented_theta"": 0.0, ""observable"": ""Z"", ""projector_fidelity"": 1.0, ""target_theta"": 0.0}, ""Alice_3"": {""angular_error"": 0.0, ""implemented_theta"": 0.7853981633974483, ""observable"": ""X"", ""projector_fidelity"": 1.0, ""target_theta"": 0.7853981633974483}, ""Bob_0"": {""angular_error"": 0.39269908169872414, ""implemented_theta"": 0.0, ""observable"": ""Z"", ""projector_fidelity"": 0.8535533905932737, ""target_theta"": 0.39269908169872414}, ""Bob_1"": {""angular_error"": 0.39269908169872414, ""implemented_theta"": 0.0, ""observable"": ""Z"", ""projector_fidelity"": 0.8535533905932737, ""target_theta"": -0.39269908169872414}, ""Bob_2"": {""angular_error"": 0.39269908169872414, ""implemented_theta"": 0.0, ""observable"": ""Z"", ""projector_fidelity"": 0.8535533905932737, ""target_theta"": 0.39269908169872414}, ""Bob_3"": {""angular_error"": 0.39269908169872414, ""implemented_theta"": 0.0, ""observable"": ""Z"", ""projector_fidelity"": 0.8535533905932737, ""target_theta"": -0.39269908169872414}}, ""player_grid_count"": 2, ""synthetic_scaling_point"": false, ""systems_per_player"": 9, ""tableau_array_bytes_per_player"": 342, ""workload_seed_derivation"": ""SnaQ3-v2 master/n/repetition streams"", ""workload_sha256"": ""56a2a3ae773e3c1d72baf562168f51d6f2a8328589d8ac79522f8bc47c1aa232""}"
qutrit_tableau_clifford,3,9,9,10,20260930,4,0.000936201999138575,COMPLETED,,False,,2736,34359738368,21600.0,1.0.1,"{""bell_backend"": ""QuickQudits Tableau d=2; H CX and Clifford observables"", ""grid_backend"": ""QuickQudits Tableau d=3; X only"", ""movement_backend"": ""QuickQudits Tableau d=2; H and S only"", ""observable_mapping"": {""Alice_0"": {""angular_error"": 0.0, ""implemented_theta"": 0.0, ""observable"": ""Z"", ""projector_fidelity"": 1.0, ""target_theta"": 0.0}, ""Alice_1"": {""angular_error"": 0.0, ""implemented_theta"": 0.7853981633974483, ""observable"": ""X"", ""projector_fidelity"": 1.0, ""target_theta"": 0.7853981633974483}, ""Alice_2"": {""angular_error"": 0.0, ""implemented_theta"": 0.0, ""observable"": ""Z"", ""projector_fidelity"": 1.0, ""target_theta"": 0.0}, ""Alice_3"": {""angular_error"": 0.0, ""implemented_theta"": 0.7853981633974483, ""observable"": ""X"", ""projector_fidelity"": 1.0, ""target_theta"": 0.7853981633974483}, ""Bob_0"": {""angular_error"": 0.39269908169872414, ""implemented_theta"": 0.0, ""observable"": ""Z"", ""projector_fidelity"": 0.8535533905932737, ""target_theta"": 0.39269908169872414}, ""Bob_1"": {""angular_error"": 0.39269908169872414, ""implemented_theta"": 0.0, ""observable"": ""Z"", ""projector_fidelity"": 0.8535533905932737, ""target_theta"": -0.39269908169872414}, ""Bob_2"": {""angular_error"": 0.39269908169872414, ""implemented_theta"": 0.0, ""observable"": ""Z"", ""projector_fidelity"": 0.8535533905932737, ""target_theta"": 0.39269908169872414}, ""Bob_3"": {""angular_error"": 0.39269908169872414, ""implemented_theta"": 0.0, ""observable"": ""Z"", ""projector_fidelity"": 0.8535533905932737, ""target_theta"": -0.39269908169872414}}, ""player_grid_count"": 2, ""synthetic_scaling_point"": false, ""systems_per_player"": 9, ""tableau_array_bytes_per_player"": 342, ""workload_seed_derivation"": ""SnaQ3-v2 master/n/repetition streams"", ""workload_sha256"": ""769b3346413e1e2e8caf217b4d272b99256838626ad3717fc7250fe010c272ed""}"
qutrit_tableau_clifford,3,9,9,11,20260930,4,0.001131616001657676,COMPLETED,,False,,2736,34359738368,21600.0,1.0.1,"{""bell_backend"": ""QuickQudits Tableau d=2; H CX and Clifford observables"", ""grid_backend"": ""QuickQudits Tableau d=3; X only"", ""movement_backend"": ""QuickQudits Tableau d=2; H and S only"", ""observable_mapping"": {""Alice_0"": {""angular_error"": 0.0, ""implemented_theta"": 0.0, ""observable"": ""Z"", ""projector_fidelity"": 1.0, ""target_theta"": 0.0}, ""Alice_1"": {""angular_error"": 0.0, ""implemented_theta"": 0.7853981633974483, ""observable"": ""X"", ""projector_fidelity"": 1.0, ""target_theta"": 0.7853981633974483}, ""Alice_2"": {""angular_error"": 0.0, ""implemented_theta"": 0.0, ""observable"": ""Z"", ""projector_fidelity"": 1.0, ""target_theta"": 0.0}, ""Alice_3"": {""angular_error"": 0.0, ""implemented_theta"": 0.7853981633974483, ""observable"": ""X"", ""projector_fidelity"": 1.0, ""target_theta"": 0.7853981633974483}, ""Bob_0"": {""angular_error"": 0.39269908169872414, ""implemented_theta"": 0.0, ""observable"": ""Z"", ""projector_fidelity"": 0.8535533905932737, ""target_theta"": 0.39269908169872414}, ""Bob_1"": {""angular_error"": 0.39269908169872414, ""implemented_theta"": 0.0, ""observable"": ""Z"", ""projector_fidelity"": 0.8535533905932737, ""target_theta"": -0.39269908169872414}, ""Bob_2"": {""angular_error"": 0.39269908169872414, ""implemented_theta"": 0.0, ""observable"": ""Z"", ""projector_fidelity"": 0.8535533905932737, ""target_theta"": 0.39269908169872414}, ""Bob_3"": {""angular_error"": 0.39269908169872414, ""implemented_theta"": 0.0, ""observable"": ""Z"", ""projector_fidelity"": 0.8535533905932737, ""target_theta"": -0.39269908169872414}}, ""player_grid_count"": 2, ""synthetic_scaling_point"": false, ""systems_per_player"": 9, ""tableau_array_bytes_per_player"": 342, ""workload_seed_derivation"": ""SnaQ3-v2 master/n/repetition streams"", ""workload_sha256"": ""6aaf03fb1cca7b53635dc785b88149d167479617a84c27a7bb3e9591ee511fbc""}"
qutrit_tableau_clifford,3,9,9,12,20260930,4,0.0009923159959726036,COMPLETED,,False,,2736,34359738368,21600.0,1.0.1,"{""bell_backend"": ""QuickQudits Tableau d=2; H CX and Clifford observables"", ""grid_backend"": ""QuickQudits Tableau d=3; X only"", ""movement_backend"": ""QuickQudits Tableau d=2; H and S only"", ""observable_mapping"": {""Alice_0"": {""angular_error"": 0.0, ""implemented_theta"": 0.0, ""observable"": ""Z"", ""projector_fidelity"": 1.0, ""target_theta"": 0.0}, ""Alice_1"": {""angular_error"": 0.0, ""implemented_theta"": 0.7853981633974483, ""observable"": ""X"", ""projector_fidelity"": 1.0, ""target_theta"": 0.7853981633974483}, ""Alice_2"": {""angular_error"": 0.0, ""implemented_theta"": 0.0, ""observable"": ""Z"", ""projector_fidelity"": 1.0, ""target_theta"": 0.0}, ""Alice_3"": {""angular_error"": 0.0, ""implemented_theta"": 0.7853981633974483, ""observable"": ""X"", ""projector_fidelity"": 1.0, ""target_theta"": 0.7853981633974483}, ""Bob_0"": {""angular_error"": 0.39269908169872414, ""implemented_theta"": 0.0, ""observable"": ""Z"", ""projector_fidelity"": 0.8535533905932737, ""target_theta"": 0.39269908169872414}, ""Bob_1"": {""angular_error"": 0.39269908169872414, ""implemented_theta"": 0.0, ""observable"": ""Z"", ""projector_fidelity"": 0.8535533905932737, ""target_theta"": -0.39269908169872414}, ""Bob_2"": {""angular_error"": 0.39269908169872414, ""implemented_theta"": 0.0, ""observable"": ""Z"", ""projector_fidelity"": 0.8535533905932737, ""target_theta"": 0.39269908169872414}, ""Bob_3"": {""angular_error"": 0.39269908169872414, ""implemented_theta"": 0.0, ""observable"": ""Z"", ""projector_fidelity"": 0.8535533905932737, ""target_theta"": -0.39269908169872414}}, ""player_grid_count"": 2, ""synthetic_scaling_point"": false, ""systems_per_player"": 9, ""tableau_array_bytes_per_player"": 342, ""workload_seed_derivation"": ""SnaQ3-v2 master/n/repetition streams"", ""workload_sha256"": ""fdc4d69bb8a4665855871b7be8fdc300d04d975ad4659921221372e0067754d1""}"
qutrit_tableau_clifford,3,9,9,13,20260930,4,0.0009648400009609759,COMPLETED,,False,,2736,34359738368,21600.0,1.0.1,"{""bell_backend"": ""QuickQudits Tableau d=2; H CX and Clifford observables"", ""grid_backend"": ""QuickQudits Tableau d=3; X only"", ""movement_backend"": ""QuickQudits Tableau d=2; H and S only"", ""observable_mapping"": {""Alice_0"": {""angular_error"": 0.0, ""implemented_theta"": 0.0, ""observable"": ""Z"", ""projector_fidelity"": 1.0, ""target_theta"": 0.0}, ""Alice_1"": {""angular_error"": 0.0, ""implemented_theta"": 0.7853981633974483, ""observable"": ""X"", ""projector_fidelity"": 1.0, ""target_theta"": 0.7853981633974483}, ""Alice_2"": {""angular_error"": 0.0, ""implemented_theta"": 0.0, ""observable"": ""Z"", ""projector_fidelity"": 1.0, ""target_theta"": 0.0}, ""Alice_3"": {""angular_error"": 0.0, ""implemented_theta"": 0.7853981633974483, ""observable"": ""X"", ""projector_fidelity"": 1.0, ""target_theta"": 0.7853981633974483}, ""Bob_0"": {""angular_error"": 0.39269908169872414, ""implemented_theta"": 0.0, ""observable"": ""Z"", ""projector_fidelity"": 0.8535533905932737, ""target_theta"": 0.39269908169872414}, ""Bob_1"": {""angular_error"": 0.39269908169872414, ""implemented_theta"": 0.0, ""observable"": ""Z"", ""projector_fidelity"": 0.8535533905932737, ""target_theta"": -0.39269908169872414}, ""Bob_2"": {""angular_error"": 0.39269908169872414, ""implemented_theta"": 0.0, ""observable"": ""Z"", ""projector_fidelity"": 0.8535533905932737, ""target_theta"": 0.39269908169872414}, ""Bob_3"": {""angular_error"": 0.39269908169872414, ""implemented_theta"": 0.0, ""observable"": ""Z"", ""projector_fidelity"": 0.8535533905932737, ""target_theta"": -0.39269908169872414}}, ""player_grid_count"": 2, ""synthetic_scaling_point"": false, ""systems_per_player"": 9, ""tableau_array_bytes_per_player"": 342, ""workload_seed_derivation"": ""SnaQ3-v2 master/n/repetition streams"", ""workload_sha256"": ""514d7b689676f45c8911b1f9e0b236ed7d5ae312d74147e2e4500c0742aab504""}"
qutrit_tableau_clifford,3,9,9,14,20260930,4,0.0010275340027874336,COMPLETED,,False,,2736,34359738368,21600.0,1.0.1,"{""bell_backend"": ""QuickQudits Tableau d=2; H CX and Clifford observables"", ""grid_backend"": ""QuickQudits Tableau d=3; X only"", ""movement_backend"": ""QuickQudits Tableau d=2; H and S only"", ""observable_mapping"": {""Alice_0"": {""angular_error"": 0.0, ""implemented_theta"": 0.0, ""observable"": ""Z"", ""projector_fidelity"": 1.0, ""target_theta"": 0.0}, ""Alice_1"": {""angular_error"": 0.0, ""implemented_theta"": 0.7853981633974483, ""observable"": ""X"", ""projector_fidelity"": 1.0, ""target_theta"": 0.7853981633974483}, ""Alice_2"": {""angular_error"": 0.0, ""implemented_theta"": 0.0, ""observable"": ""Z"", ""projector_fidelity"": 1.0, ""target_theta"": 0.0}, ""Alice_3"": {""angular_error"": 0.0, ""implemented_theta"": 0.7853981633974483, ""observable"": ""X"", ""projector_fidelity"": 1.0, ""target_theta"": 0.7853981633974483}, ""Bob_0"": {""angular_error"": 0.39269908169872414, ""implemented_theta"": 0.0, ""observable"": ""Z"", ""projector_fidelity"": 0.8535533905932737, ""target_theta"": 0.39269908169872414}, ""Bob_1"": {""angular_error"": 0.39269908169872414, ""implemented_theta"": 0.0, ""observable"": ""Z"", ""projector_fidelity"": 0.8535533905932737, ""target_theta"": -0.39269908169872414}, ""Bob_2"": {""angular_error"": 0.39269908169872414, ""implemented_theta"": 0.0, ""observable"": ""Z"", ""projector_fidelity"": 0.8535533905932737, ""target_theta"": 0.39269908169872414}, ""Bob_3"": {""angular_error"": 0.39269908169872414, ""implemented_theta"": 0.0, ""observable"": ""Z"", ""projector_fidelity"": 0.8535533905932737, ""target_theta"": -0.39269908169872414}}, ""player_grid_count"": 2, ""synthetic_scaling_point"": false, ""systems_per_player"": 9, ""tableau_array_bytes_per_player"": 342, ""workload_seed_derivation"": ""SnaQ3-v2 master/n/repetition streams"", ""workload_sha256"": ""9ae13407da0ac0fea7d6d8d18c14f2410e0385bd78efc5c474f57fa3209868ca""}"
qutrit_tableau_clifford,3,9,9,15,20260930,4,0.0011159920031786896,COMPLETED,,False,,2736,34359738368,21600.0,1.0.1,"{""bell_backend"": ""QuickQudits Tableau d=2; H CX and Clifford observables"", ""grid_backend"": ""QuickQudits Tableau d=3; X only"", ""movement_backend"": ""QuickQudits Tableau d=2; H and S only"", ""observable_mapping"": {""Alice_0"": {""angular_error"": 0.0, ""implemented_theta"": 0.0, ""observable"": ""Z"", ""projector_fidelity"": 1.0, ""target_theta"": 0.0}, ""Alice_1"": {""angular_error"": 0.0, ""implemented_theta"": 0.7853981633974483, ""observable"": ""X"", ""projector_fidelity"": 1.0, ""target_theta"": 0.7853981633974483}, ""Alice_2"": {""angular_error"": 0.0, ""implemented_theta"": 0.0, ""observable"": ""Z"", ""projector_fidelity"": 1.0, ""target_theta"": 0.0}, ""Alice_3"": {""angular_error"": 0.0, ""implemented_theta"": 0.7853981633974483, ""observable"": ""X"", ""projector_fidelity"": 1.0, ""target_theta"": 0.7853981633974483}, ""Bob_0"": {""angular_error"": 0.39269908169872414, ""implemented_theta"": 0.0, ""observable"": ""Z"", ""projector_fidelity"": 0.8535533905932737, ""target_theta"": 0.39269908169872414}, ""Bob_1"": {""angular_error"": 0.39269908169872414, ""implemented_theta"": 0.0, ""observable"": ""Z"", ""projector_fidelity"": 0.8535533905932737, ""target_theta"": -0.39269908169872414}, ""Bob_2"": {""angular_error"": 0.39269908169872414, ""implemented_theta"": 0.0, ""observable"": ""Z"", ""projector_fidelity"": 0.8535533905932737, ""target_theta"": 0.39269908169872414}, ""Bob_3"": {""angular_error"": 0.39269908169872414, ""implemented_theta"": 0.0, ""observable"": ""Z"", ""projector_fidelity"": 0.8535533905932737, ""target_theta"": -0.39269908169872414}}, ""player_grid_count"": 2, ""synthetic_scaling_point"": false, ""systems_per_player"": 9, ""tableau_array_bytes_per_player"": 342, ""workload_seed_derivation"": ""SnaQ3-v2 master/n/repetition streams"", ""workload_sha256"": ""e0b1b228c057455debd0cdbe92b4d9b24fcf24f52cdae8b2041c923ea85a85d0""}"
qutrit_tableau_clifford,3,9,9,16,20260930,4,0.0010509580024518073,COMPLETED,,False,,2736,34359738368,21600.0,1.0.1,"{""bell_backend"": ""QuickQudits Tableau d=2; H CX and Clifford observables"", ""grid_backend"": ""QuickQudits Tableau d=3; X only"", ""movement_backend"": ""QuickQudits Tableau d=2; H and S only"", ""observable_mapping"": {""Alice_0"": {""angular_error"": 0.0, ""implemented_theta"": 0.0, ""observable"": ""Z"", ""projector_fidelity"": 1.0, ""target_theta"": 0.0}, ""Alice_1"": {""angular_error"": 0.0, ""implemented_theta"": 0.7853981633974483, ""observable"": ""X"", ""projector_fidelity"": 1.0, ""target_theta"": 0.7853981633974483}, ""Alice_2"": {""angular_error"": 0.0, ""implemented_theta"": 0.0, ""observable"": ""Z"", ""projector_fidelity"": 1.0, ""target_theta"": 0.0}, ""Alice_3"": {""angular_error"": 0.0, ""implemented_theta"": 0.7853981633974483, ""observable"": ""X"", ""projector_fidelity"": 1.0, ""target_theta"": 0.7853981633974483}, ""Bob_0"": {""angular_error"": 0.39269908169872414, ""implemented_theta"": 0.0, ""observable"": ""Z"", ""projector_fidelity"": 0.8535533905932737, ""target_theta"": 0.39269908169872414}, ""Bob_1"": {""angular_error"": 0.39269908169872414, ""implemented_theta"": 0.0, ""observable"": ""Z"", ""projector_fidelity"": 0.8535533905932737, ""target_theta"": -0.39269908169872414}, ""Bob_2"": {""angular_error"": 0.39269908169872414, ""implemented_theta"": 0.0, ""observable"": ""Z"", ""projector_fidelity"": 0.8535533905932737, ""target_theta"": 0.39269908169872414}, ""Bob_3"": {""angular_error"": 0.39269908169872414, ""implemented_theta"": 0.0, ""observable"": ""Z"", ""projector_fidelity"": 0.8535533905932737, ""target_theta"": -0.39269908169872414}}, ""player_grid_count"": 2, ""synthetic_scaling_point"": false, ""systems_per_player"": 9, ""tableau_array_bytes_per_player"": 342, ""workload_seed_derivation"": ""SnaQ3-v2 master/n/repetition streams"", ""workload_sha256"": ""a818a8ec65d7cfdc6526a66238f2bdab30784c77791633f059eba2a00d12c77f""}"
qutrit_tableau_clifford,3,9,9,17,20260930,4,0.0009373580032843165,COMPLETED,,False,,2736,34359738368,21600.0,1.0.1,"{""bell_backend"": ""QuickQudits Tableau d=2; H CX and Clifford observables"", ""grid_backend"": ""QuickQudits Tableau d=3; X only"", ""movement_backend"": ""QuickQudits Tableau d=2; H and S only"", ""observable_mapping"": {""Alice_0"": {""angular_error"": 0.0, ""implemented_theta"": 0.0, ""observable"": ""Z"", ""projector_fidelity"": 1.0, ""target_theta"": 0.0}, ""Alice_1"": {""angular_error"": 0.0, ""implemented_theta"": 0.7853981633974483, ""observable"": ""X"", ""projector_fidelity"": 1.0, ""target_theta"": 0.7853981633974483}, ""Alice_2"": {""angular_error"": 0.0, ""implemented_theta"": 0.0, ""observable"": ""Z"", ""projector_fidelity"": 1.0, ""target_theta"": 0.0}, ""Alice_3"": {""angular_error"": 0.0, ""implemented_theta"": 0.7853981633974483, ""observable"": ""X"", ""projector_fidelity"": 1.0, ""target_theta"": 0.7853981633974483}, ""Bob_0"": {""angular_error"": 0.39269908169872414, ""implemented_theta"": 0.0, ""observable"": ""Z"", ""projector_fidelity"": 0.8535533905932737, ""target_theta"": 0.39269908169872414}, ""Bob_1"": {""angular_error"": 0.39269908169872414, ""implemented_theta"": 0.0, ""observable"": ""Z"", ""projector_fidelity"": 0.8535533905932737, ""target_theta"": -0.39269908169872414}, ""Bob_2"": {""angular_error"": 0.39269908169872414, ""implemented_theta"": 0.0, ""observable"": ""Z"", ""projector_fidelity"": 0.8535533905932737, ""target_theta"": 0.39269908169872414}, ""Bob_3"": {""angular_error"": 0.39269908169872414, ""implemented_theta"": 0.0, ""observable"": ""Z"", ""projector_fidelity"": 0.8535533905932737, ""target_theta"": -0.39269908169872414}}, ""player_grid_count"": 2, ""synthetic_scaling_point"": false, ""systems_per_player"": 9, ""tableau_array_bytes_per_player"": 342, ""workload_seed_derivation"": ""SnaQ3-v2 master/n/repetition streams"", ""workload_sha256"": ""59db729fe462a2998b8d8691b68af91f29cd49341b7288fedefcc2f2671a490c""}"
qutrit_tableau_clifford,3,9,9,18,20260930,4,0.0009427459954167716,COMPLETED,,False,,2736,34359738368,21600.0,1.0.1,"{""bell_backend"": ""QuickQudits Tableau d=2; H CX and Clifford observables"", ""grid_backend"": ""QuickQudits Tableau d=3; X only"", ""movement_backend"": ""QuickQudits Tableau d=2; H and S only"", ""observable_mapping"": {""Alice_0"": {""angular_error"": 0.0, ""implemented_theta"": 0.0, ""observable"": ""Z"", ""projector_fidelity"": 1.0, ""target_theta"": 0.0}, ""Alice_1"": {""angular_error"": 0.0, ""implemented_theta"": 0.7853981633974483, ""observable"": ""X"", ""projector_fidelity"": 1.0, ""target_theta"": 0.7853981633974483}, ""Alice_2"": {""angular_error"": 0.0, ""implemented_theta"": 0.0, ""observable"": ""Z"", ""projector_fidelity"": 1.0, ""target_theta"": 0.0}, ""Alice_3"": {""angular_error"": 0.0, ""implemented_theta"": 0.7853981633974483, ""observable"": ""X"", ""projector_fidelity"": 1.0, ""target_theta"": 0.7853981633974483}, ""Bob_0"": {""angular_error"": 0.39269908169872414, ""implemented_theta"": 0.0, ""observable"": ""Z"", ""projector_fidelity"": 0.8535533905932737, ""target_theta"": 0.39269908169872414}, ""Bob_1"": {""angular_error"": 0.39269908169872414, ""implemented_theta"": 0.0, ""observable"": ""Z"", ""projector_fidelity"": 0.8535533905932737, ""target_theta"": -0.39269908169872414}, ""Bob_2"": {""angular_error"": 0.39269908169872414, ""implemented_theta"": 0.0, ""observable"": ""Z"", ""projector_fidelity"": 0.8535533905932737, ""target_theta"": 0.39269908169872414}, ""Bob_3"": {""angular_error"": 0.39269908169872414, ""implemented_theta"": 0.0, ""observable"": ""Z"", ""projector_fidelity"": 0.8535533905932737, ""target_theta"": -0.39269908169872414}}, ""player_grid_count"": 2, ""synthetic_scaling_point"": false, ""systems_per_player"": 9, ""tableau_array_bytes_per_player"": 342, ""workload_seed_derivation"": ""SnaQ3-v2 master/n/repetition streams"", ""workload_sha256"": ""a4bc2e47e808bcf9028a95fd0012e841bbe10e35b9a6969a9ab5492fe4e504d9""}"
qutrit_tableau_clifford,3,9,9,19,20260930,4,0.0010821680043591186,COMPLETED,,False,,2736,34359738368,21600.0,1.0.1,"{""bell_backend"": ""QuickQudits Tableau d=2; H CX and Clifford observables"", ""grid_backend"": ""QuickQudits Tableau d=3; X only"", ""movement_backend"": ""QuickQudits Tableau d=2; H and S only"", ""observable_mapping"": {""Alice_0"": {""angular_error"": 0.0, ""implemented_theta"": 0.0, ""observable"": ""Z"", ""projector_fidelity"": 1.0, ""target_theta"": 0.0}, ""Alice_1"": {""angular_error"": 0.0, ""implemented_theta"": 0.7853981633974483, ""observable"": ""X"", ""projector_fidelity"": 1.0, ""target_theta"": 0.7853981633974483}, ""Alice_2"": {""angular_error"": 0.0, ""implemented_theta"": 0.0, ""observable"": ""Z"", ""projector_fidelity"": 1.0, ""target_theta"": 0.0}, ""Alice_3"": {""angular_error"": 0.0, ""implemented_theta"": 0.7853981633974483, ""observable"": ""X"", ""projector_fidelity"": 1.0, ""target_theta"": 0.7853981633974483}, ""Bob_0"": {""angular_error"": 0.39269908169872414, ""implemented_theta"": 0.0, ""observable"": ""Z"", ""projector_fidelity"": 0.8535533905932737, ""target_theta"": 0.39269908169872414}, ""Bob_1"": {""angular_error"": 0.39269908169872414, ""implemented_theta"": 0.0, ""observable"": ""Z"", ""projector_fidelity"": 0.8535533905932737, ""target_theta"": -0.39269908169872414}, ""Bob_2"": {""angular_error"": 0.39269908169872414, ""implemented_theta"": 0.0, ""observable"": ""Z"", ""projector_fidelity"": 0.8535533905932737, ""target_theta"": 0.39269908169872414}, ""Bob_3"": {""angular_error"": 0.39269908169872414, ""implemented_theta"": 0.0, ""observable"": ""Z"", ""projector_fidelity"": 0.8535533905932737, ""target_theta"": -0.39269908169872414}}, ""player_grid_count"": 2, ""synthetic_scaling_point"": false, ""systems_per_player"": 9, ""tableau_array_bytes_per_player"": 342, ""workload_seed_derivation"": ""SnaQ3-v2 master/n/repetition streams"", ""workload_sha256"": ""08bce3bc757a67f1b0c08c6cf7d1c615581217bef01d0b8c93aabfb36c089aee""}"
qubit_transpiled,3,9,18,0,20260930,4,0.18331225499423454,COMPLETED,,False,4194304,16777216,34359738368,21600.0,1.0.1,"{""bell_backend"": ""QuickQudits QuantumCircuit d=2, same exact Bell sequence"", ""encoding"": {""0"": ""00"", ""1"": ""01"", ""2"": ""10"", ""invalid"": ""11""}, ""grid_backend"": ""two full QuickQudits QuantumCircuit d=2 statevectors, 2m qubits each"", ""memory_guard"": ""four dense vectors within configured ceiling and half available memory"", ""player_grid_count"": 2, ""synthetic_scaling_point"": false, ""systems_per_player"": 18, ""tableau_array_bytes_per_player"": null, ""transpiled_gates"": ""qutrit X -> X(q0), CX(q0,q1), CX(q1,q0); invalid 11 fixed"", ""workload_seed_derivation"": ""SnaQ3-v2 master/n/repetition streams"", ""workload_sha256"": ""214974bf1e03759564e210a58dc405c372563fc388cc6a2649980d5cba9e6b47""}"
qubit_transpiled,3,9,18,1,20260930,4,0.21246252000128152,COMPLETED,,False,4194304,16777216,34359738368,21600.0,1.0.1,"{""bell_backend"": ""QuickQudits QuantumCircuit d=2, same exact Bell sequence"", ""encoding"": {""0"": ""00"", ""1"": ""01"", ""2"": ""10"", ""invalid"": ""11""}, ""grid_backend"": ""two full QuickQudits QuantumCircuit d=2 statevectors, 2m qubits each"", ""memory_guard"": ""four dense vectors within configured ceiling and half available memory"", ""player_grid_count"": 2, ""synthetic_scaling_point"": false, ""systems_per_player"": 18, ""tableau_array_bytes_per_player"": null, ""transpiled_gates"": ""qutrit X -> X(q0), CX(q0,q1), CX(q1,q0); invalid 11 fixed"", ""workload_seed_derivation"": ""SnaQ3-v2 master/n/repetition streams"", ""workload_sha256"": ""c205adf1a9a9b406dc30576d1e6ab645f6d5c8a8170f08407acaae4a65bf9e2a""}"
qubit_transpiled,3,9,18,2,20260930,4,0.16039659299713094,COMPLETED,,False,4194304,16777216,34359738368,21600.0,1.0.1,"{""bell_backend"": ""QuickQudits QuantumCircuit d=2, same exact Bell sequence"", ""encoding"": {""0"": ""00"", ""1"": ""01"", ""2"": ""10"", ""invalid"": ""11""}, ""grid_backend"": ""two full QuickQudits QuantumCircuit d=2 statevectors, 2m qubits each"", ""memory_guard"": ""four dense vectors within configured ceiling and half available memory"", ""player_grid_count"": 2, ""synthetic_scaling_point"": false, ""systems_per_player"": 18, ""tableau_array_bytes_per_player"": null, ""transpiled_gates"": ""qutrit X -> X(q0), CX(q0,q1), CX(q1,q0); invalid 11 fixed"", ""workload_seed_derivation"": ""SnaQ3-v2 master/n/repetition streams"", ""workload_sha256"": ""4e42021d3fc4a9bae3a6702dbdfff09e716a8f8ea852da5a80e8f73fa5fe0f2d""}"
qubit_transpiled,3,9,18,3,20260930,4,0.20896978699602187,COMPLETED,,False,4194304,16777216,34359738368,21600.0,1.0.1,"{""bell_backend"": ""QuickQudits QuantumCircuit d=2, same exact Bell sequence"", ""encoding"": {""0"": ""00"", ""1"": ""01"", ""2"": ""10"", ""invalid"": ""11""}, ""grid_backend"": ""two full QuickQudits QuantumCircuit d=2 statevectors, 2m qubits each"", ""memory_guard"": ""four dense vectors within configured ceiling and half available memory"", ""player_grid_count"": 2, ""synthetic_scaling_point"": false, ""systems_per_player"": 18, ""tableau_array_bytes_per_player"": null, ""transpiled_gates"": ""qutrit X -> X(q0), CX(q0,q1), CX(q1,q0); invalid 11 fixed"", ""workload_seed_derivation"": ""SnaQ3-v2 master/n/repetition streams"", ""workload_sha256"": ""ea66fadd9c132b11469b035fc79acbb5a7d2677717f48d0e6178b0c15b351308""}"
qubit_transpiled,3,9,18,4,20260930,4,0.21641119400010211,COMPLETED,,False,4194304,16777216,34359738368,21600.0,1.0.1,"{""bell_backend"": ""QuickQudits QuantumCircuit d=2, same exact Bell sequence"", ""encoding"": {""0"": ""00"", ""1"": ""01"", ""2"": ""10"", ""invalid"": ""11""}, ""grid_backend"": ""two full QuickQudits QuantumCircuit d=2 statevectors, 2m qubits each"", ""memory_guard"": ""four dense vectors within configured ceiling and half available memory"", ""player_grid_count"": 2, ""synthetic_scaling_point"": false, ""systems_per_player"": 18, ""tableau_array_bytes_per_player"": null, ""transpiled_gates"": ""qutrit X -> X(q0), CX(q0,q1), CX(q1,q0); invalid 11 fixed"", ""workload_seed_derivation"": ""SnaQ3-v2 master/n/repetition streams"", ""workload_sha256"": ""26c2089999b275c5ae66695f023a5410832609c4c1151c610a1536b1a37ae4fa""}"
qubit_tableau_transpiled,3,9,18,0,20260930,4,0.0012173830036772415,COMPLETED,,False,,10656,34359738368,21600.0,1.0.1,"{""bell_backend"": ""QuickQudits Tableau d=2; same Clifford Bell observables as qutrit_tableau_clifford"", ""dense_statevector"": false, ""encoding"": {""0"": ""00"", ""1"": ""01"", ""2"": ""10"", ""invalid"": ""11""}, ""grid_backend"": ""two full QuickQudits Tableau d=2 registers, 2m qubits each"", ""movement_backend"": ""QuickQudits Tableau d=2; H and S only"", ""observable_mapping"": {""Alice_0"": {""angular_error"": 0.0, ""implemented_theta"": 0.0, ""observable"": ""Z"", ""projector_fidelity"": 1.0, ""target_theta"": 0.0}, ""Alice_1"": {""angular_error"": 0.0, ""implemented_theta"": 0.7853981633974483, ""observable"": ""X"", ""projector_fidelity"": 1.0, ""target_theta"": 0.7853981633974483}, ""Alice_2"": {""angular_error"": 0.0, ""implemented_theta"": 0.0, ""observable"": ""Z"", ""projector_fidelity"": 1.0, ""target_theta"": 0.0}, ""Alice_3"": {""angular_error"": 0.0, ""implemented_theta"": 0.7853981633974483, ""observable"": ""X"", ""projector_fidelity"": 1.0, ""target_theta"": 0.7853981633974483}, ""Bob_0"": {""angular_error"": 0.39269908169872414, ""implemented_theta"": 0.0, ""observable"": ""Z"", ""projector_fidelity"": 0.8535533905932737, ""target_theta"": 0.39269908169872414}, ""Bob_1"": {""angular_error"": 0.39269908169872414, ""implemented_theta"": 0.0, ""observable"": ""Z"", ""projector_fidelity"": 0.8535533905932737, ""target_theta"": -0.39269908169872414}, ""Bob_2"": {""angular_error"": 0.39269908169872414, ""implemented_theta"": 0.0, ""observable"": ""Z"", ""projector_fidelity"": 0.8535533905932737, ""target_theta"": 0.39269908169872414}, ""Bob_3"": {""angular_error"": 0.39269908169872414, ""implemented_theta"": 0.0, ""observable"": ""Z"", ""projector_fidelity"": 0.8535533905932737, ""target_theta"": -0.39269908169872414}}, ""player_grid_count"": 2, ""qubits_per_player_grid"": 18, ""synthetic_scaling_point"": false, ""systems_per_player"": 18, ""tableau_array_bytes_per_player"": 1332, ""transpiled_gates"": ""qutrit X -> X(q0), CX(q0,q1), CX(q1,q0); invalid 11 fixed"", ""workload_seed_derivation"": ""SnaQ3-v2 master/n/repetition streams"", ""workload_sha256"": ""214974bf1e03759564e210a58dc405c372563fc388cc6a2649980d5cba9e6b47""}"
qubit_tableau_transpiled,3,9,18,1,20260930,4,0.0013569060029112734,COMPLETED,,False,,10656,34359738368,21600.0,1.0.1,"{""bell_backend"": ""QuickQudits Tableau d=2; same Clifford Bell observables as qutrit_tableau_clifford"", ""dense_statevector"": false, ""encoding"": {""0"": ""00"", ""1"": ""01"", ""2"": ""10"", ""invalid"": ""11""}, ""grid_backend"": ""two full QuickQudits Tableau d=2 registers, 2m qubits each"", ""movement_backend"": ""QuickQudits Tableau d=2; H and S only"", ""observable_mapping"": {""Alice_0"": {""angular_error"": 0.0, ""implemented_theta"": 0.0, ""observable"": ""Z"", ""projector_fidelity"": 1.0, ""target_theta"": 0.0}, ""Alice_1"": {""angular_error"": 0.0, ""implemented_theta"": 0.7853981633974483, ""observable"": ""X"", ""projector_fidelity"": 1.0, ""target_theta"": 0.7853981633974483}, ""Alice_2"": {""angular_error"": 0.0, ""implemented_theta"": 0.0, ""observable"": ""Z"", ""projector_fidelity"": 1.0, ""target_theta"": 0.0}, ""Alice_3"": {""angular_error"": 0.0, ""implemented_theta"": 0.7853981633974483, ""observable"": ""X"", ""projector_fidelity"": 1.0, ""target_theta"": 0.7853981633974483}, ""Bob_0"": {""angular_error"": 0.39269908169872414, ""implemented_theta"": 0.0, ""observable"": ""Z"", ""projector_fidelity"": 0.8535533905932737, ""target_theta"": 0.39269908169872414}, ""Bob_1"": {""angular_error"": 0.39269908169872414, ""implemented_theta"": 0.0, ""observable"": ""Z"", ""projector_fidelity"": 0.8535533905932737, ""target_theta"": -0.39269908169872414}, ""Bob_2"": {""angular_error"": 0.39269908169872414, ""implemented_theta"": 0.0, ""observable"": ""Z"", ""projector_fidelity"": 0.8535533905932737, ""target_theta"": 0.39269908169872414}, ""Bob_3"": {""angular_error"": 0.39269908169872414, ""implemented_theta"": 0.0, ""observable"": ""Z"", ""projector_fidelity"": 0.8535533905932737, ""target_theta"": -0.39269908169872414}}, ""player_grid_count"": 2, ""qubits_per_player_grid"": 18, ""synthetic_scaling_point"": false, ""systems_per_player"": 18, ""tableau_array_bytes_per_player"": 1332, ""transpiled_gates"": ""qutrit X -> X(q0), CX(q0,q1), CX(q1,q0); invalid 11 fixed"", ""workload_seed_derivation"": ""SnaQ3-v2 master/n/repetition streams"", ""workload_sha256"": ""c205adf1a9a9b406dc30576d1e6ab645f6d5c8a8170f08407acaae4a65bf9e2a""}"
qubit_tableau_transpiled,3,9,18,2,20260930,4,0.001324089003901463,COMPLETED,,False,,10656,34359738368,21600.0,1.0.1,"{""bell_backend"": ""QuickQudits Tableau d=2; same Clifford Bell observables as qutrit_tableau_clifford"", ""dense_statevector"": false, ""encoding"": {""0"": ""00"", ""1"": ""01"", ""2"": ""10"", ""invalid"": ""11""}, ""grid_backend"": ""two full QuickQudits Tableau d=2 registers, 2m qubits each"", ""movement_backend"": ""QuickQudits Tableau d=2; H and S only"", ""observable_mapping"": {""Alice_0"": {""angular_error"": 0.0, ""implemented_theta"": 0.0, ""observable"": ""Z"", ""projector_fidelity"": 1.0, ""target_theta"": 0.0}, ""Alice_1"": {""angular_error"": 0.0, ""implemented_theta"": 0.7853981633974483, ""observable"": ""X"", ""projector_fidelity"": 1.0, ""target_theta"": 0.7853981633974483}, ""Alice_2"": {""angular_error"": 0.0, ""implemented_theta"": 0.0, ""observable"": ""Z"", ""projector_fidelity"": 1.0, ""target_theta"": 0.0}, ""Alice_3"": {""angular_error"": 0.0, ""implemented_theta"": 0.7853981633974483, ""observable"": ""X"", ""projector_fidelity"": 1.0, ""target_theta"": 0.7853981633974483}, ""Bob_0"": {""angular_error"": 0.39269908169872414, ""implemented_theta"": 0.0, ""observable"": ""Z"", ""projector_fidelity"": 0.8535533905932737, ""target_theta"": 0.39269908169872414}, ""Bob_1"": {""angular_error"": 0.39269908169872414, ""implemented_theta"": 0.0, ""observable"": ""Z"", ""projector_fidelity"": 0.8535533905932737, ""target_theta"": -0.39269908169872414}, ""Bob_2"": {""angular_error"": 0.39269908169872414, ""implemented_theta"": 0.0, ""observable"": ""Z"", ""projector_fidelity"": 0.8535533905932737, ""target_theta"": 0.39269908169872414}, ""Bob_3"": {""angular_error"": 0.39269908169872414, ""implemented_theta"": 0.0, ""observable"": ""Z"", ""projector_fidelity"": 0.8535533905932737, ""target_theta"": -0.39269908169872414}}, ""player_grid_count"": 2, ""qubits_per_player_grid"": 18, ""synthetic_scaling_point"": false, ""systems_per_player"": 18, ""tableau_array_bytes_per_player"": 1332, ""transpiled_gates"": ""qutrit X -> X(q0), CX(q0,q1), CX(q1,q0); invalid 11 fixed"", ""workload_seed_derivation"": ""SnaQ3-v2 master/n/repetition streams"", ""workload_sha256"": ""4e42021d3fc4a9bae3a6702dbdfff09e716a8f8ea852da5a80e8f73fa5fe0f2d""}"
qubit_tableau_transpiled,3,9,18,3,20260930,4,0.0012995119977858849,COMPLETED,,False,,10656,34359738368,21600.0,1.0.1,"{""bell_backend"": ""QuickQudits Tableau d=2; same Clifford Bell observables as qutrit_tableau_clifford"", ""dense_statevector"": false, ""encoding"": {""0"": ""00"", ""1"": ""01"", ""2"": ""10"", ""invalid"": ""11""}, ""grid_backend"": ""two full QuickQudits Tableau d=2 registers, 2m qubits each"", ""movement_backend"": ""QuickQudits Tableau d=2; H and S only"", ""observable_mapping"": {""Alice_0"": {""angular_error"": 0.0, ""implemented_theta"": 0.0, ""observable"": ""Z"", ""projector_fidelity"": 1.0, ""target_theta"": 0.0}, ""Alice_1"": {""angular_error"": 0.0, ""implemented_theta"": 0.7853981633974483, ""observable"": ""X"", ""projector_fidelity"": 1.0, ""target_theta"": 0.7853981633974483}, ""Alice_2"": {""angular_error"": 0.0, ""implemented_theta"": 0.0, ""observable"": ""Z"", ""projector_fidelity"": 1.0, ""target_theta"": 0.0}, ""Alice_3"": {""angular_error"": 0.0, ""implemented_theta"": 0.7853981633974483, ""observable"": ""X"", ""projector_fidelity"": 1.0, ""target_theta"": 0.7853981633974483}, ""Bob_0"": {""angular_error"": 0.39269908169872414, ""implemented_theta"": 0.0, ""observable"": ""Z"", ""projector_fidelity"": 0.8535533905932737, ""target_theta"": 0.39269908169872414}, ""Bob_1"": {""angular_error"": 0.39269908169872414, ""implemented_theta"": 0.0, ""observable"": ""Z"", ""projector_fidelity"": 0.8535533905932737, ""target_theta"": -0.39269908169872414}, ""Bob_2"": {""angular_error"": 0.39269908169872414, ""implemented_theta"": 0.0, ""observable"": ""Z"", ""projector_fidelity"": 0.8535533905932737, ""target_theta"": 0.39269908169872414}, ""Bob_3"": {""angular_error"": 0.39269908169872414, ""implemented_theta"": 0.0, ""observable"": ""Z"", ""projector_fidelity"": 0.8535533905932737, ""target_theta"": -0.39269908169872414}}, ""player_grid_count"": 2, ""qubits_per_player_grid"": 18, ""synthetic_scaling_point"": false, ""systems_per_player"": 18, ""tableau_array_bytes_per_player"": 1332, ""transpiled_gates"": ""qutrit X -> X(q0), CX(q0,q1), CX(q1,q0); invalid 11 fixed"", ""workload_seed_derivation"": ""SnaQ3-v2 master/n/repetition streams"", ""workload_sha256"": ""ea66fadd9c132b11469b035fc79acbb5a7d2677717f48d0e6178b0c15b351308""}"
qubit_tableau_transpiled,3,9,18,4,20260930,4,0.0013699720002477989,COMPLETED,,False,,10656,34359738368,21600.0,1.0.1,"{""bell_backend"": ""QuickQudits Tableau d=2; same Clifford Bell observables as qutrit_tableau_clifford"", ""dense_statevector"": false, ""encoding"": {""0"": ""00"", ""1"": ""01"", ""2"": ""10"", ""invalid"": ""11""}, ""grid_backend"": ""two full QuickQudits Tableau d=2 registers, 2m qubits each"", ""movement_backend"": ""QuickQudits Tableau d=2; H and S only"", ""observable_mapping"": {""Alice_0"": {""angular_error"": 0.0, ""implemented_theta"": 0.0, ""observable"": ""Z"", ""projector_fidelity"": 1.0, ""target_theta"": 0.0}, ""Alice_1"": {""angular_error"": 0.0, ""implemented_theta"": 0.7853981633974483, ""observable"": ""X"", ""projector_fidelity"": 1.0, ""target_theta"": 0.7853981633974483}, ""Alice_2"": {""angular_error"": 0.0, ""implemented_theta"": 0.0, ""observable"": ""Z"", ""projector_fidelity"": 1.0, ""target_theta"": 0.0}, ""Alice_3"": {""angular_error"": 0.0, ""implemented_theta"": 0.7853981633974483, ""observable"": ""X"", ""projector_fidelity"": 1.0, ""target_theta"": 0.7853981633974483}, ""Bob_0"": {""angular_error"": 0.39269908169872414, ""implemented_theta"": 0.0, ""observable"": ""Z"", ""projector_fidelity"": 0.8535533905932737, ""target_theta"": 0.39269908169872414}, ""Bob_1"": {""angular_error"": 0.39269908169872414, ""implemented_theta"": 0.0, ""observable"": ""Z"", ""projector_fidelity"": 0.8535533905932737, ""target_theta"": -0.39269908169872414}, ""Bob_2"": {""angular_error"": 0.39269908169872414, ""implemented_theta"": 0.0, ""observable"": ""Z"", ""projector_fidelity"": 0.8535533905932737, ""target_theta"": 0.39269908169872414}, ""Bob_3"": {""angular_error"": 0.39269908169872414, ""implemented_theta"": 0.0, ""observable"": ""Z"", ""projector_fidelity"": 0.8535533905932737, ""target_theta"": -0.39269908169872414}}, ""player_grid_count"": 2, ""qubits_per_player_grid"": 18, ""synthetic_scaling_point"": false, ""systems_per_player"": 18, ""tableau_array_bytes_per_player"": 1332, ""transpiled_gates"": ""qutrit X -> X(q0), CX(q0,q1), CX(q1,q0); invalid 11 fixed"", ""workload_seed_derivation"": ""SnaQ3-v2 master/n/repetition streams"", ""workload_sha256"": ""26c2089999b275c5ae66695f023a5410832609c4c1151c610a1536b1a37ae4fa""}"
qubit_tableau_transpiled,3,9,18,5,20260930,4,0.0012838510010624304,COMPLETED,,False,,10656,34359738368,21600.0,1.0.1,"{""bell_backend"": ""QuickQudits Tableau d=2; same Clifford Bell observables as qutrit_tableau_clifford"", ""dense_statevector"": false, ""encoding"": {""0"": ""00"", ""1"": ""01"", ""2"": ""10"", ""invalid"": ""11""}, ""grid_backend"": ""two full QuickQudits Tableau d=2 registers, 2m qubits each"", ""movement_backend"": ""QuickQudits Tableau d=2; H and S only"", ""observable_mapping"": {""Alice_0"": {""angular_error"": 0.0, ""implemented_theta"": 0.0, ""observable"": ""Z"", ""projector_fidelity"": 1.0, ""target_theta"": 0.0}, ""Alice_1"": {""angular_error"": 0.0, ""implemented_theta"": 0.7853981633974483, ""observable"": ""X"", ""projector_fidelity"": 1.0, ""target_theta"": 0.7853981633974483}, ""Alice_2"": {""angular_error"": 0.0, ""implemented_theta"": 0.0, ""observable"": ""Z"", ""projector_fidelity"": 1.0, ""target_theta"": 0.0}, ""Alice_3"": {""angular_error"": 0.0, ""implemented_theta"": 0.7853981633974483, ""observable"": ""X"", ""projector_fidelity"": 1.0, ""target_theta"": 0.7853981633974483}, ""Bob_0"": {""angular_error"": 0.39269908169872414, ""implemented_theta"": 0.0, ""observable"": ""Z"", ""projector_fidelity"": 0.8535533905932737, ""target_theta"": 0.39269908169872414}, ""Bob_1"": {""angular_error"": 0.39269908169872414, ""implemented_theta"": 0.0, ""observable"": ""Z"", ""projector_fidelity"": 0.8535533905932737, ""target_theta"": -0.39269908169872414}, ""Bob_2"": {""angular_error"": 0.39269908169872414, ""implemented_theta"": 0.0, ""observable"": ""Z"", ""projector_fidelity"": 0.8535533905932737, ""target_theta"": 0.39269908169872414}, ""Bob_3"": {""angular_error"": 0.39269908169872414, ""implemented_theta"": 0.0, ""observable"": ""Z"", ""projector_fidelity"": 0.8535533905932737, ""target_theta"": -0.39269908169872414}}, ""player_grid_count"": 2, ""qubits_per_player_grid"": 18, ""synthetic_scaling_point"": false, ""systems_per_player"": 18, ""tableau_array_bytes_per_player"": 1332, ""transpiled_gates"": ""qutrit X -> X(q0), CX(q0,q1), CX(q1,q0); invalid 11 fixed"", ""workload_seed_derivation"": ""SnaQ3-v2 master/n/repetition streams"", ""workload_sha256"": ""cd0c13c4aa78667d7d75c6642049823c2317e58e6c6f15fa1a898209e60ac469""}"
qubit_tableau_transpiled,3,9,18,6,20260930,4,0.0013620620011352003,COMPLETED,,False,,10656,34359738368,21600.0,1.0.1,"{""bell_backend"": ""QuickQudits Tableau d=2; same Clifford Bell observables as qutrit_tableau_clifford"", ""dense_statevector"": false, ""encoding"": {""0"": ""00"", ""1"": ""01"", ""2"": ""10"", ""invalid"": ""11""}, ""grid_backend"": ""two full QuickQudits Tableau d=2 registers, 2m qubits each"", ""movement_backend"": ""QuickQudits Tableau d=2; H and S only"", ""observable_mapping"": {""Alice_0"": {""angular_error"": 0.0, ""implemented_theta"": 0.0, ""observable"": ""Z"", ""projector_fidelity"": 1.0, ""target_theta"": 0.0}, ""Alice_1"": {""angular_error"": 0.0, ""implemented_theta"": 0.7853981633974483, ""observable"": ""X"", ""projector_fidelity"": 1.0, ""target_theta"": 0.7853981633974483}, ""Alice_2"": {""angular_error"": 0.0, ""implemented_theta"": 0.0, ""observable"": ""Z"", ""projector_fidelity"": 1.0, ""target_theta"": 0.0}, ""Alice_3"": {""angular_error"": 0.0, ""implemented_theta"": 0.7853981633974483, ""observable"": ""X"", ""projector_fidelity"": 1.0, ""target_theta"": 0.7853981633974483}, ""Bob_0"": {""angular_error"": 0.39269908169872414, ""implemented_theta"": 0.0, ""observable"": ""Z"", ""projector_fidelity"": 0.8535533905932737, ""target_theta"": 0.39269908169872414}, ""Bob_1"": {""angular_error"": 0.39269908169872414, ""implemented_theta"": 0.0, ""observable"": ""Z"", ""projector_fidelity"": 0.8535533905932737, ""target_theta"": -0.39269908169872414}, ""Bob_2"": {""angular_error"": 0.39269908169872414, ""implemented_theta"": 0.0, ""observable"": ""Z"", ""projector_fidelity"": 0.8535533905932737, ""target_theta"": 0.39269908169872414}, ""Bob_3"": {""angular_error"": 0.39269908169872414, ""implemented_theta"": 0.0, ""observable"": ""Z"", ""projector_fidelity"": 0.8535533905932737, ""target_theta"": -0.39269908169872414}}, ""player_grid_count"": 2, ""qubits_per_player_grid"": 18, ""synthetic_scaling_point"": false, ""systems_per_player"": 18, ""tableau_array_bytes_per_player"": 1332, ""transpiled_gates"": ""qutrit X -> X(q0), CX(q0,q1), CX(q1,q0); invalid 11 fixed"", ""workload_seed_derivation"": ""SnaQ3-v2 master/n/repetition streams"", ""workload_sha256"": ""5776a5aa267dae764c26a4eda5153699ff16c6145db6027f3f9a61a55e1e53f6""}"
qubit_tableau_transpiled,3,9,18,7,20260930,4,0.0012321320027695037,COMPLETED,,False,,10656,34359738368,21600.0,1.0.1,"{""bell_backend"": ""QuickQudits Tableau d=2; same Clifford Bell observables as qutrit_tableau_clifford"", ""dense_statevector"": false, ""encoding"": {""0"": ""00"", ""1"": ""01"", ""2"": ""10"", ""invalid"": ""11""}, ""grid_backend"": ""two full QuickQudits Tableau d=2 registers, 2m qubits each"", ""movement_backend"": ""QuickQudits Tableau d=2; H and S only"", ""observable_mapping"": {""Alice_0"": {""angular_error"": 0.0, ""implemented_theta"": 0.0, ""observable"": ""Z"", ""projector_fidelity"": 1.0, ""target_theta"": 0.0}, ""Alice_1"": {""angular_error"": 0.0, ""implemented_theta"": 0.7853981633974483, ""observable"": ""X"", ""projector_fidelity"": 1.0, ""target_theta"": 0.7853981633974483}, ""Alice_2"": {""angular_error"": 0.0, ""implemented_theta"": 0.0, ""observable"": ""Z"", ""projector_fidelity"": 1.0, ""target_theta"": 0.0}, ""Alice_3"": {""angular_error"": 0.0, ""implemented_theta"": 0.7853981633974483, ""observable"": ""X"", ""projector_fidelity"": 1.0, ""target_theta"": 0.7853981633974483}, ""Bob_0"": {""angular_error"": 0.39269908169872414, ""implemented_theta"": 0.0, ""observable"": ""Z"", ""projector_fidelity"": 0.8535533905932737, ""target_theta"": 0.39269908169872414}, ""Bob_1"": {""angular_error"": 0.39269908169872414, ""implemented_theta"": 0.0, ""observable"": ""Z"", ""projector_fidelity"": 0.8535533905932737, ""target_theta"": -0.39269908169872414}, ""Bob_2"": {""angular_error"": 0.39269908169872414, ""implemented_theta"": 0.0, ""observable"": ""Z"", ""projector_fidelity"": 0.8535533905932737, ""target_theta"": 0.39269908169872414}, ""Bob_3"": {""angular_error"": 0.39269908169872414, ""implemented_theta"": 0.0, ""observable"": ""Z"", ""projector_fidelity"": 0.8535533905932737, ""target_theta"": -0.39269908169872414}}, ""player_grid_count"": 2, ""qubits_per_player_grid"": 18, ""synthetic_scaling_point"": false, ""systems_per_player"": 18, ""tableau_array_bytes_per_player"": 1332, ""transpiled_gates"": ""qutrit X -> X(q0), CX(q0,q1), CX(q1,q0); invalid 11 fixed"", ""workload_seed_derivation"": ""SnaQ3-v2 master/n/repetition streams"", ""workload_sha256"": ""71e21fb3769fa00f6c39e779d0de955c90889aeab8f3930cf3b350408f6050cc""}"
qubit_tableau_transpiled,3,9,18,8,20260930,4,0.0014738969985046424,COMPLETED,,False,,10656,34359738368,21600.0,1.0.1,"{""bell_backend"": ""QuickQudits Tableau d=2; same Clifford Bell observables as qutrit_tableau_clifford"", ""dense_statevector"": false, ""encoding"": {""0"": ""00"", ""1"": ""01"", ""2"": ""10"", ""invalid"": ""11""}, ""grid_backend"": ""two full QuickQudits Tableau d=2 registers, 2m qubits each"", ""movement_backend"": ""QuickQudits Tableau d=2; H and S only"", ""observable_mapping"": {""Alice_0"": {""angular_error"": 0.0, ""implemented_theta"": 0.0, ""observable"": ""Z"", ""projector_fidelity"": 1.0, ""target_theta"": 0.0}, ""Alice_1"": {""angular_error"": 0.0, ""implemented_theta"": 0.7853981633974483, ""observable"": ""X"", ""projector_fidelity"": 1.0, ""target_theta"": 0.7853981633974483}, ""Alice_2"": {""angular_error"": 0.0, ""implemented_theta"": 0.0, ""observable"": ""Z"", ""projector_fidelity"": 1.0, ""target_theta"": 0.0}, ""Alice_3"": {""angular_error"": 0.0, ""implemented_theta"": 0.7853981633974483, ""observable"": ""X"", ""projector_fidelity"": 1.0, ""target_theta"": 0.7853981633974483}, ""Bob_0"": {""angular_error"": 0.39269908169872414, ""implemented_theta"": 0.0, ""observable"": ""Z"", ""projector_fidelity"": 0.8535533905932737, ""target_theta"": 0.39269908169872414}, ""Bob_1"": {""angular_error"": 0.39269908169872414, ""implemented_theta"": 0.0, ""observable"": ""Z"", ""projector_fidelity"": 0.8535533905932737, ""target_theta"": -0.39269908169872414}, ""Bob_2"": {""angular_error"": 0.39269908169872414, ""implemented_theta"": 0.0, ""observable"": ""Z"", ""projector_fidelity"": 0.8535533905932737, ""target_theta"": 0.39269908169872414}, ""Bob_3"": {""angular_error"": 0.39269908169872414, ""implemented_theta"": 0.0, ""observable"": ""Z"", ""projector_fidelity"": 0.8535533905932737, ""target_theta"": -0.39269908169872414}}, ""player_grid_count"": 2, ""qubits_per_player_grid"": 18, ""synthetic_scaling_point"": false, ""systems_per_player"": 18, ""tableau_array_bytes_per_player"": 1332, ""transpiled_gates"": ""qutrit X -> X(q0), CX(q0,q1), CX(q1,q0); invalid 11 fixed"", ""workload_seed_derivation"": ""SnaQ3-v2 master/n/repetition streams"", ""workload_sha256"": ""e1a7ebefed220a1141782e0821b4616b2b37f6c92d373600e4026c83ed367e07""}"
qubit_tableau_transpiled,3,9,18,9,20260930,4,0.0013696070018340833,COMPLETED,,False,,10656,34359738368,21600.0,1.0.1,"{""bell_backend"": ""QuickQudits Tableau d=2; same Clifford Bell observables as qutrit_tableau_clifford"", ""dense_statevector"": false, ""encoding"": {""0"": ""00"", ""1"": ""01"", ""2"": ""10"", ""invalid"": ""11""}, ""grid_backend"": ""two full QuickQudits Tableau d=2 registers, 2m qubits each"", ""movement_backend"": ""QuickQudits Tableau d=2; H and S only"", ""observable_mapping"": {""Alice_0"": {""angular_error"": 0.0, ""implemented_theta"": 0.0, ""observable"": ""Z"", ""projector_fidelity"": 1.0, ""target_theta"": 0.0}, ""Alice_1"": {""angular_error"": 0.0, ""implemented_theta"": 0.7853981633974483, ""observable"": ""X"", ""projector_fidelity"": 1.0, ""target_theta"": 0.7853981633974483}, ""Alice_2"": {""angular_error"": 0.0, ""implemented_theta"": 0.0, ""observable"": ""Z"", ""projector_fidelity"": 1.0, ""target_theta"": 0.0}, ""Alice_3"": {""angular_error"": 0.0, ""implemented_theta"": 0.7853981633974483, ""observable"": ""X"", ""projector_fidelity"": 1.0, ""target_theta"": 0.7853981633974483}, ""Bob_0"": {""angular_error"": 0.39269908169872414, ""implemented_theta"": 0.0, ""observable"": ""Z"", ""projector_fidelity"": 0.8535533905932737, ""target_theta"": 0.39269908169872414}, ""Bob_1"": {""angular_error"": 0.39269908169872414, ""implemented_theta"": 0.0, ""observable"": ""Z"", ""projector_fidelity"": 0.8535533905932737, ""target_theta"": -0.39269908169872414}, ""Bob_2"": {""angular_error"": 0.39269908169872414, ""implemented_theta"": 0.0, ""observable"": ""Z"", ""projector_fidelity"": 0.8535533905932737, ""target_theta"": 0.39269908169872414}, ""Bob_3"": {""angular_error"": 0.39269908169872414, ""implemented_theta"": 0.0, ""observable"": ""Z"", ""projector_fidelity"": 0.8535533905932737, ""target_theta"": -0.39269908169872414}}, ""player_grid_count"": 2, ""qubits_per_player_grid"": 18, ""synthetic_scaling_point"": false, ""systems_per_player"": 18, ""tableau_array_bytes_per_player"": 1332, ""transpiled_gates"": ""qutrit X -> X(q0), CX(q0,q1), CX(q1,q0); invalid 11 fixed"", ""workload_seed_derivation"": ""SnaQ3-v2 master/n/repetition streams"", ""workload_sha256"": ""56a2a3ae773e3c1d72baf562168f51d6f2a8328589d8ac79522f8bc47c1aa232""}"
qubit_tableau_transpiled,3,9,18,10,20260930,4,0.001278451003599912,COMPLETED,,False,,10656,34359738368,21600.0,1.0.1,"{""bell_backend"": ""QuickQudits Tableau d=2; same Clifford Bell observables as qutrit_tableau_clifford"", ""dense_statevector"": false, ""encoding"": {""0"": ""00"", ""1"": ""01"", ""2"": ""10"", ""invalid"": ""11""}, ""grid_backend"": ""two full QuickQudits Tableau d=2 registers, 2m qubits each"", ""movement_backend"": ""QuickQudits Tableau d=2; H and S only"", ""observable_mapping"": {""Alice_0"": {""angular_error"": 0.0, ""implemented_theta"": 0.0, ""observable"": ""Z"", ""projector_fidelity"": 1.0, ""target_theta"": 0.0}, ""Alice_1"": {""angular_error"": 0.0, ""implemented_theta"": 0.7853981633974483, ""observable"": ""X"", ""projector_fidelity"": 1.0, ""target_theta"": 0.7853981633974483}, ""Alice_2"": {""angular_error"": 0.0, ""implemented_theta"": 0.0, ""observable"": ""Z"", ""projector_fidelity"": 1.0, ""target_theta"": 0.0}, ""Alice_3"": {""angular_error"": 0.0, ""implemented_theta"": 0.7853981633974483, ""observable"": ""X"", ""projector_fidelity"": 1.0, ""target_theta"": 0.7853981633974483}, ""Bob_0"": {""angular_error"": 0.39269908169872414, ""implemented_theta"": 0.0, ""observable"": ""Z"", ""projector_fidelity"": 0.8535533905932737, ""target_theta"": 0.39269908169872414}, ""Bob_1"": {""angular_error"": 0.39269908169872414, ""implemented_theta"": 0.0, ""observable"": ""Z"", ""projector_fidelity"": 0.8535533905932737, ""target_theta"": -0.39269908169872414}, ""Bob_2"": {""angular_error"": 0.39269908169872414, ""implemented_theta"": 0.0, ""observable"": ""Z"", ""projector_fidelity"": 0.8535533905932737, ""target_theta"": 0.39269908169872414}, ""Bob_3"": {""angular_error"": 0.39269908169872414, ""implemented_theta"": 0.0, ""observable"": ""Z"", ""projector_fidelity"": 0.8535533905932737, ""target_theta"": -0.39269908169872414}}, ""player_grid_count"": 2, ""qubits_per_player_grid"": 18, ""synthetic_scaling_point"": false, ""systems_per_player"": 18, ""tableau_array_bytes_per_player"": 1332, ""transpiled_gates"": ""qutrit X -> X(q0), CX(q0,q1), CX(q1,q0); invalid 11 fixed"", ""workload_seed_derivation"": ""SnaQ3-v2 master/n/repetition streams"", ""workload_sha256"": ""769b3346413e1e2e8caf217b4d272b99256838626ad3717fc7250fe010c272ed""}"
qubit_tableau_transpiled,3,9,18,11,20260930,4,0.0012649909986066632,COMPLETED,,False,,10656,34359738368,21600.0,1.0.1,"{""bell_backend"": ""QuickQudits Tableau d=2; same Clifford Bell observables as qutrit_tableau_clifford"", ""dense_statevector"": false, ""encoding"": {""0"": ""00"", ""1"": ""01"", ""2"": ""10"", ""invalid"": ""11""}, ""grid_backend"": ""two full QuickQudits Tableau d=2 registers, 2m qubits each"", ""movement_backend"": ""QuickQudits Tableau d=2; H and S only"", ""observable_mapping"": {""Alice_0"": {""angular_error"": 0.0, ""implemented_theta"": 0.0, ""observable"": ""Z"", ""projector_fidelity"": 1.0, ""target_theta"": 0.0}, ""Alice_1"": {""angular_error"": 0.0, ""implemented_theta"": 0.7853981633974483, ""observable"": ""X"", ""projector_fidelity"": 1.0, ""target_theta"": 0.7853981633974483}, ""Alice_2"": {""angular_error"": 0.0, ""implemented_theta"": 0.0, ""observable"": ""Z"", ""projector_fidelity"": 1.0, ""target_theta"": 0.0}, ""Alice_3"": {""angular_error"": 0.0, ""implemented_theta"": 0.7853981633974483, ""observable"": ""X"", ""projector_fidelity"": 1.0, ""target_theta"": 0.7853981633974483}, ""Bob_0"": {""angular_error"": 0.39269908169872414, ""implemented_theta"": 0.0, ""observable"": ""Z"", ""projector_fidelity"": 0.8535533905932737, ""target_theta"": 0.39269908169872414}, ""Bob_1"": {""angular_error"": 0.39269908169872414, ""implemented_theta"": 0.0, ""observable"": ""Z"", ""projector_fidelity"": 0.8535533905932737, ""target_theta"": -0.39269908169872414}, ""Bob_2"": {""angular_error"": 0.39269908169872414, ""implemented_theta"": 0.0, ""observable"": ""Z"", ""projector_fidelity"": 0.8535533905932737, ""target_theta"": 0.39269908169872414}, ""Bob_3"": {""angular_error"": 0.39269908169872414, ""implemented_theta"": 0.0, ""observable"": ""Z"", ""projector_fidelity"": 0.8535533905932737, ""target_theta"": -0.39269908169872414}}, ""player_grid_count"": 2, ""qubits_per_player_grid"": 18, ""synthetic_scaling_point"": false, ""systems_per_player"": 18, ""tableau_array_bytes_per_player"": 1332, ""transpiled_gates"": ""qutrit X -> X(q0), CX(q0,q1), CX(q1,q0); invalid 11 fixed"", ""workload_seed_derivation"": ""SnaQ3-v2 master/n/repetition streams"", ""workload_sha256"": ""6aaf03fb1cca7b53635dc785b88149d167479617a84c27a7bb3e9591ee511fbc""}"
qubit_tableau_transpiled,3,9,18,12,20260930,4,0.001354143001663033,COMPLETED,,False,,10656,34359738368,21600.0,1.0.1,"{""bell_backend"": ""QuickQudits Tableau d=2; same Clifford Bell observables as qutrit_tableau_clifford"", ""dense_statevector"": false, ""encoding"": {""0"": ""00"", ""1"": ""01"", ""2"": ""10"", ""invalid"": ""11""}, ""grid_backend"": ""two full QuickQudits Tableau d=2 registers, 2m qubits each"", ""movement_backend"": ""QuickQudits Tableau d=2; H and S only"", ""observable_mapping"": {""Alice_0"": {""angular_error"": 0.0, ""implemented_theta"": 0.0, ""observable"": ""Z"", ""projector_fidelity"": 1.0, ""target_theta"": 0.0}, ""Alice_1"": {""angular_error"": 0.0, ""implemented_theta"": 0.7853981633974483, ""observable"": ""X"", ""projector_fidelity"": 1.0, ""target_theta"": 0.7853981633974483}, ""Alice_2"": {""angular_error"": 0.0, ""implemented_theta"": 0.0, ""observable"": ""Z"", ""projector_fidelity"": 1.0, ""target_theta"": 0.0}, ""Alice_3"": {""angular_error"": 0.0, ""implemented_theta"": 0.7853981633974483, ""observable"": ""X"", ""projector_fidelity"": 1.0, ""target_theta"": 0.7853981633974483}, ""Bob_0"": {""angular_error"": 0.39269908169872414, ""implemented_theta"": 0.0, ""observable"": ""Z"", ""projector_fidelity"": 0.8535533905932737, ""target_theta"": 0.39269908169872414}, ""Bob_1"": {""angular_error"": 0.39269908169872414, ""implemented_theta"": 0.0, ""observable"": ""Z"", ""projector_fidelity"": 0.8535533905932737, ""target_theta"": -0.39269908169872414}, ""Bob_2"": {""angular_error"": 0.39269908169872414, ""implemented_theta"": 0.0, ""observable"": ""Z"", ""projector_fidelity"": 0.8535533905932737, ""target_theta"": 0.39269908169872414}, ""Bob_3"": {""angular_error"": 0.39269908169872414, ""implemented_theta"": 0.0, ""observable"": ""Z"", ""projector_fidelity"": 0.8535533905932737, ""target_theta"": -0.39269908169872414}}, ""player_grid_count"": 2, ""qubits_per_player_grid"": 18, ""synthetic_scaling_point"": false, ""systems_per_player"": 18, ""tableau_array_bytes_per_player"": 1332, ""transpiled_gates"": ""qutrit X -> X(q0), CX(q0,q1), CX(q1,q0); invalid 11 fixed"", ""workload_seed_derivation"": ""SnaQ3-v2 master/n/repetition streams"", ""workload_sha256"": ""fdc4d69bb8a4665855871b7be8fdc300d04d975ad4659921221372e0067754d1""}"
qubit_tableau_transpiled,3,9,18,13,20260930,4,0.0012434089949238114,COMPLETED,,False,,10656,34359738368,21600.0,1.0.1,"{""bell_backend"": ""QuickQudits Tableau d=2; same Clifford Bell observables as qutrit_tableau_clifford"", ""dense_statevector"": false, ""encoding"": {""0"": ""00"", ""1"": ""01"", ""2"": ""10"", ""invalid"": ""11""}, ""grid_backend"": ""two full QuickQudits Tableau d=2 registers, 2m qubits each"", ""movement_backend"": ""QuickQudits Tableau d=2; H and S only"", ""observable_mapping"": {""Alice_0"": {""angular_error"": 0.0, ""implemented_theta"": 0.0, ""observable"": ""Z"", ""projector_fidelity"": 1.0, ""target_theta"": 0.0}, ""Alice_1"": {""angular_error"": 0.0, ""implemented_theta"": 0.7853981633974483, ""observable"": ""X"", ""projector_fidelity"": 1.0, ""target_theta"": 0.7853981633974483}, ""Alice_2"": {""angular_error"": 0.0, ""implemented_theta"": 0.0, ""observable"": ""Z"", ""projector_fidelity"": 1.0, ""target_theta"": 0.0}, ""Alice_3"": {""angular_error"": 0.0, ""implemented_theta"": 0.7853981633974483, ""observable"": ""X"", ""projector_fidelity"": 1.0, ""target_theta"": 0.7853981633974483}, ""Bob_0"": {""angular_error"": 0.39269908169872414, ""implemented_theta"": 0.0, ""observable"": ""Z"", ""projector_fidelity"": 0.8535533905932737, ""target_theta"": 0.39269908169872414}, ""Bob_1"": {""angular_error"": 0.39269908169872414, ""implemented_theta"": 0.0, ""observable"": ""Z"", ""projector_fidelity"": 0.8535533905932737, ""target_theta"": -0.39269908169872414}, ""Bob_2"": {""angular_error"": 0.39269908169872414, ""implemented_theta"": 0.0, ""observable"": ""Z"", ""projector_fidelity"": 0.8535533905932737, ""target_theta"": 0.39269908169872414}, ""Bob_3"": {""angular_error"": 0.39269908169872414, ""implemented_theta"": 0.0, ""observable"": ""Z"", ""projector_fidelity"": 0.8535533905932737, ""target_theta"": -0.39269908169872414}}, ""player_grid_count"": 2, ""qubits_per_player_grid"": 18, ""synthetic_scaling_point"": false, ""systems_per_player"": 18, ""tableau_array_bytes_per_player"": 1332, ""transpiled_gates"": ""qutrit X -> X(q0), CX(q0,q1), CX(q1,q0); invalid 11 fixed"", ""workload_seed_derivation"": ""SnaQ3-v2 master/n/repetition streams"", ""workload_sha256"": ""514d7b689676f45c8911b1f9e0b236ed7d5ae312d74147e2e4500c0742aab504""}"
qubit_tableau_transpiled,3,9,18,14,20260930,4,0.0012828280014218763,COMPLETED,,False,,10656,34359738368,21600.0,1.0.1,"{""bell_backend"": ""QuickQudits Tableau d=2; same Clifford Bell observables as qutrit_tableau_clifford"", ""dense_statevector"": false, ""encoding"": {""0"": ""00"", ""1"": ""01"", ""2"": ""10"", ""invalid"": ""11""}, ""grid_backend"": ""two full QuickQudits Tableau d=2 registers, 2m qubits each"", ""movement_backend"": ""QuickQudits Tableau d=2; H and S only"", ""observable_mapping"": {""Alice_0"": {""angular_error"": 0.0, ""implemented_theta"": 0.0, ""observable"": ""Z"", ""projector_fidelity"": 1.0, ""target_theta"": 0.0}, ""Alice_1"": {""angular_error"": 0.0, ""implemented_theta"": 0.7853981633974483, ""observable"": ""X"", ""projector_fidelity"": 1.0, ""target_theta"": 0.7853981633974483}, ""Alice_2"": {""angular_error"": 0.0, ""implemented_theta"": 0.0, ""observable"": ""Z"", ""projector_fidelity"": 1.0, ""target_theta"": 0.0}, ""Alice_3"": {""angular_error"": 0.0, ""implemented_theta"": 0.7853981633974483, ""observable"": ""X"", ""projector_fidelity"": 1.0, ""target_theta"": 0.7853981633974483}, ""Bob_0"": {""angular_error"": 0.39269908169872414, ""implemented_theta"": 0.0, ""observable"": ""Z"", ""projector_fidelity"": 0.8535533905932737, ""target_theta"": 0.39269908169872414}, ""Bob_1"": {""angular_error"": 0.39269908169872414, ""implemented_theta"": 0.0, ""observable"": ""Z"", ""projector_fidelity"": 0.8535533905932737, ""target_theta"": -0.39269908169872414}, ""Bob_2"": {""angular_error"": 0.39269908169872414, ""implemented_theta"": 0.0, ""observable"": ""Z"", ""projector_fidelity"": 0.8535533905932737, ""target_theta"": 0.39269908169872414}, ""Bob_3"": {""angular_error"": 0.39269908169872414, ""implemented_theta"": 0.0, ""observable"": ""Z"", ""projector_fidelity"": 0.8535533905932737, ""target_theta"": -0.39269908169872414}}, ""player_grid_count"": 2, ""qubits_per_player_grid"": 18, ""synthetic_scaling_point"": false, ""systems_per_player"": 18, ""tableau_array_bytes_per_player"": 1332, ""transpiled_gates"": ""qutrit X -> X(q0), CX(q0,q1), CX(q1,q0); invalid 11 fixed"", ""workload_seed_derivation"": ""SnaQ3-v2 master/n/repetition streams"", ""workload_sha256"": ""9ae13407da0ac0fea7d6d8d18c14f2410e0385bd78efc5c474f57fa3209868ca""}"
qubit_tableau_transpiled,3,9,18,15,20260930,4,0.0013379770025494508,COMPLETED,,False,,10656,34359738368,21600.0,1.0.1,"{""bell_backend"": ""QuickQudits Tableau d=2; same Clifford Bell observables as qutrit_tableau_clifford"", ""dense_statevector"": false, ""encoding"": {""0"": ""00"", ""1"": ""01"", ""2"": ""10"", ""invalid"": ""11""}, ""grid_backend"": ""two full QuickQudits Tableau d=2 registers, 2m qubits each"", ""movement_backend"": ""QuickQudits Tableau d=2; H and S only"", ""observable_mapping"": {""Alice_0"": {""angular_error"": 0.0, ""implemented_theta"": 0.0, ""observable"": ""Z"", ""projector_fidelity"": 1.0, ""target_theta"": 0.0}, ""Alice_1"": {""angular_error"": 0.0, ""implemented_theta"": 0.7853981633974483, ""observable"": ""X"", ""projector_fidelity"": 1.0, ""target_theta"": 0.7853981633974483}, ""Alice_2"": {""angular_error"": 0.0, ""implemented_theta"": 0.0, ""observable"": ""Z"", ""projector_fidelity"": 1.0, ""target_theta"": 0.0}, ""Alice_3"": {""angular_error"": 0.0, ""implemented_theta"": 0.7853981633974483, ""observable"": ""X"", ""projector_fidelity"": 1.0, ""target_theta"": 0.7853981633974483}, ""Bob_0"": {""angular_error"": 0.39269908169872414, ""implemented_theta"": 0.0, ""observable"": ""Z"", ""projector_fidelity"": 0.8535533905932737, ""target_theta"": 0.39269908169872414}, ""Bob_1"": {""angular_error"": 0.39269908169872414, ""implemented_theta"": 0.0, ""observable"": ""Z"", ""projector_fidelity"": 0.8535533905932737, ""target_theta"": -0.39269908169872414}, ""Bob_2"": {""angular_error"": 0.39269908169872414, ""implemented_theta"": 0.0, ""observable"": ""Z"", ""projector_fidelity"": 0.8535533905932737, ""target_theta"": 0.39269908169872414}, ""Bob_3"": {""angular_error"": 0.39269908169872414, ""implemented_theta"": 0.0, ""observable"": ""Z"", ""projector_fidelity"": 0.8535533905932737, ""target_theta"": -0.39269908169872414}}, ""player_grid_count"": 2, ""qubits_per_player_grid"": 18, ""synthetic_scaling_point"": false, ""systems_per_player"": 18, ""tableau_array_bytes_per_player"": 1332, ""transpiled_gates"": ""qutrit X -> X(q0), CX(q0,q1), CX(q1,q0); invalid 11 fixed"", ""workload_seed_derivation"": ""SnaQ3-v2 master/n/repetition streams"", ""workload_sha256"": ""e0b1b228c057455debd0cdbe92b4d9b24fcf24f52cdae8b2041c923ea85a85d0""}"
qubit_tableau_transpiled,3,9,18,16,20260930,4,0.0013117490016156808,COMPLETED,,False,,10656,34359738368,21600.0,1.0.1,"{""bell_backend"": ""QuickQudits Tableau d=2; same Clifford Bell observables as qutrit_tableau_clifford"", ""dense_statevector"": false, ""encoding"": {""0"": ""00"", ""1"": ""01"", ""2"": ""10"", ""invalid"": ""11""}, ""grid_backend"": ""two full QuickQudits Tableau d=2 registers, 2m qubits each"", ""movement_backend"": ""QuickQudits Tableau d=2; H and S only"", ""observable_mapping"": {""Alice_0"": {""angular_error"": 0.0, ""implemented_theta"": 0.0, ""observable"": ""Z"", ""projector_fidelity"": 1.0, ""target_theta"": 0.0}, ""Alice_1"": {""angular_error"": 0.0, ""implemented_theta"": 0.7853981633974483, ""observable"": ""X"", ""projector_fidelity"": 1.0, ""target_theta"": 0.7853981633974483}, ""Alice_2"": {""angular_error"": 0.0, ""implemented_theta"": 0.0, ""observable"": ""Z"", ""projector_fidelity"": 1.0, ""target_theta"": 0.0}, ""Alice_3"": {""angular_error"": 0.0, ""implemented_theta"": 0.7853981633974483, ""observable"": ""X"", ""projector_fidelity"": 1.0, ""target_theta"": 0.7853981633974483}, ""Bob_0"": {""angular_error"": 0.39269908169872414, ""implemented_theta"": 0.0, ""observable"": ""Z"", ""projector_fidelity"": 0.8535533905932737, ""target_theta"": 0.39269908169872414}, ""Bob_1"": {""angular_error"": 0.39269908169872414, ""implemented_theta"": 0.0, ""observable"": ""Z"", ""projector_fidelity"": 0.8535533905932737, ""target_theta"": -0.39269908169872414}, ""Bob_2"": {""angular_error"": 0.39269908169872414, ""implemented_theta"": 0.0, ""observable"": ""Z"", ""projector_fidelity"": 0.8535533905932737, ""target_theta"": 0.39269908169872414}, ""Bob_3"": {""angular_error"": 0.39269908169872414, ""implemented_theta"": 0.0, ""observable"": ""Z"", ""projector_fidelity"": 0.8535533905932737, ""target_theta"": -0.39269908169872414}}, ""player_grid_count"": 2, ""qubits_per_player_grid"": 18, ""synthetic_scaling_point"": false, ""systems_per_player"": 18, ""tableau_array_bytes_per_player"": 1332, ""transpiled_gates"": ""qutrit X -> X(q0), CX(q0,q1), CX(q1,q0); invalid 11 fixed"", ""workload_seed_derivation"": ""SnaQ3-v2 master/n/repetition streams"", ""workload_sha256"": ""a818a8ec65d7cfdc6526a66238f2bdab30784c77791633f059eba2a00d12c77f""}"
qubit_tableau_transpiled,3,9,18,17,20260930,4,0.0012432889998308383,COMPLETED,,False,,10656,34359738368,21600.0,1.0.1,"{""bell_backend"": ""QuickQudits Tableau d=2; same Clifford Bell observables as qutrit_tableau_clifford"", ""dense_statevector"": false, ""encoding"": {""0"": ""00"", ""1"": ""01"", ""2"": ""10"", ""invalid"": ""11""}, ""grid_backend"": ""two full QuickQudits Tableau d=2 registers, 2m qubits each"", ""movement_backend"": ""QuickQudits Tableau d=2; H and S only"", ""observable_mapping"": {""Alice_0"": {""angular_error"": 0.0, ""implemented_theta"": 0.0, ""observable"": ""Z"", ""projector_fidelity"": 1.0, ""target_theta"": 0.0}, ""Alice_1"": {""angular_error"": 0.0, ""implemented_theta"": 0.7853981633974483, ""observable"": ""X"", ""projector_fidelity"": 1.0, ""target_theta"": 0.7853981633974483}, ""Alice_2"": {""angular_error"": 0.0, ""implemented_theta"": 0.0, ""observable"": ""Z"", ""projector_fidelity"": 1.0, ""target_theta"": 0.0}, ""Alice_3"": {""angular_error"": 0.0, ""implemented_theta"": 0.7853981633974483, ""observable"": ""X"", ""projector_fidelity"": 1.0, ""target_theta"": 0.7853981633974483}, ""Bob_0"": {""angular_error"": 0.39269908169872414, ""implemented_theta"": 0.0, ""observable"": ""Z"", ""projector_fidelity"": 0.8535533905932737, ""target_theta"": 0.39269908169872414}, ""Bob_1"": {""angular_error"": 0.39269908169872414, ""implemented_theta"": 0.0, ""observable"": ""Z"", ""projector_fidelity"": 0.8535533905932737, ""target_theta"": -0.39269908169872414}, ""Bob_2"": {""angular_error"": 0.39269908169872414, ""implemented_theta"": 0.0, ""observable"": ""Z"", ""projector_fidelity"": 0.8535533905932737, ""target_theta"": 0.39269908169872414}, ""Bob_3"": {""angular_error"": 0.39269908169872414, ""implemented_theta"": 0.0, ""observable"": ""Z"", ""projector_fidelity"": 0.8535533905932737, ""target_theta"": -0.39269908169872414}}, ""player_grid_count"": 2, ""qubits_per_player_grid"": 18, ""synthetic_scaling_point"": false, ""systems_per_player"": 18, ""tableau_array_bytes_per_player"": 1332, ""transpiled_gates"": ""qutrit X -> X(q0), CX(q0,q1), CX(q1,q0); invalid 11 fixed"", ""workload_seed_derivation"": ""SnaQ3-v2 master/n/repetition streams"", ""workload_sha256"": ""59db729fe462a2998b8d8691b68af91f29cd49341b7288fedefcc2f2671a490c""}"
qubit_tableau_transpiled,3,9,18,18,20260930,4,0.001275786002224777,COMPLETED,,False,,10656,34359738368,21600.0,1.0.1,"{""bell_backend"": ""QuickQudits Tableau d=2; same Clifford Bell observables as qutrit_tableau_clifford"", ""dense_statevector"": false, ""encoding"": {""0"": ""00"", ""1"": ""01"", ""2"": ""10"", ""invalid"": ""11""}, ""grid_backend"": ""two full QuickQudits Tableau d=2 registers, 2m qubits each"", ""movement_backend"": ""QuickQudits Tableau d=2; H and S only"", ""observable_mapping"": {""Alice_0"": {""angular_error"": 0.0, ""implemented_theta"": 0.0, ""observable"": ""Z"", ""projector_fidelity"": 1.0, ""target_theta"": 0.0}, ""Alice_1"": {""angular_error"": 0.0, ""implemented_theta"": 0.7853981633974483, ""observable"": ""X"", ""projector_fidelity"": 1.0, ""target_theta"": 0.7853981633974483}, ""Alice_2"": {""angular_error"": 0.0, ""implemented_theta"": 0.0, ""observable"": ""Z"", ""projector_fidelity"": 1.0, ""target_theta"": 0.0}, ""Alice_3"": {""angular_error"": 0.0, ""implemented_theta"": 0.7853981633974483, ""observable"": ""X"", ""projector_fidelity"": 1.0, ""target_theta"": 0.7853981633974483}, ""Bob_0"": {""angular_error"": 0.39269908169872414, ""implemented_theta"": 0.0, ""observable"": ""Z"", ""projector_fidelity"": 0.8535533905932737, ""target_theta"": 0.39269908169872414}, ""Bob_1"": {""angular_error"": 0.39269908169872414, ""implemented_theta"": 0.0, ""observable"": ""Z"", ""projector_fidelity"": 0.8535533905932737, ""target_theta"": -0.39269908169872414}, ""Bob_2"": {""angular_error"": 0.39269908169872414, ""implemented_theta"": 0.0, ""observable"": ""Z"", ""projector_fidelity"": 0.8535533905932737, ""target_theta"": 0.39269908169872414}, ""Bob_3"": {""angular_error"": 0.39269908169872414, ""implemented_theta"": 0.0, ""observable"": ""Z"", ""projector_fidelity"": 0.8535533905932737, ""target_theta"": -0.39269908169872414}}, ""player_grid_count"": 2, ""qubits_per_player_grid"": 18, ""synthetic_scaling_point"": false, ""systems_per_player"": 18, ""tableau_array_bytes_per_player"": 1332, ""transpiled_gates"": ""qutrit X -> X(q0), CX(q0,q1), CX(q1,q0); invalid 11 fixed"", ""workload_seed_derivation"": ""SnaQ3-v2 master/n/repetition streams"", ""workload_sha256"": ""a4bc2e47e808bcf9028a95fd0012e841bbe10e35b9a6969a9ab5492fe4e504d9""}"
qubit_tableau_transpiled,3,9,18,19,20260930,4,0.0013760900037596002,COMPLETED,,False,,10656,34359738368,21600.0,1.0.1,"{""bell_backend"": ""QuickQudits Tableau d=2; same Clifford Bell observables as qutrit_tableau_clifford"", ""dense_statevector"": false, ""encoding"": {""0"": ""00"", ""1"": ""01"", ""2"": ""10"", ""invalid"": ""11""}, ""grid_backend"": ""two full QuickQudits Tableau d=2 registers, 2m qubits each"", ""movement_backend"": ""QuickQudits Tableau d=2; H and S only"", ""observable_mapping"": {""Alice_0"": {""angular_error"": 0.0, ""implemented_theta"": 0.0, ""observable"": ""Z"", ""projector_fidelity"": 1.0, ""target_theta"": 0.0}, ""Alice_1"": {""angular_error"": 0.0, ""implemented_theta"": 0.7853981633974483, ""observable"": ""X"", ""projector_fidelity"": 1.0, ""target_theta"": 0.7853981633974483}, ""Alice_2"": {""angular_error"": 0.0, ""implemented_theta"": 0.0, ""observable"": ""Z"", ""projector_fidelity"": 1.0, ""target_theta"": 0.0}, ""Alice_3"": {""angular_error"": 0.0, ""implemented_theta"": 0.7853981633974483, ""observable"": ""X"", ""projector_fidelity"": 1.0, ""target_theta"": 0.7853981633974483}, ""Bob_0"": {""angular_error"": 0.39269908169872414, ""implemented_theta"": 0.0, ""observable"": ""Z"", ""projector_fidelity"": 0.8535533905932737, ""target_theta"": 0.39269908169872414}, ""Bob_1"": {""angular_error"": 0.39269908169872414, ""implemented_theta"": 0.0, ""observable"": ""Z"", ""projector_fidelity"": 0.8535533905932737, ""target_theta"": -0.39269908169872414}, ""Bob_2"": {""angular_error"": 0.39269908169872414, ""implemented_theta"": 0.0, ""observable"": ""Z"", ""projector_fidelity"": 0.8535533905932737, ""target_theta"": 0.39269908169872414}, ""Bob_3"": {""angular_error"": 0.39269908169872414, ""implemented_theta"": 0.0, ""observable"": ""Z"", ""projector_fidelity"": 0.8535533905932737, ""target_theta"": -0.39269908169872414}}, ""player_grid_count"": 2, ""qubits_per_player_grid"": 18, ""synthetic_scaling_point"": false, ""systems_per_player"": 18, ""tableau_array_bytes_per_player"": 1332, ""transpiled_gates"": ""qutrit X -> X(q0), CX(q0,q1), CX(q1,q0); invalid 11 fixed"", ""workload_seed_derivation"": ""SnaQ3-v2 master/n/repetition streams"", ""workload_sha256"": ""08bce3bc757a67f1b0c08c6cf7d1c615581217bef01d0b8c93aabfb36c089aee""}"
qutrit_circuit_exact,4,16,16,0,20260930,4,15.874142724002013,COMPLETED,,False,688747536,2754990144,34359738368,21600.0,1.0.1,"{""bell_backend"": ""QuickQudits QuantumCircuit d=2"", ""gate_sequence"": ""grid X; movement H S^x; Bell H(0) CX(0,1); observable Sdag H T^k H S"", ""grid_backend"": ""two full QuickQudits QuantumCircuit d=3 statevectors"", ""memory_guard"": ""four dense vectors within configured ceiling and half available memory"", ""observable_angles"": {""Alice"": [0.0, 0.7853981633974483, 0.0, 0.7853981633974483], ""Bob"": [0.39269908169872414, -0.39269908169872414, 0.39269908169872414, -0.39269908169872414]}, ""player_grid_count"": 2, ""synthetic_scaling_point"": false, ""systems_per_player"": 16, ""tableau_array_bytes_per_player"": null, ""workload_seed_derivation"": ""SnaQ3-v2 master/n/repetition streams"", ""workload_sha256"": ""7e181b366a9681784dfe83fae3c06f9f2d9864a352da3cdd13473b6a367e7121""}"
qutrit_circuit_exact,4,16,16,1,20260930,4,15.301298341000802,COMPLETED,,False,688747536,2754990144,34359738368,21600.0,1.0.1,"{""bell_backend"": ""QuickQudits QuantumCircuit d=2"", ""gate_sequence"": ""grid X; movement H S^x; Bell H(0) CX(0,1); observable Sdag H T^k H S"", ""grid_backend"": ""two full QuickQudits QuantumCircuit d=3 statevectors"", ""memory_guard"": ""four dense vectors within configured ceiling and half available memory"", ""observable_angles"": {""Alice"": [0.0, 0.7853981633974483, 0.0, 0.7853981633974483], ""Bob"": [0.39269908169872414, -0.39269908169872414, 0.39269908169872414, -0.39269908169872414]}, ""player_grid_count"": 2, ""synthetic_scaling_point"": false, ""systems_per_player"": 16, ""tableau_array_bytes_per_player"": null, ""workload_seed_derivation"": ""SnaQ3-v2 master/n/repetition streams"", ""workload_sha256"": ""40f86edfd2eb97ab11c896ef25a6728a7a324c42a9f3d2d97c9f6d1ed56b2afe""}"
qutrit_circuit_exact,4,16,16,2,20260930,4,14.994394911998825,COMPLETED,,False,688747536,2754990144,34359738368,21600.0,1.0.1,"{""bell_backend"": ""QuickQudits QuantumCircuit d=2"", ""gate_sequence"": ""grid X; movement H S^x; Bell H(0) CX(0,1); observable Sdag H T^k H S"", ""grid_backend"": ""two full QuickQudits QuantumCircuit d=3 statevectors"", ""memory_guard"": ""four dense vectors within configured ceiling and half available memory"", ""observable_angles"": {""Alice"": [0.0, 0.7853981633974483, 0.0, 0.7853981633974483], ""Bob"": [0.39269908169872414, -0.39269908169872414, 0.39269908169872414, -0.39269908169872414]}, ""player_grid_count"": 2, ""synthetic_scaling_point"": false, ""systems_per_player"": 16, ""tableau_array_bytes_per_player"": null, ""workload_seed_derivation"": ""SnaQ3-v2 master/n/repetition streams"", ""workload_sha256"": ""4849c17637994a783e9ca0517f4ce182400ff4f0fa02146022113dfc996978c6""}"
qutrit_circuit_exact,4,16,16,3,20260930,4,13.74640266699862,COMPLETED,,False,688747536,2754990144,34359738368,21600.0,1.0.1,"{""bell_backend"": ""QuickQudits QuantumCircuit d=2"", ""gate_sequence"": ""grid X; movement H S^x; Bell H(0) CX(0,1); observable Sdag H T^k H S"", ""grid_backend"": ""two full QuickQudits QuantumCircuit d=3 statevectors"", ""memory_guard"": ""four dense vectors within configured ceiling and half available memory"", ""observable_angles"": {""Alice"": [0.0, 0.7853981633974483, 0.0, 0.7853981633974483], ""Bob"": [0.39269908169872414, -0.39269908169872414, 0.39269908169872414, -0.39269908169872414]}, ""player_grid_count"": 2, ""synthetic_scaling_point"": false, ""systems_per_player"": 16, ""tableau_array_bytes_per_player"": null, ""workload_seed_derivation"": ""SnaQ3-v2 master/n/repetition streams"", ""workload_sha256"": ""bd5edb400c7096821694dfd86d41f3dd71454727c879c737c58611c220043b35""}"
qutrit_circuit_exact,4,16,16,4,20260930,4,14.47791066300124,COMPLETED,,False,688747536,2754990144,34359738368,21600.0,1.0.1,"{""bell_backend"": ""QuickQudits QuantumCircuit d=2"", ""gate_sequence"": ""grid X; movement H S^x; Bell H(0) CX(0,1); observable Sdag H T^k H S"", ""grid_backend"": ""two full QuickQudits QuantumCircuit d=3 statevectors"", ""memory_guard"": ""four dense vectors within configured ceiling and half available memory"", ""observable_angles"": {""Alice"": [0.0, 0.7853981633974483, 0.0, 0.7853981633974483], ""Bob"": [0.39269908169872414, -0.39269908169872414, 0.39269908169872414, -0.39269908169872414]}, ""player_grid_count"": 2, ""synthetic_scaling_point"": false, ""systems_per_player"": 16, ""tableau_array_bytes_per_player"": null, ""workload_seed_derivation"": ""SnaQ3-v2 master/n/repetition streams"", ""workload_sha256"": ""c01130fb410695eab0f9cea7b7efef49cf907c11c5fdf5388a525beb9a6f3412""}"
qutrit_tableau_clifford,4,16,16,0,20260930,4,0.0009354009962407872,COMPLETED,,False,,8448,34359738368,21600.0,1.0.1,"{""bell_backend"": ""QuickQudits Tableau d=2; H CX and Clifford observables"", ""grid_backend"": ""QuickQudits Tableau d=3; X only"", ""movement_backend"": ""QuickQudits Tableau d=2; H and S only"", ""observable_mapping"": {""Alice_0"": {""angular_error"": 0.0, ""implemented_theta"": 0.0, ""observable"": ""Z"", ""projector_fidelity"": 1.0, ""target_theta"": 0.0}, ""Alice_1"": {""angular_error"": 0.0, ""implemented_theta"": 0.7853981633974483, ""observable"": ""X"", ""projector_fidelity"": 1.0, ""target_theta"": 0.7853981633974483}, ""Alice_2"": {""angular_error"": 0.0, ""implemented_theta"": 0.0, ""observable"": ""Z"", ""projector_fidelity"": 1.0, ""target_theta"": 0.0}, ""Alice_3"": {""angular_error"": 0.0, ""implemented_theta"": 0.7853981633974483, ""observable"": ""X"", ""projector_fidelity"": 1.0, ""target_theta"": 0.7853981633974483}, ""Bob_0"": {""angular_error"": 0.39269908169872414, ""implemented_theta"": 0.0, ""observable"": ""Z"", ""projector_fidelity"": 0.8535533905932737, ""target_theta"": 0.39269908169872414}, ""Bob_1"": {""angular_error"": 0.39269908169872414, ""implemented_theta"": 0.0, ""observable"": ""Z"", ""projector_fidelity"": 0.8535533905932737, ""target_theta"": -0.39269908169872414}, ""Bob_2"": {""angular_error"": 0.39269908169872414, ""implemented_theta"": 0.0, ""observable"": ""Z"", ""projector_fidelity"": 0.8535533905932737, ""target_theta"": 0.39269908169872414}, ""Bob_3"": {""angular_error"": 0.39269908169872414, ""implemented_theta"": 0.0, ""observable"": ""Z"", ""projector_fidelity"": 0.8535533905932737, ""target_theta"": -0.39269908169872414}}, ""player_grid_count"": 2, ""synthetic_scaling_point"": false, ""systems_per_player"": 16, ""tableau_array_bytes_per_player"": 1056, ""workload_seed_derivation"": ""SnaQ3-v2 master/n/repetition streams"", ""workload_sha256"": ""7e181b366a9681784dfe83fae3c06f9f2d9864a352da3cdd13473b6a367e7121""}"
qutrit_tableau_clifford,4,16,16,1,20260930,4,0.0011770300043281168,COMPLETED,,False,,8448,34359738368,21600.0,1.0.1,"{""bell_backend"": ""QuickQudits Tableau d=2; H CX and Clifford observables"", ""grid_backend"": ""QuickQudits Tableau d=3; X only"", ""movement_backend"": ""QuickQudits Tableau d=2; H and S only"", ""observable_mapping"": {""Alice_0"": {""angular_error"": 0.0, ""implemented_theta"": 0.0, ""observable"": ""Z"", ""projector_fidelity"": 1.0, ""target_theta"": 0.0}, ""Alice_1"": {""angular_error"": 0.0, ""implemented_theta"": 0.7853981633974483, ""observable"": ""X"", ""projector_fidelity"": 1.0, ""target_theta"": 0.7853981633974483}, ""Alice_2"": {""angular_error"": 0.0, ""implemented_theta"": 0.0, ""observable"": ""Z"", ""projector_fidelity"": 1.0, ""target_theta"": 0.0}, ""Alice_3"": {""angular_error"": 0.0, ""implemented_theta"": 0.7853981633974483, ""observable"": ""X"", ""projector_fidelity"": 1.0, ""target_theta"": 0.7853981633974483}, ""Bob_0"": {""angular_error"": 0.39269908169872414, ""implemented_theta"": 0.0, ""observable"": ""Z"", ""projector_fidelity"": 0.8535533905932737, ""target_theta"": 0.39269908169872414}, ""Bob_1"": {""angular_error"": 0.39269908169872414, ""implemented_theta"": 0.0, ""observable"": ""Z"", ""projector_fidelity"": 0.8535533905932737, ""target_theta"": -0.39269908169872414}, ""Bob_2"": {""angular_error"": 0.39269908169872414, ""implemented_theta"": 0.0, ""observable"": ""Z"", ""projector_fidelity"": 0.8535533905932737, ""target_theta"": 0.39269908169872414}, ""Bob_3"": {""angular_error"": 0.39269908169872414, ""implemented_theta"": 0.0, ""observable"": ""Z"", ""projector_fidelity"": 0.8535533905932737, ""target_theta"": -0.39269908169872414}}, ""player_grid_count"": 2, ""synthetic_scaling_point"": false, ""systems_per_player"": 16, ""tableau_array_bytes_per_player"": 1056, ""workload_seed_derivation"": ""SnaQ3-v2 master/n/repetition streams"", ""workload_sha256"": ""40f86edfd2eb97ab11c896ef25a6728a7a324c42a9f3d2d97c9f6d1ed56b2afe""}"
qutrit_tableau_clifford,4,16,16,2,20260930,4,0.0010269670019624755,COMPLETED,,False,,8448,34359738368,21600.0,1.0.1,"{""bell_backend"": ""QuickQudits Tableau d=2; H CX and Clifford observables"", ""grid_backend"": ""QuickQudits Tableau d=3; X only"", ""movement_backend"": ""QuickQudits Tableau d=2; H and S only"", ""observable_mapping"": {""Alice_0"": {""angular_error"": 0.0, ""implemented_theta"": 0.0, ""observable"": ""Z"", ""projector_fidelity"": 1.0, ""target_theta"": 0.0}, ""Alice_1"": {""angular_error"": 0.0, ""implemented_theta"": 0.7853981633974483, ""observable"": ""X"", ""projector_fidelity"": 1.0, ""target_theta"": 0.7853981633974483}, ""Alice_2"": {""angular_error"": 0.0, ""implemented_theta"": 0.0, ""observable"": ""Z"", ""projector_fidelity"": 1.0, ""target_theta"": 0.0}, ""Alice_3"": {""angular_error"": 0.0, ""implemented_theta"": 0.7853981633974483, ""observable"": ""X"", ""projector_fidelity"": 1.0, ""target_theta"": 0.7853981633974483}, ""Bob_0"": {""angular_error"": 0.39269908169872414, ""implemented_theta"": 0.0, ""observable"": ""Z"", ""projector_fidelity"": 0.8535533905932737, ""target_theta"": 0.39269908169872414}, ""Bob_1"": {""angular_error"": 0.39269908169872414, ""implemented_theta"": 0.0, ""observable"": ""Z"", ""projector_fidelity"": 0.8535533905932737, ""target_theta"": -0.39269908169872414}, ""Bob_2"": {""angular_error"": 0.39269908169872414, ""implemented_theta"": 0.0, ""observable"": ""Z"", ""projector_fidelity"": 0.8535533905932737, ""target_theta"": 0.39269908169872414}, ""Bob_3"": {""angular_error"": 0.39269908169872414, ""implemented_theta"": 0.0, ""observable"": ""Z"", ""projector_fidelity"": 0.8535533905932737, ""target_theta"": -0.39269908169872414}}, ""player_grid_count"": 2, ""synthetic_scaling_point"": false, ""systems_per_player"": 16, ""tableau_array_bytes_per_player"": 1056, ""workload_seed_derivation"": ""SnaQ3-v2 master/n/repetition streams"", ""workload_sha256"": ""4849c17637994a783e9ca0517f4ce182400ff4f0fa02146022113dfc996978c6""}"
qutrit_tableau_clifford,4,16,16,3,20260930,4,0.001097305997973308,COMPLETED,,False,,8448,34359738368,21600.0,1.0.1,"{""bell_backend"": ""QuickQudits Tableau d=2; H CX and Clifford observables"", ""grid_backend"": ""QuickQudits Tableau d=3; X only"", ""movement_backend"": ""QuickQudits Tableau d=2; H and S only"", ""observable_mapping"": {""Alice_0"": {""angular_error"": 0.0, ""implemented_theta"": 0.0, ""observable"": ""Z"", ""projector_fidelity"": 1.0, ""target_theta"": 0.0}, ""Alice_1"": {""angular_error"": 0.0, ""implemented_theta"": 0.7853981633974483, ""observable"": ""X"", ""projector_fidelity"": 1.0, ""target_theta"": 0.7853981633974483}, ""Alice_2"": {""angular_error"": 0.0, ""implemented_theta"": 0.0, ""observable"": ""Z"", ""projector_fidelity"": 1.0, ""target_theta"": 0.0}, ""Alice_3"": {""angular_error"": 0.0, ""implemented_theta"": 0.7853981633974483, ""observable"": ""X"", ""projector_fidelity"": 1.0, ""target_theta"": 0.7853981633974483}, ""Bob_0"": {""angular_error"": 0.39269908169872414, ""implemented_theta"": 0.0, ""observable"": ""Z"", ""projector_fidelity"": 0.8535533905932737, ""target_theta"": 0.39269908169872414}, ""Bob_1"": {""angular_error"": 0.39269908169872414, ""implemented_theta"": 0.0, ""observable"": ""Z"", ""projector_fidelity"": 0.8535533905932737, ""target_theta"": -0.39269908169872414}, ""Bob_2"": {""angular_error"": 0.39269908169872414, ""implemented_theta"": 0.0, ""observable"": ""Z"", ""projector_fidelity"": 0.8535533905932737, ""target_theta"": 0.39269908169872414}, ""Bob_3"": {""angular_error"": 0.39269908169872414, ""implemented_theta"": 0.0, ""observable"": ""Z"", ""projector_fidelity"": 0.8535533905932737, ""target_theta"": -0.39269908169872414}}, ""player_grid_count"": 2, ""synthetic_scaling_point"": false, ""systems_per_player"": 16, ""tableau_array_bytes_per_player"": 1056, ""workload_seed_derivation"": ""SnaQ3-v2 master/n/repetition streams"", ""workload_sha256"": ""bd5edb400c7096821694dfd86d41f3dd71454727c879c737c58611c220043b35""}"
qutrit_tableau_clifford,4,16,16,4,20260930,4,0.0009902199963107705,COMPLETED,,False,,8448,34359738368,21600.0,1.0.1,"{""bell_backend"": ""QuickQudits Tableau d=2; H CX and Clifford observables"", ""grid_backend"": ""QuickQudits Tableau d=3; X only"", ""movement_backend"": ""QuickQudits Tableau d=2; H and S only"", ""observable_mapping"": {""Alice_0"": {""angular_error"": 0.0, ""implemented_theta"": 0.0, ""observable"": ""Z"", ""projector_fidelity"": 1.0, ""target_theta"": 0.0}, ""Alice_1"": {""angular_error"": 0.0, ""implemented_theta"": 0.7853981633974483, ""observable"": ""X"", ""projector_fidelity"": 1.0, ""target_theta"": 0.7853981633974483}, ""Alice_2"": {""angular_error"": 0.0, ""implemented_theta"": 0.0, ""observable"": ""Z"", ""projector_fidelity"": 1.0, ""target_theta"": 0.0}, ""Alice_3"": {""angular_error"": 0.0, ""implemented_theta"": 0.7853981633974483, ""observable"": ""X"", ""projector_fidelity"": 1.0, ""target_theta"": 0.7853981633974483}, ""Bob_0"": {""angular_error"": 0.39269908169872414, ""implemented_theta"": 0.0, ""observable"": ""Z"", ""projector_fidelity"": 0.8535533905932737, ""target_theta"": 0.39269908169872414}, ""Bob_1"": {""angular_error"": 0.39269908169872414, ""implemented_theta"": 0.0, ""observable"": ""Z"", ""projector_fidelity"": 0.8535533905932737, ""target_theta"": -0.39269908169872414}, ""Bob_2"": {""angular_error"": 0.39269908169872414, ""implemented_theta"": 0.0, ""observable"": ""Z"", ""projector_fidelity"": 0.8535533905932737, ""target_theta"": 0.39269908169872414}, ""Bob_3"": {""angular_error"": 0.39269908169872414, ""implemented_theta"": 0.0, ""observable"": ""Z"", ""projector_fidelity"": 0.8535533905932737, ""target_theta"": -0.39269908169872414}}, ""player_grid_count"": 2, ""synthetic_scaling_point"": false, ""systems_per_player"": 16, ""tableau_array_bytes_per_player"": 1056, ""workload_seed_derivation"": ""SnaQ3-v2 master/n/repetition streams"", ""workload_sha256"": ""c01130fb410695eab0f9cea7b7efef49cf907c11c5fdf5388a525beb9a6f3412""}"
qutrit_tableau_clifford,4,16,16,5,20260930,4,0.0010233860011794604,COMPLETED,,False,,8448,34359738368,21600.0,1.0.1,"{""bell_backend"": ""QuickQudits Tableau d=2; H CX and Clifford observables"", ""grid_backend"": ""QuickQudits Tableau d=3; X only"", ""movement_backend"": ""QuickQudits Tableau d=2; H and S only"", ""observable_mapping"": {""Alice_0"": {""angular_error"": 0.0, ""implemented_theta"": 0.0, ""observable"": ""Z"", ""projector_fidelity"": 1.0, ""target_theta"": 0.0}, ""Alice_1"": {""angular_error"": 0.0, ""implemented_theta"": 0.7853981633974483, ""observable"": ""X"", ""projector_fidelity"": 1.0, ""target_theta"": 0.7853981633974483}, ""Alice_2"": {""angular_error"": 0.0, ""implemented_theta"": 0.0, ""observable"": ""Z"", ""projector_fidelity"": 1.0, ""target_theta"": 0.0}, ""Alice_3"": {""angular_error"": 0.0, ""implemented_theta"": 0.7853981633974483, ""observable"": ""X"", ""projector_fidelity"": 1.0, ""target_theta"": 0.7853981633974483}, ""Bob_0"": {""angular_error"": 0.39269908169872414, ""implemented_theta"": 0.0, ""observable"": ""Z"", ""projector_fidelity"": 0.8535533905932737, ""target_theta"": 0.39269908169872414}, ""Bob_1"": {""angular_error"": 0.39269908169872414, ""implemented_theta"": 0.0, ""observable"": ""Z"", ""projector_fidelity"": 0.8535533905932737, ""target_theta"": -0.39269908169872414}, ""Bob_2"": {""angular_error"": 0.39269908169872414, ""implemented_theta"": 0.0, ""observable"": ""Z"", ""projector_fidelity"": 0.8535533905932737, ""target_theta"": 0.39269908169872414}, ""Bob_3"": {""angular_error"": 0.39269908169872414, ""implemented_theta"": 0.0, ""observable"": ""Z"", ""projector_fidelity"": 0.8535533905932737, ""target_theta"": -0.39269908169872414}}, ""player_grid_count"": 2, ""synthetic_scaling_point"": false, ""systems_per_player"": 16, ""tableau_array_bytes_per_player"": 1056, ""workload_seed_derivation"": ""SnaQ3-v2 master/n/repetition streams"", ""workload_sha256"": ""cd986fd4becf22980e4bd20cb53c59a535b6a09daf67099ddece27628b62e07e""}"
qutrit_tableau_clifford,4,16,16,6,20260930,4,0.0009369179970235564,COMPLETED,,False,,8448,34359738368,21600.0,1.0.1,"{""bell_backend"": ""QuickQudits Tableau d=2; H CX and Clifford observables"", ""grid_backend"": ""QuickQudits Tableau d=3; X only"", ""movement_backend"": ""QuickQudits Tableau d=2; H and S only"", ""observable_mapping"": {""Alice_0"": {""angular_error"": 0.0, ""implemented_theta"": 0.0, ""observable"": ""Z"", ""projector_fidelity"": 1.0, ""target_theta"": 0.0}, ""Alice_1"": {""angular_error"": 0.0, ""implemented_theta"": 0.7853981633974483, ""observable"": ""X"", ""projector_fidelity"": 1.0, ""target_theta"": 0.7853981633974483}, ""Alice_2"": {""angular_error"": 0.0, ""implemented_theta"": 0.0, ""observable"": ""Z"", ""projector_fidelity"": 1.0, ""target_theta"": 0.0}, ""Alice_3"": {""angular_error"": 0.0, ""implemented_theta"": 0.7853981633974483, ""observable"": ""X"", ""projector_fidelity"": 1.0, ""target_theta"": 0.7853981633974483}, ""Bob_0"": {""angular_error"": 0.39269908169872414, ""implemented_theta"": 0.0, ""observable"": ""Z"", ""projector_fidelity"": 0.8535533905932737, ""target_theta"": 0.39269908169872414}, ""Bob_1"": {""angular_error"": 0.39269908169872414, ""implemented_theta"": 0.0, ""observable"": ""Z"", ""projector_fidelity"": 0.8535533905932737, ""target_theta"": -0.39269908169872414}, ""Bob_2"": {""angular_error"": 0.39269908169872414, ""implemented_theta"": 0.0, ""observable"": ""Z"", ""projector_fidelity"": 0.8535533905932737, ""target_theta"": 0.39269908169872414}, ""Bob_3"": {""angular_error"": 0.39269908169872414, ""implemented_theta"": 0.0, ""observable"": ""Z"", ""projector_fidelity"": 0.8535533905932737, ""target_theta"": -0.39269908169872414}}, ""player_grid_count"": 2, ""synthetic_scaling_point"": false, ""systems_per_player"": 16, ""tableau_array_bytes_per_player"": 1056, ""workload_seed_derivation"": ""SnaQ3-v2 master/n/repetition streams"", ""workload_sha256"": ""d952ed878c2dee49142a11a3d1aad25ae99d842e4d7d522c16b507d0d1fff4cd""}"
qutrit_tableau_clifford,4,16,16,7,20260930,4,0.0012483309983508661,COMPLETED,,False,,8448,34359738368,21600.0,1.0.1,"{""bell_backend"": ""QuickQudits Tableau d=2; H CX and Clifford observables"", ""grid_backend"": ""QuickQudits Tableau d=3; X only"", ""movement_backend"": ""QuickQudits Tableau d=2; H and S only"", ""observable_mapping"": {""Alice_0"": {""angular_error"": 0.0, ""implemented_theta"": 0.0, ""observable"": ""Z"", ""projector_fidelity"": 1.0, ""target_theta"": 0.0}, ""Alice_1"": {""angular_error"": 0.0, ""implemented_theta"": 0.7853981633974483, ""observable"": ""X"", ""projector_fidelity"": 1.0, ""target_theta"": 0.7853981633974483}, ""Alice_2"": {""angular_error"": 0.0, ""implemented_theta"": 0.0, ""observable"": ""Z"", ""projector_fidelity"": 1.0, ""target_theta"": 0.0}, ""Alice_3"": {""angular_error"": 0.0, ""implemented_theta"": 0.7853981633974483, ""observable"": ""X"", ""projector_fidelity"": 1.0, ""target_theta"": 0.7853981633974483}, ""Bob_0"": {""angular_error"": 0.39269908169872414, ""implemented_theta"": 0.0, ""observable"": ""Z"", ""projector_fidelity"": 0.8535533905932737, ""target_theta"": 0.39269908169872414}, ""Bob_1"": {""angular_error"": 0.39269908169872414, ""implemented_theta"": 0.0, ""observable"": ""Z"", ""projector_fidelity"": 0.8535533905932737, ""target_theta"": -0.39269908169872414}, ""Bob_2"": {""angular_error"": 0.39269908169872414, ""implemented_theta"": 0.0, ""observable"": ""Z"", ""projector_fidelity"": 0.8535533905932737, ""target_theta"": 0.39269908169872414}, ""Bob_3"": {""angular_error"": 0.39269908169872414, ""implemented_theta"": 0.0, ""observable"": ""Z"", ""projector_fidelity"": 0.8535533905932737, ""target_theta"": -0.39269908169872414}}, ""player_grid_count"": 2, ""synthetic_scaling_point"": false, ""systems_per_player"": 16, ""tableau_array_bytes_per_player"": 1056, ""workload_seed_derivation"": ""SnaQ3-v2 master/n/repetition streams"", ""workload_sha256"": ""e842cfc3c5d2b7b7677658244d9958b0bcecb2e77eaafb708c5f31c7a491b4eb""}"
qutrit_tableau_clifford,4,16,16,8,20260930,4,0.0010412039991933852,COMPLETED,,False,,8448,34359738368,21600.0,1.0.1,"{""bell_backend"": ""QuickQudits Tableau d=2; H CX and Clifford observables"", ""grid_backend"": ""QuickQudits Tableau d=3; X only"", ""movement_backend"": ""QuickQudits Tableau d=2; H and S only"", ""observable_mapping"": {""Alice_0"": {""angular_error"": 0.0, ""implemented_theta"": 0.0, ""observable"": ""Z"", ""projector_fidelity"": 1.0, ""target_theta"": 0.0}, ""Alice_1"": {""angular_error"": 0.0, ""implemented_theta"": 0.7853981633974483, ""observable"": ""X"", ""projector_fidelity"": 1.0, ""target_theta"": 0.7853981633974483}, ""Alice_2"": {""angular_error"": 0.0, ""implemented_theta"": 0.0, ""observable"": ""Z"", ""projector_fidelity"": 1.0, ""target_theta"": 0.0}, ""Alice_3"": {""angular_error"": 0.0, ""implemented_theta"": 0.7853981633974483, ""observable"": ""X"", ""projector_fidelity"": 1.0, ""target_theta"": 0.7853981633974483}, ""Bob_0"": {""angular_error"": 0.39269908169872414, ""implemented_theta"": 0.0, ""observable"": ""Z"", ""projector_fidelity"": 0.8535533905932737, ""target_theta"": 0.39269908169872414}, ""Bob_1"": {""angular_error"": 0.39269908169872414, ""implemented_theta"": 0.0, ""observable"": ""Z"", ""projector_fidelity"": 0.8535533905932737, ""target_theta"": -0.39269908169872414}, ""Bob_2"": {""angular_error"": 0.39269908169872414, ""implemented_theta"": 0.0, ""observable"": ""Z"", ""projector_fidelity"": 0.8535533905932737, ""target_theta"": 0.39269908169872414}, ""Bob_3"": {""angular_error"": 0.39269908169872414, ""implemented_theta"": 0.0, ""observable"": ""Z"", ""projector_fidelity"": 0.8535533905932737, ""target_theta"": -0.39269908169872414}}, ""player_grid_count"": 2, ""synthetic_scaling_point"": false, ""systems_per_player"": 16, ""tableau_array_bytes_per_player"": 1056, ""workload_seed_derivation"": ""SnaQ3-v2 master/n/repetition streams"", ""workload_sha256"": ""6c295608ae078052df1eeb632fa11a1d7e2989068cb048da8a7a3b1f3d405d3f""}"
qutrit_tableau_clifford,4,16,16,9,20260930,4,0.001100281995604746,COMPLETED,,False,,8448,34359738368,21600.0,1.0.1,"{""bell_backend"": ""QuickQudits Tableau d=2; H CX and Clifford observables"", ""grid_backend"": ""QuickQudits Tableau d=3; X only"", ""movement_backend"": ""QuickQudits Tableau d=2; H and S only"", ""observable_mapping"": {""Alice_0"": {""angular_error"": 0.0, ""implemented_theta"": 0.0, ""observable"": ""Z"", ""projector_fidelity"": 1.0, ""target_theta"": 0.0}, ""Alice_1"": {""angular_error"": 0.0, ""implemented_theta"": 0.7853981633974483, ""observable"": ""X"", ""projector_fidelity"": 1.0, ""target_theta"": 0.7853981633974483}, ""Alice_2"": {""angular_error"": 0.0, ""implemented_theta"": 0.0, ""observable"": ""Z"", ""projector_fidelity"": 1.0, ""target_theta"": 0.0}, ""Alice_3"": {""angular_error"": 0.0, ""implemented_theta"": 0.7853981633974483, ""observable"": ""X"", ""projector_fidelity"": 1.0, ""target_theta"": 0.7853981633974483}, ""Bob_0"": {""angular_error"": 0.39269908169872414, ""implemented_theta"": 0.0, ""observable"": ""Z"", ""projector_fidelity"": 0.8535533905932737, ""target_theta"": 0.39269908169872414}, ""Bob_1"": {""angular_error"": 0.39269908169872414, ""implemented_theta"": 0.0, ""observable"": ""Z"", ""projector_fidelity"": 0.8535533905932737, ""target_theta"": -0.39269908169872414}, ""Bob_2"": {""angular_error"": 0.39269908169872414, ""implemented_theta"": 0.0, ""observable"": ""Z"", ""projector_fidelity"": 0.8535533905932737, ""target_theta"": 0.39269908169872414}, ""Bob_3"": {""angular_error"": 0.39269908169872414, ""implemented_theta"": 0.0, ""observable"": ""Z"", ""projector_fidelity"": 0.8535533905932737, ""target_theta"": -0.39269908169872414}}, ""player_grid_count"": 2, ""synthetic_scaling_point"": false, ""systems_per_player"": 16, ""tableau_array_bytes_per_player"": 1056, ""workload_seed_derivation"": ""SnaQ3-v2 master/n/repetition streams"", ""workload_sha256"": ""52faf7a1d2dade294b7b0253baca14021b6ad7ebc4ed26e0b5a8469f35baf8e3""}"
qutrit_tableau_clifford,4,16,16,10,20260930,4,0.001185637003800366,COMPLETED,,False,,8448,34359738368,21600.0,1.0.1,"{""bell_backend"": ""QuickQudits Tableau d=2; H CX and Clifford observables"", ""grid_backend"": ""QuickQudits Tableau d=3; X only"", ""movement_backend"": ""QuickQudits Tableau d=2; H and S only"", ""observable_mapping"": {""Alice_0"": {""angular_error"": 0.0, ""implemented_theta"": 0.0, ""observable"": ""Z"", ""projector_fidelity"": 1.0, ""target_theta"": 0.0}, ""Alice_1"": {""angular_error"": 0.0, ""implemented_theta"": 0.7853981633974483, ""observable"": ""X"", ""projector_fidelity"": 1.0, ""target_theta"": 0.7853981633974483}, ""Alice_2"": {""angular_error"": 0.0, ""implemented_theta"": 0.0, ""observable"": ""Z"", ""projector_fidelity"": 1.0, ""target_theta"": 0.0}, ""Alice_3"": {""angular_error"": 0.0, ""implemented_theta"": 0.7853981633974483, ""observable"": ""X"", ""projector_fidelity"": 1.0, ""target_theta"": 0.7853981633974483}, ""Bob_0"": {""angular_error"": 0.39269908169872414, ""implemented_theta"": 0.0, ""observable"": ""Z"", ""projector_fidelity"": 0.8535533905932737, ""target_theta"": 0.39269908169872414}, ""Bob_1"": {""angular_error"": 0.39269908169872414, ""implemented_theta"": 0.0, ""observable"": ""Z"", ""projector_fidelity"": 0.8535533905932737, ""target_theta"": -0.39269908169872414}, ""Bob_2"": {""angular_error"": 0.39269908169872414, ""implemented_theta"": 0.0, ""observable"": ""Z"", ""projector_fidelity"": 0.8535533905932737, ""target_theta"": 0.39269908169872414}, ""Bob_3"": {""angular_error"": 0.39269908169872414, ""implemented_theta"": 0.0, ""observable"": ""Z"", ""projector_fidelity"": 0.8535533905932737, ""target_theta"": -0.39269908169872414}}, ""player_grid_count"": 2, ""synthetic_scaling_point"": false, ""systems_per_player"": 16, ""tableau_array_bytes_per_player"": 1056, ""workload_seed_derivation"": ""SnaQ3-v2 master/n/repetition streams"", ""workload_sha256"": ""a06c7b0f276d90efa734db958fab37e6bdeb1cda3c85893441359a4182a878b4""}"
qutrit_tableau_clifford,4,16,16,11,20260930,4,0.000946654996369034,COMPLETED,,False,,8448,34359738368,21600.0,1.0.1,"{""bell_backend"": ""QuickQudits Tableau d=2; H CX and Clifford observables"", ""grid_backend"": ""QuickQudits Tableau d=3; X only"", ""movement_backend"": ""QuickQudits Tableau d=2; H and S only"", ""observable_mapping"": {""Alice_0"": {""angular_error"": 0.0, ""implemented_theta"": 0.0, ""observable"": ""Z"", ""projector_fidelity"": 1.0, ""target_theta"": 0.0}, ""Alice_1"": {""angular_error"": 0.0, ""implemented_theta"": 0.7853981633974483, ""observable"": ""X"", ""projector_fidelity"": 1.0, ""target_theta"": 0.7853981633974483}, ""Alice_2"": {""angular_error"": 0.0, ""implemented_theta"": 0.0, ""observable"": ""Z"", ""projector_fidelity"": 1.0, ""target_theta"": 0.0}, ""Alice_3"": {""angular_error"": 0.0, ""implemented_theta"": 0.7853981633974483, ""observable"": ""X"", ""projector_fidelity"": 1.0, ""target_theta"": 0.7853981633974483}, ""Bob_0"": {""angular_error"": 0.39269908169872414, ""implemented_theta"": 0.0, ""observable"": ""Z"", ""projector_fidelity"": 0.8535533905932737, ""target_theta"": 0.39269908169872414}, ""Bob_1"": {""angular_error"": 0.39269908169872414, ""implemented_theta"": 0.0, ""observable"": ""Z"", ""projector_fidelity"": 0.8535533905932737, ""target_theta"": -0.39269908169872414}, ""Bob_2"": {""angular_error"": 0.39269908169872414, ""implemented_theta"": 0.0, ""observable"": ""Z"", ""projector_fidelity"": 0.8535533905932737, ""target_theta"": 0.39269908169872414}, ""Bob_3"": {""angular_error"": 0.39269908169872414, ""implemented_theta"": 0.0, ""observable"": ""Z"", ""projector_fidelity"": 0.8535533905932737, ""target_theta"": -0.39269908169872414}}, ""player_grid_count"": 2, ""synthetic_scaling_point"": false, ""systems_per_player"": 16, ""tableau_array_bytes_per_player"": 1056, ""workload_seed_derivation"": ""SnaQ3-v2 master/n/repetition streams"", ""workload_sha256"": ""378651ffa4d6d52b2d046902f912f69450742f74b49ad60217898e1c77d6f6e4""}"
qutrit_tableau_clifford,4,16,16,12,20260930,4,0.001075846994353924,COMPLETED,,False,,8448,34359738368,21600.0,1.0.1,"{""bell_backend"": ""QuickQudits Tableau d=2; H CX and Clifford observables"", ""grid_backend"": ""QuickQudits Tableau d=3; X only"", ""movement_backend"": ""QuickQudits Tableau d=2; H and S only"", ""observable_mapping"": {""Alice_0"": {""angular_error"": 0.0, ""implemented_theta"": 0.0, ""observable"": ""Z"", ""projector_fidelity"": 1.0, ""target_theta"": 0.0}, ""Alice_1"": {""angular_error"": 0.0, ""implemented_theta"": 0.7853981633974483, ""observable"": ""X"", ""projector_fidelity"": 1.0, ""target_theta"": 0.7853981633974483}, ""Alice_2"": {""angular_error"": 0.0, ""implemented_theta"": 0.0, ""observable"": ""Z"", ""projector_fidelity"": 1.0, ""target_theta"": 0.0}, ""Alice_3"": {""angular_error"": 0.0, ""implemented_theta"": 0.7853981633974483, ""observable"": ""X"", ""projector_fidelity"": 1.0, ""target_theta"": 0.7853981633974483}, ""Bob_0"": {""angular_error"": 0.39269908169872414, ""implemented_theta"": 0.0, ""observable"": ""Z"", ""projector_fidelity"": 0.8535533905932737, ""target_theta"": 0.39269908169872414}, ""Bob_1"": {""angular_error"": 0.39269908169872414, ""implemented_theta"": 0.0, ""observable"": ""Z"", ""projector_fidelity"": 0.8535533905932737, ""target_theta"": -0.39269908169872414}, ""Bob_2"": {""angular_error"": 0.39269908169872414, ""implemented_theta"": 0.0, ""observable"": ""Z"", ""projector_fidelity"": 0.8535533905932737, ""target_theta"": 0.39269908169872414}, ""Bob_3"": {""angular_error"": 0.39269908169872414, ""implemented_theta"": 0.0, ""observable"": ""Z"", ""projector_fidelity"": 0.8535533905932737, ""target_theta"": -0.39269908169872414}}, ""player_grid_count"": 2, ""synthetic_scaling_point"": false, ""systems_per_player"": 16, ""tableau_array_bytes_per_player"": 1056, ""workload_seed_derivation"": ""SnaQ3-v2 master/n/repetition streams"", ""workload_sha256"": ""5ee50d5abc8f56d8c0180991a190ba5f4ff02b3c30a731b7a7d078047afe151e""}"
qutrit_tableau_clifford,4,16,16,13,20260930,4,0.0010603210030240007,COMPLETED,,False,,8448,34359738368,21600.0,1.0.1,"{""bell_backend"": ""QuickQudits Tableau d=2; H CX and Clifford observables"", ""grid_backend"": ""QuickQudits Tableau d=3; X only"", ""movement_backend"": ""QuickQudits Tableau d=2; H and S only"", ""observable_mapping"": {""Alice_0"": {""angular_error"": 0.0, ""implemented_theta"": 0.0, ""observable"": ""Z"", ""projector_fidelity"": 1.0, ""target_theta"": 0.0}, ""Alice_1"": {""angular_error"": 0.0, ""implemented_theta"": 0.7853981633974483, ""observable"": ""X"", ""projector_fidelity"": 1.0, ""target_theta"": 0.7853981633974483}, ""Alice_2"": {""angular_error"": 0.0, ""implemented_theta"": 0.0, ""observable"": ""Z"", ""projector_fidelity"": 1.0, ""target_theta"": 0.0}, ""Alice_3"": {""angular_error"": 0.0, ""implemented_theta"": 0.7853981633974483, ""observable"": ""X"", ""projector_fidelity"": 1.0, ""target_theta"": 0.7853981633974483}, ""Bob_0"": {""angular_error"": 0.39269908169872414, ""implemented_theta"": 0.0, ""observable"": ""Z"", ""projector_fidelity"": 0.8535533905932737, ""target_theta"": 0.39269908169872414}, ""Bob_1"": {""angular_error"": 0.39269908169872414, ""implemented_theta"": 0.0, ""observable"": ""Z"", ""projector_fidelity"": 0.8535533905932737, ""target_theta"": -0.39269908169872414}, ""Bob_2"": {""angular_error"": 0.39269908169872414, ""implemented_theta"": 0.0, ""observable"": ""Z"", ""projector_fidelity"": 0.8535533905932737, ""target_theta"": 0.39269908169872414}, ""Bob_3"": {""angular_error"": 0.39269908169872414, ""implemented_theta"": 0.0, ""observable"": ""Z"", ""projector_fidelity"": 0.8535533905932737, ""target_theta"": -0.39269908169872414}}, ""player_grid_count"": 2, ""synthetic_scaling_point"": false, ""systems_per_player"": 16, ""tableau_array_bytes_per_player"": 1056, ""workload_seed_derivation"": ""SnaQ3-v2 master/n/repetition streams"", ""workload_sha256"": ""aed2bbf0d3c11abf8dd2ffa9f3b8362fc663c4d6a5200f33516f2c03e6c0c1da""}"
qutrit_tableau_clifford,4,16,16,14,20260930,4,0.0010893559956457466,COMPLETED,,False,,8448,34359738368,21600.0,1.0.1,"{""bell_backend"": ""QuickQudits Tableau d=2; H CX and Clifford observables"", ""grid_backend"": ""QuickQudits Tableau d=3; X only"", ""movement_backend"": ""QuickQudits Tableau d=2; H and S only"", ""observable_mapping"": {""Alice_0"": {""angular_error"": 0.0, ""implemented_theta"": 0.0, ""observable"": ""Z"", ""projector_fidelity"": 1.0, ""target_theta"": 0.0}, ""Alice_1"": {""angular_error"": 0.0, ""implemented_theta"": 0.7853981633974483, ""observable"": ""X"", ""projector_fidelity"": 1.0, ""target_theta"": 0.7853981633974483}, ""Alice_2"": {""angular_error"": 0.0, ""implemented_theta"": 0.0, ""observable"": ""Z"", ""projector_fidelity"": 1.0, ""target_theta"": 0.0}, ""Alice_3"": {""angular_error"": 0.0, ""implemented_theta"": 0.7853981633974483, ""observable"": ""X"", ""projector_fidelity"": 1.0, ""target_theta"": 0.7853981633974483}, ""Bob_0"": {""angular_error"": 0.39269908169872414, ""implemented_theta"": 0.0, ""observable"": ""Z"", ""projector_fidelity"": 0.8535533905932737, ""target_theta"": 0.39269908169872414}, ""Bob_1"": {""angular_error"": 0.39269908169872414, ""implemented_theta"": 0.0, ""observable"": ""Z"", ""projector_fidelity"": 0.8535533905932737, ""target_theta"": -0.39269908169872414}, ""Bob_2"": {""angular_error"": 0.39269908169872414, ""implemented_theta"": 0.0, ""observable"": ""Z"", ""projector_fidelity"": 0.8535533905932737, ""target_theta"": 0.39269908169872414}, ""Bob_3"": {""angular_error"": 0.39269908169872414, ""implemented_theta"": 0.0, ""observable"": ""Z"", ""projector_fidelity"": 0.8535533905932737, ""target_theta"": -0.39269908169872414}}, ""player_grid_count"": 2, ""synthetic_scaling_point"": false, ""systems_per_player"": 16, ""tableau_array_bytes_per_player"": 1056, ""workload_seed_derivation"": ""SnaQ3-v2 master/n/repetition streams"", ""workload_sha256"": ""784b2d0909862e75ee055d64b853a8aeae0abd8c753ebcb0be098ec4c32567bd""}"
qutrit_tableau_clifford,4,16,16,15,20260930,4,0.001006020997010637,COMPLETED,,False,,8448,34359738368,21600.0,1.0.1,"{""bell_backend"": ""QuickQudits Tableau d=2; H CX and Clifford observables"", ""grid_backend"": ""QuickQudits Tableau d=3; X only"", ""movement_backend"": ""QuickQudits Tableau d=2; H and S only"", ""observable_mapping"": {""Alice_0"": {""angular_error"": 0.0, ""implemented_theta"": 0.0, ""observable"": ""Z"", ""projector_fidelity"": 1.0, ""target_theta"": 0.0}, ""Alice_1"": {""angular_error"": 0.0, ""implemented_theta"": 0.7853981633974483, ""observable"": ""X"", ""projector_fidelity"": 1.0, ""target_theta"": 0.7853981633974483}, ""Alice_2"": {""angular_error"": 0.0, ""implemented_theta"": 0.0, ""observable"": ""Z"", ""projector_fidelity"": 1.0, ""target_theta"": 0.0}, ""Alice_3"": {""angular_error"": 0.0, ""implemented_theta"": 0.7853981633974483, ""observable"": ""X"", ""projector_fidelity"": 1.0, ""target_theta"": 0.7853981633974483}, ""Bob_0"": {""angular_error"": 0.39269908169872414, ""implemented_theta"": 0.0, ""observable"": ""Z"", ""projector_fidelity"": 0.8535533905932737, ""target_theta"": 0.39269908169872414}, ""Bob_1"": {""angular_error"": 0.39269908169872414, ""implemented_theta"": 0.0, ""observable"": ""Z"", ""projector_fidelity"": 0.8535533905932737, ""target_theta"": -0.39269908169872414}, ""Bob_2"": {""angular_error"": 0.39269908169872414, ""implemented_theta"": 0.0, ""observable"": ""Z"", ""projector_fidelity"": 0.8535533905932737, ""target_theta"": 0.39269908169872414}, ""Bob_3"": {""angular_error"": 0.39269908169872414, ""implemented_theta"": 0.0, ""observable"": ""Z"", ""projector_fidelity"": 0.8535533905932737, ""target_theta"": -0.39269908169872414}}, ""player_grid_count"": 2, ""synthetic_scaling_point"": false, ""systems_per_player"": 16, ""tableau_array_bytes_per_player"": 1056, ""workload_seed_derivation"": ""SnaQ3-v2 master/n/repetition streams"", ""workload_sha256"": ""278f447062386166977d8c662f81d1d6c2e98cdae3bf50223d2a95c24809af55""}"
qutrit_tableau_clifford,4,16,16,16,20260930,4,0.0010767650019261055,COMPLETED,,False,,8448,34359738368,21600.0,1.0.1,"{""bell_backend"": ""QuickQudits Tableau d=2; H CX and Clifford observables"", ""grid_backend"": ""QuickQudits Tableau d=3; X only"", ""movement_backend"": ""QuickQudits Tableau d=2; H and S only"", ""observable_mapping"": {""Alice_0"": {""angular_error"": 0.0, ""implemented_theta"": 0.0, ""observable"": ""Z"", ""projector_fidelity"": 1.0, ""target_theta"": 0.0}, ""Alice_1"": {""angular_error"": 0.0, ""implemented_theta"": 0.7853981633974483, ""observable"": ""X"", ""projector_fidelity"": 1.0, ""target_theta"": 0.7853981633974483}, ""Alice_2"": {""angular_error"": 0.0, ""implemented_theta"": 0.0, ""observable"": ""Z"", ""projector_fidelity"": 1.0, ""target_theta"": 0.0}, ""Alice_3"": {""angular_error"": 0.0, ""implemented_theta"": 0.7853981633974483, ""observable"": ""X"", ""projector_fidelity"": 1.0, ""target_theta"": 0.7853981633974483}, ""Bob_0"": {""angular_error"": 0.39269908169872414, ""implemented_theta"": 0.0, ""observable"": ""Z"", ""projector_fidelity"": 0.8535533905932737, ""target_theta"": 0.39269908169872414}, ""Bob_1"": {""angular_error"": 0.39269908169872414, ""implemented_theta"": 0.0, ""observable"": ""Z"", ""projector_fidelity"": 0.8535533905932737, ""target_theta"": -0.39269908169872414}, ""Bob_2"": {""angular_error"": 0.39269908169872414, ""implemented_theta"": 0.0, ""observable"": ""Z"", ""projector_fidelity"": 0.8535533905932737, ""target_theta"": 0.39269908169872414}, ""Bob_3"": {""angular_error"": 0.39269908169872414, ""implemented_theta"": 0.0, ""observable"": ""Z"", ""projector_fidelity"": 0.8535533905932737, ""target_theta"": -0.39269908169872414}}, ""player_grid_count"": 2, ""synthetic_scaling_point"": false, ""systems_per_player"": 16, ""tableau_array_bytes_per_player"": 1056, ""workload_seed_derivation"": ""SnaQ3-v2 master/n/repetition streams"", ""workload_sha256"": ""46158e9b1ef3947970a89bf0299be994694de0dddb8d55dd53ea803935128660""}"
qutrit_tableau_clifford,4,16,16,17,20260930,4,0.0010567179997451603,COMPLETED,,False,,8448,34359738368,21600.0,1.0.1,"{""bell_backend"": ""QuickQudits Tableau d=2; H CX and Clifford observables"", ""grid_backend"": ""QuickQudits Tableau d=3; X only"", ""movement_backend"": ""QuickQudits Tableau d=2; H and S only"", ""observable_mapping"": {""Alice_0"": {""angular_error"": 0.0, ""implemented_theta"": 0.0, ""observable"": ""Z"", ""projector_fidelity"": 1.0, ""target_theta"": 0.0}, ""Alice_1"": {""angular_error"": 0.0, ""implemented_theta"": 0.7853981633974483, ""observable"": ""X"", ""projector_fidelity"": 1.0, ""target_theta"": 0.7853981633974483}, ""Alice_2"": {""angular_error"": 0.0, ""implemented_theta"": 0.0, ""observable"": ""Z"", ""projector_fidelity"": 1.0, ""target_theta"": 0.0}, ""Alice_3"": {""angular_error"": 0.0, ""implemented_theta"": 0.7853981633974483, ""observable"": ""X"", ""projector_fidelity"": 1.0, ""target_theta"": 0.7853981633974483}, ""Bob_0"": {""angular_error"": 0.39269908169872414, ""implemented_theta"": 0.0, ""observable"": ""Z"", ""projector_fidelity"": 0.8535533905932737, ""target_theta"": 0.39269908169872414}, ""Bob_1"": {""angular_error"": 0.39269908169872414, ""implemented_theta"": 0.0, ""observable"": ""Z"", ""projector_fidelity"": 0.8535533905932737, ""target_theta"": -0.39269908169872414}, ""Bob_2"": {""angular_error"": 0.39269908169872414, ""implemented_theta"": 0.0, ""observable"": ""Z"", ""projector_fidelity"": 0.8535533905932737, ""target_theta"": 0.39269908169872414}, ""Bob_3"": {""angular_error"": 0.39269908169872414, ""implemented_theta"": 0.0, ""observable"": ""Z"", ""projector_fidelity"": 0.8535533905932737, ""target_theta"": -0.39269908169872414}}, ""player_grid_count"": 2, ""synthetic_scaling_point"": false, ""systems_per_player"": 16, ""tableau_array_bytes_per_player"": 1056, ""workload_seed_derivation"": ""SnaQ3-v2 master/n/repetition streams"", ""workload_sha256"": ""b6d9bc8e827f747d4d2aeb5c60d5516f870718a7a18093f5c35d2852cc399ac5""}"
qutrit_tableau_clifford,4,16,16,18,20260930,4,0.0010860849943128414,COMPLETED,,False,,8448,34359738368,21600.0,1.0.1,"{""bell_backend"": ""QuickQudits Tableau d=2; H CX and Clifford observables"", ""grid_backend"": ""QuickQudits Tableau d=3; X only"", ""movement_backend"": ""QuickQudits Tableau d=2; H and S only"", ""observable_mapping"": {""Alice_0"": {""angular_error"": 0.0, ""implemented_theta"": 0.0, ""observable"": ""Z"", ""projector_fidelity"": 1.0, ""target_theta"": 0.0}, ""Alice_1"": {""angular_error"": 0.0, ""implemented_theta"": 0.7853981633974483, ""observable"": ""X"", ""projector_fidelity"": 1.0, ""target_theta"": 0.7853981633974483}, ""Alice_2"": {""angular_error"": 0.0, ""implemented_theta"": 0.0, ""observable"": ""Z"", ""projector_fidelity"": 1.0, ""target_theta"": 0.0}, ""Alice_3"": {""angular_error"": 0.0, ""implemented_theta"": 0.7853981633974483, ""observable"": ""X"", ""projector_fidelity"": 1.0, ""target_theta"": 0.7853981633974483}, ""Bob_0"": {""angular_error"": 0.39269908169872414, ""implemented_theta"": 0.0, ""observable"": ""Z"", ""projector_fidelity"": 0.8535533905932737, ""target_theta"": 0.39269908169872414}, ""Bob_1"": {""angular_error"": 0.39269908169872414, ""implemented_theta"": 0.0, ""observable"": ""Z"", ""projector_fidelity"": 0.8535533905932737, ""target_theta"": -0.39269908169872414}, ""Bob_2"": {""angular_error"": 0.39269908169872414, ""implemented_theta"": 0.0, ""observable"": ""Z"", ""projector_fidelity"": 0.8535533905932737, ""target_theta"": 0.39269908169872414}, ""Bob_3"": {""angular_error"": 0.39269908169872414, ""implemented_theta"": 0.0, ""observable"": ""Z"", ""projector_fidelity"": 0.8535533905932737, ""target_theta"": -0.39269908169872414}}, ""player_grid_count"": 2, ""synthetic_scaling_point"": false, ""systems_per_player"": 16, ""tableau_array_bytes_per_player"": 1056, ""workload_seed_derivation"": ""SnaQ3-v2 master/n/repetition streams"", ""workload_sha256"": ""34e6c6f75e8f0df0144f051fbdf770608728f62502700a55d24f617b5278b747""}"
qutrit_tableau_clifford,4,16,16,19,20260930,4,0.000999218005745206,COMPLETED,,False,,8448,34359738368,21600.0,1.0.1,"{""bell_backend"": ""QuickQudits Tableau d=2; H CX and Clifford observables"", ""grid_backend"": ""QuickQudits Tableau d=3; X only"", ""movement_backend"": ""QuickQudits Tableau d=2; H and S only"", ""observable_mapping"": {""Alice_0"": {""angular_error"": 0.0, ""implemented_theta"": 0.0, ""observable"": ""Z"", ""projector_fidelity"": 1.0, ""target_theta"": 0.0}, ""Alice_1"": {""angular_error"": 0.0, ""implemented_theta"": 0.7853981633974483, ""observable"": ""X"", ""projector_fidelity"": 1.0, ""target_theta"": 0.7853981633974483}, ""Alice_2"": {""angular_error"": 0.0, ""implemented_theta"": 0.0, ""observable"": ""Z"", ""projector_fidelity"": 1.0, ""target_theta"": 0.0}, ""Alice_3"": {""angular_error"": 0.0, ""implemented_theta"": 0.7853981633974483, ""observable"": ""X"", ""projector_fidelity"": 1.0, ""target_theta"": 0.7853981633974483}, ""Bob_0"": {""angular_error"": 0.39269908169872414, ""implemented_theta"": 0.0, ""observable"": ""Z"", ""projector_fidelity"": 0.8535533905932737, ""target_theta"": 0.39269908169872414}, ""Bob_1"": {""angular_error"": 0.39269908169872414, ""implemented_theta"": 0.0, ""observable"": ""Z"", ""projector_fidelity"": 0.8535533905932737, ""target_theta"": -0.39269908169872414}, ""Bob_2"": {""angular_error"": 0.39269908169872414, ""implemented_theta"": 0.0, ""observable"": ""Z"", ""projector_fidelity"": 0.8535533905932737, ""target_theta"": 0.39269908169872414}, ""Bob_3"": {""angular_error"": 0.39269908169872414, ""implemented_theta"": 0.0, ""observable"": ""Z"", ""projector_fidelity"": 0.8535533905932737, ""target_theta"": -0.39269908169872414}}, ""player_grid_count"": 2, ""synthetic_scaling_point"": false, ""systems_per_player"": 16, ""tableau_array_bytes_per_player"": 1056, ""workload_seed_derivation"": ""SnaQ3-v2 master/n/repetition streams"", ""workload_sha256"": ""2eb5125711142db3cd9ebcdfdab78ade0bbba195cf655275030337f06bb2836c""}"
qubit_transpiled,4,16,32,0,20260930,4,,OOM,configured memory guard: estimated working set exceeds limit,False,68719476736,274877906944,34359738368,21600.0,1.0.1,"{""bell_backend"": ""QuickQudits QuantumCircuit d=2, same exact Bell sequence"", ""encoding"": {""0"": ""00"", ""1"": ""01"", ""2"": ""10"", ""invalid"": ""11""}, ""grid_backend"": ""two full QuickQudits QuantumCircuit d=2 statevectors, 2m qubits each"", ""memory_guard"": ""four dense vectors within configured ceiling and half available memory"", ""player_grid_count"": 2, ""synthetic_scaling_point"": false, ""systems_per_player"": 32, ""transpiled_gates"": ""qutrit X -> X(q0), CX(q0,q1), CX(q1,q0); invalid 11 fixed"", ""workload_seed_derivation"": ""SnaQ3-v2 master/n/repetition streams""}"
qubit_transpiled,4,16,32,1,20260930,4,,OOM,configured memory guard: estimated working set exceeds limit,False,68719476736,274877906944,34359738368,21600.0,1.0.1,"{""bell_backend"": ""QuickQudits QuantumCircuit d=2, same exact Bell sequence"", ""encoding"": {""0"": ""00"", ""1"": ""01"", ""2"": ""10"", ""invalid"": ""11""}, ""grid_backend"": ""two full QuickQudits QuantumCircuit d=2 statevectors, 2m qubits each"", ""memory_guard"": ""four dense vectors within configured ceiling and half available memory"", ""player_grid_count"": 2, ""synthetic_scaling_point"": false, ""systems_per_player"": 32, ""transpiled_gates"": ""qutrit X -> X(q0), CX(q0,q1), CX(q1,q0); invalid 11 fixed"", ""workload_seed_derivation"": ""SnaQ3-v2 master/n/repetition streams""}"
qubit_transpiled,4,16,32,2,20260930,4,,OOM,configured memory guard: estimated working set exceeds limit,False,68719476736,274877906944,34359738368,21600.0,1.0.1,"{""bell_backend"": ""QuickQudits QuantumCircuit d=2, same exact Bell sequence"", ""encoding"": {""0"": ""00"", ""1"": ""01"", ""2"": ""10"", ""invalid"": ""11""}, ""grid_backend"": ""two full QuickQudits QuantumCircuit d=2 statevectors, 2m qubits each"", ""memory_guard"": ""four dense vectors within configured ceiling and half available memory"", ""player_grid_count"": 2, ""synthetic_scaling_point"": false, ""systems_per_player"": 32, ""transpiled_gates"": ""qutrit X -> X(q0), CX(q0,q1), CX(q1,q0); invalid 11 fixed"", ""workload_seed_derivation"": ""SnaQ3-v2 master/n/repetition streams""}"
qubit_transpiled,4,16,32,3,20260930,4,,OOM,configured memory guard: estimated working set exceeds limit,False,68719476736,274877906944,34359738368,21600.0,1.0.1,"{""bell_backend"": ""QuickQudits QuantumCircuit d=2, same exact Bell sequence"", ""encoding"": {""0"": ""00"", ""1"": ""01"", ""2"": ""10"", ""invalid"": ""11""}, ""grid_backend"": ""two full QuickQudits QuantumCircuit d=2 statevectors, 2m qubits each"", ""memory_guard"": ""four dense vectors within configured ceiling and half available memory"", ""player_grid_count"": 2, ""synthetic_scaling_point"": false, ""systems_per_player"": 32, ""transpiled_gates"": ""qutrit X -> X(q0), CX(q0,q1), CX(q1,q0); invalid 11 fixed"", ""workload_seed_derivation"": ""SnaQ3-v2 master/n/repetition streams""}"
qubit_transpiled,4,16,32,4,20260930,4,,OOM,configured memory guard: estimated working set exceeds limit,False,68719476736,274877906944,34359738368,21600.0,1.0.1,"{""bell_backend"": ""QuickQudits QuantumCircuit d=2, same exact Bell sequence"", ""encoding"": {""0"": ""00"", ""1"": ""01"", ""2"": ""10"", ""invalid"": ""11""}, ""grid_backend"": ""two full QuickQudits QuantumCircuit d=2 statevectors, 2m qubits each"", ""memory_guard"": ""four dense vectors within configured ceiling and half available memory"", ""player_grid_count"": 2, ""synthetic_scaling_point"": false, ""systems_per_player"": 32, ""transpiled_gates"": ""qutrit X -> X(q0), CX(q0,q1), CX(q1,q0); invalid 11 fixed"", ""workload_seed_derivation"": ""SnaQ3-v2 master/n/repetition streams""}"
qubit_tableau_transpiled,4,16,32,0,20260930,4,0.0013838910017511807,COMPLETED,,False,,33280,34359738368,21600.0,1.0.1,"{""bell_backend"": ""QuickQudits Tableau d=2; same Clifford Bell observables as qutrit_tableau_clifford"", ""dense_statevector"": false, ""encoding"": {""0"": ""00"", ""1"": ""01"", ""2"": ""10"", ""invalid"": ""11""}, ""grid_backend"": ""two full QuickQudits Tableau d=2 registers, 2m qubits each"", ""movement_backend"": ""QuickQudits Tableau d=2; H and S only"", ""observable_mapping"": {""Alice_0"": {""angular_error"": 0.0, ""implemented_theta"": 0.0, ""observable"": ""Z"", ""projector_fidelity"": 1.0, ""target_theta"": 0.0}, ""Alice_1"": {""angular_error"": 0.0, ""implemented_theta"": 0.7853981633974483, ""observable"": ""X"", ""projector_fidelity"": 1.0, ""target_theta"": 0.7853981633974483}, ""Alice_2"": {""angular_error"": 0.0, ""implemented_theta"": 0.0, ""observable"": ""Z"", ""projector_fidelity"": 1.0, ""target_theta"": 0.0}, ""Alice_3"": {""angular_error"": 0.0, ""implemented_theta"": 0.7853981633974483, ""observable"": ""X"", ""projector_fidelity"": 1.0, ""target_theta"": 0.7853981633974483}, ""Bob_0"": {""angular_error"": 0.39269908169872414, ""implemented_theta"": 0.0, ""observable"": ""Z"", ""projector_fidelity"": 0.8535533905932737, ""target_theta"": 0.39269908169872414}, ""Bob_1"": {""angular_error"": 0.39269908169872414, ""implemented_theta"": 0.0, ""observable"": ""Z"", ""projector_fidelity"": 0.8535533905932737, ""target_theta"": -0.39269908169872414}, ""Bob_2"": {""angular_error"": 0.39269908169872414, ""implemented_theta"": 0.0, ""observable"": ""Z"", ""projector_fidelity"": 0.8535533905932737, ""target_theta"": 0.39269908169872414}, ""Bob_3"": {""angular_error"": 0.39269908169872414, ""implemented_theta"": 0.0, ""observable"": ""Z"", ""projector_fidelity"": 0.8535533905932737, ""target_theta"": -0.39269908169872414}}, ""player_grid_count"": 2, ""qubits_per_player_grid"": 32, ""synthetic_scaling_point"": false, ""systems_per_player"": 32, ""tableau_array_bytes_per_player"": 4160, ""transpiled_gates"": ""qutrit X -> X(q0), CX(q0,q1), CX(q1,q0); invalid 11 fixed"", ""workload_seed_derivation"": ""SnaQ3-v2 master/n/repetition streams"", ""workload_sha256"": ""7e181b366a9681784dfe83fae3c06f9f2d9864a352da3cdd13473b6a367e7121""}"
qubit_tableau_transpiled,4,16,32,1,20260930,4,0.0013897070020902902,COMPLETED,,False,,33280,34359738368,21600.0,1.0.1,"{""bell_backend"": ""QuickQudits Tableau d=2; same Clifford Bell observables as qutrit_tableau_clifford"", ""dense_statevector"": false, ""encoding"": {""0"": ""00"", ""1"": ""01"", ""2"": ""10"", ""invalid"": ""11""}, ""grid_backend"": ""two full QuickQudits Tableau d=2 registers, 2m qubits each"", ""movement_backend"": ""QuickQudits Tableau d=2; H and S only"", ""observable_mapping"": {""Alice_0"": {""angular_error"": 0.0, ""implemented_theta"": 0.0, ""observable"": ""Z"", ""projector_fidelity"": 1.0, ""target_theta"": 0.0}, ""Alice_1"": {""angular_error"": 0.0, ""implemented_theta"": 0.7853981633974483, ""observable"": ""X"", ""projector_fidelity"": 1.0, ""target_theta"": 0.7853981633974483}, ""Alice_2"": {""angular_error"": 0.0, ""implemented_theta"": 0.0, ""observable"": ""Z"", ""projector_fidelity"": 1.0, ""target_theta"": 0.0}, ""Alice_3"": {""angular_error"": 0.0, ""implemented_theta"": 0.7853981633974483, ""observable"": ""X"", ""projector_fidelity"": 1.0, ""target_theta"": 0.7853981633974483}, ""Bob_0"": {""angular_error"": 0.39269908169872414, ""implemented_theta"": 0.0, ""observable"": ""Z"", ""projector_fidelity"": 0.8535533905932737, ""target_theta"": 0.39269908169872414}, ""Bob_1"": {""angular_error"": 0.39269908169872414, ""implemented_theta"": 0.0, ""observable"": ""Z"", ""projector_fidelity"": 0.8535533905932737, ""target_theta"": -0.39269908169872414}, ""Bob_2"": {""angular_error"": 0.39269908169872414, ""implemented_theta"": 0.0, ""observable"": ""Z"", ""projector_fidelity"": 0.8535533905932737, ""target_theta"": 0.39269908169872414}, ""Bob_3"": {""angular_error"": 0.39269908169872414, ""implemented_theta"": 0.0, ""observable"": ""Z"", ""projector_fidelity"": 0.8535533905932737, ""target_theta"": -0.39269908169872414}}, ""player_grid_count"": 2, ""qubits_per_player_grid"": 32, ""synthetic_scaling_point"": false, ""systems_per_player"": 32, ""tableau_array_bytes_per_player"": 4160, ""transpiled_gates"": ""qutrit X -> X(q0), CX(q0,q1), CX(q1,q0); invalid 11 fixed"", ""workload_seed_derivation"": ""SnaQ3-v2 master/n/repetition streams"", ""workload_sha256"": ""40f86edfd2eb97ab11c896ef25a6728a7a324c42a9f3d2d97c9f6d1ed56b2afe""}"
qubit_tableau_transpiled,4,16,32,2,20260930,4,0.0013287509937072173,COMPLETED,,False,,33280,34359738368,21600.0,1.0.1,"{""bell_backend"": ""QuickQudits Tableau d=2; same Clifford Bell observables as qutrit_tableau_clifford"", ""dense_statevector"": false, ""encoding"": {""0"": ""00"", ""1"": ""01"", ""2"": ""10"", ""invalid"": ""11""}, ""grid_backend"": ""two full QuickQudits Tableau d=2 registers, 2m qubits each"", ""movement_backend"": ""QuickQudits Tableau d=2; H and S only"", ""observable_mapping"": {""Alice_0"": {""angular_error"": 0.0, ""implemented_theta"": 0.0, ""observable"": ""Z"", ""projector_fidelity"": 1.0, ""target_theta"": 0.0}, ""Alice_1"": {""angular_error"": 0.0, ""implemented_theta"": 0.7853981633974483, ""observable"": ""X"", ""projector_fidelity"": 1.0, ""target_theta"": 0.7853981633974483}, ""Alice_2"": {""angular_error"": 0.0, ""implemented_theta"": 0.0, ""observable"": ""Z"", ""projector_fidelity"": 1.0, ""target_theta"": 0.0}, ""Alice_3"": {""angular_error"": 0.0, ""implemented_theta"": 0.7853981633974483, ""observable"": ""X"", ""projector_fidelity"": 1.0, ""target_theta"": 0.7853981633974483}, ""Bob_0"": {""angular_error"": 0.39269908169872414, ""implemented_theta"": 0.0, ""observable"": ""Z"", ""projector_fidelity"": 0.8535533905932737, ""target_theta"": 0.39269908169872414}, ""Bob_1"": {""angular_error"": 0.39269908169872414, ""implemented_theta"": 0.0, ""observable"": ""Z"", ""projector_fidelity"": 0.8535533905932737, ""target_theta"": -0.39269908169872414}, ""Bob_2"": {""angular_error"": 0.39269908169872414, ""implemented_theta"": 0.0, ""observable"": ""Z"", ""projector_fidelity"": 0.8535533905932737, ""target_theta"": 0.39269908169872414}, ""Bob_3"": {""angular_error"": 0.39269908169872414, ""implemented_theta"": 0.0, ""observable"": ""Z"", ""projector_fidelity"": 0.8535533905932737, ""target_theta"": -0.39269908169872414}}, ""player_grid_count"": 2, ""qubits_per_player_grid"": 32, ""synthetic_scaling_point"": false, ""systems_per_player"": 32, ""tableau_array_bytes_per_player"": 4160, ""transpiled_gates"": ""qutrit X -> X(q0), CX(q0,q1), CX(q1,q0); invalid 11 fixed"", ""workload_seed_derivation"": ""SnaQ3-v2 master/n/repetition streams"", ""workload_sha256"": ""4849c17637994a783e9ca0517f4ce182400ff4f0fa02146022113dfc996978c6""}"
qubit_tableau_transpiled,4,16,32,3,20260930,4,0.001327830999798607,COMPLETED,,False,,33280,34359738368,21600.0,1.0.1,"{""bell_backend"": ""QuickQudits Tableau d=2; same Clifford Bell observables as qutrit_tableau_clifford"", ""dense_statevector"": false, ""encoding"": {""0"": ""00"", ""1"": ""01"", ""2"": ""10"", ""invalid"": ""11""}, ""grid_backend"": ""two full QuickQudits Tableau d=2 registers, 2m qubits each"", ""movement_backend"": ""QuickQudits Tableau d=2; H and S only"", ""observable_mapping"": {""Alice_0"": {""angular_error"": 0.0, ""implemented_theta"": 0.0, ""observable"": ""Z"", ""projector_fidelity"": 1.0, ""target_theta"": 0.0}, ""Alice_1"": {""angular_error"": 0.0, ""implemented_theta"": 0.7853981633974483, ""observable"": ""X"", ""projector_fidelity"": 1.0, ""target_theta"": 0.7853981633974483}, ""Alice_2"": {""angular_error"": 0.0, ""implemented_theta"": 0.0, ""observable"": ""Z"", ""projector_fidelity"": 1.0, ""target_theta"": 0.0}, ""Alice_3"": {""angular_error"": 0.0, ""implemented_theta"": 0.7853981633974483, ""observable"": ""X"", ""projector_fidelity"": 1.0, ""target_theta"": 0.7853981633974483}, ""Bob_0"": {""angular_error"": 0.39269908169872414, ""implemented_theta"": 0.0, ""observable"": ""Z"", ""projector_fidelity"": 0.8535533905932737, ""target_theta"": 0.39269908169872414}, ""Bob_1"": {""angular_error"": 0.39269908169872414, ""implemented_theta"": 0.0, ""observable"": ""Z"", ""projector_fidelity"": 0.8535533905932737, ""target_theta"": -0.39269908169872414}, ""Bob_2"": {""angular_error"": 0.39269908169872414, ""implemented_theta"": 0.0, ""observable"": ""Z"", ""projector_fidelity"": 0.8535533905932737, ""target_theta"": 0.39269908169872414}, ""Bob_3"": {""angular_error"": 0.39269908169872414, ""implemented_theta"": 0.0, ""observable"": ""Z"", ""projector_fidelity"": 0.8535533905932737, ""target_theta"": -0.39269908169872414}}, ""player_grid_count"": 2, ""qubits_per_player_grid"": 32, ""synthetic_scaling_point"": false, ""systems_per_player"": 32, ""tableau_array_bytes_per_player"": 4160, ""transpiled_gates"": ""qutrit X -> X(q0), CX(q0,q1), CX(q1,q0); invalid 11 fixed"", ""workload_seed_derivation"": ""SnaQ3-v2 master/n/repetition streams"", ""workload_sha256"": ""bd5edb400c7096821694dfd86d41f3dd71454727c879c737c58611c220043b35""}"
qubit_tableau_transpiled,4,16,32,4,20260930,4,0.0014241859971662052,COMPLETED,,False,,33280,34359738368,21600.0,1.0.1,"{""bell_backend"": ""QuickQudits Tableau d=2; same Clifford Bell observables as qutrit_tableau_clifford"", ""dense_statevector"": false, ""encoding"": {""0"": ""00"", ""1"": ""01"", ""2"": ""10"", ""invalid"": ""11""}, ""grid_backend"": ""two full QuickQudits Tableau d=2 registers, 2m qubits each"", ""movement_backend"": ""QuickQudits Tableau d=2; H and S only"", ""observable_mapping"": {""Alice_0"": {""angular_error"": 0.0, ""implemented_theta"": 0.0, ""observable"": ""Z"", ""projector_fidelity"": 1.0, ""target_theta"": 0.0}, ""Alice_1"": {""angular_error"": 0.0, ""implemented_theta"": 0.7853981633974483, ""observable"": ""X"", ""projector_fidelity"": 1.0, ""target_theta"": 0.7853981633974483}, ""Alice_2"": {""angular_error"": 0.0, ""implemented_theta"": 0.0, ""observable"": ""Z"", ""projector_fidelity"": 1.0, ""target_theta"": 0.0}, ""Alice_3"": {""angular_error"": 0.0, ""implemented_theta"": 0.7853981633974483, ""observable"": ""X"", ""projector_fidelity"": 1.0, ""target_theta"": 0.7853981633974483}, ""Bob_0"": {""angular_error"": 0.39269908169872414, ""implemented_theta"": 0.0, ""observable"": ""Z"", ""projector_fidelity"": 0.8535533905932737, ""target_theta"": 0.39269908169872414}, ""Bob_1"": {""angular_error"": 0.39269908169872414, ""implemented_theta"": 0.0, ""observable"": ""Z"", ""projector_fidelity"": 0.8535533905932737, ""target_theta"": -0.39269908169872414}, ""Bob_2"": {""angular_error"": 0.39269908169872414, ""implemented_theta"": 0.0, ""observable"": ""Z"", ""projector_fidelity"": 0.8535533905932737, ""target_theta"": 0.39269908169872414}, ""Bob_3"": {""angular_error"": 0.39269908169872414, ""implemented_theta"": 0.0, ""observable"": ""Z"", ""projector_fidelity"": 0.8535533905932737, ""target_theta"": -0.39269908169872414}}, ""player_grid_count"": 2, ""qubits_per_player_grid"": 32, ""synthetic_scaling_point"": false, ""systems_per_player"": 32, ""tableau_array_bytes_per_player"": 4160, ""transpiled_gates"": ""qutrit X -> X(q0), CX(q0,q1), CX(q1,q0); invalid 11 fixed"", ""workload_seed_derivation"": ""SnaQ3-v2 master/n/repetition streams"", ""workload_sha256"": ""c01130fb410695eab0f9cea7b7efef49cf907c11c5fdf5388a525beb9a6f3412""}"
qubit_tableau_transpiled,4,16,32,5,20260930,4,0.0013152719984645955,COMPLETED,,False,,33280,34359738368,21600.0,1.0.1,"{""bell_backend"": ""QuickQudits Tableau d=2; same Clifford Bell observables as qutrit_tableau_clifford"", ""dense_statevector"": false, ""encoding"": {""0"": ""00"", ""1"": ""01"", ""2"": ""10"", ""invalid"": ""11""}, ""grid_backend"": ""two full QuickQudits Tableau d=2 registers, 2m qubits each"", ""movement_backend"": ""QuickQudits Tableau d=2; H and S only"", ""observable_mapping"": {""Alice_0"": {""angular_error"": 0.0, ""implemented_theta"": 0.0, ""observable"": ""Z"", ""projector_fidelity"": 1.0, ""target_theta"": 0.0}, ""Alice_1"": {""angular_error"": 0.0, ""implemented_theta"": 0.7853981633974483, ""observable"": ""X"", ""projector_fidelity"": 1.0, ""target_theta"": 0.7853981633974483}, ""Alice_2"": {""angular_error"": 0.0, ""implemented_theta"": 0.0, ""observable"": ""Z"", ""projector_fidelity"": 1.0, ""target_theta"": 0.0}, ""Alice_3"": {""angular_error"": 0.0, ""implemented_theta"": 0.7853981633974483, ""observable"": ""X"", ""projector_fidelity"": 1.0, ""target_theta"": 0.7853981633974483}, ""Bob_0"": {""angular_error"": 0.39269908169872414, ""implemented_theta"": 0.0, ""observable"": ""Z"", ""projector_fidelity"": 0.8535533905932737, ""target_theta"": 0.39269908169872414}, ""Bob_1"": {""angular_error"": 0.39269908169872414, ""implemented_theta"": 0.0, ""observable"": ""Z"", ""projector_fidelity"": 0.8535533905932737, ""target_theta"": -0.39269908169872414}, ""Bob_2"": {""angular_error"": 0.39269908169872414, ""implemented_theta"": 0.0, ""observable"": ""Z"", ""projector_fidelity"": 0.8535533905932737, ""target_theta"": 0.39269908169872414}, ""Bob_3"": {""angular_error"": 0.39269908169872414, ""implemented_theta"": 0.0, ""observable"": ""Z"", ""projector_fidelity"": 0.8535533905932737, ""target_theta"": -0.39269908169872414}}, ""player_grid_count"": 2, ""qubits_per_player_grid"": 32, ""synthetic_scaling_point"": false, ""systems_per_player"": 32, ""tableau_array_bytes_per_player"": 4160, ""transpiled_gates"": ""qutrit X -> X(q0), CX(q0,q1), CX(q1,q0); invalid 11 fixed"", ""workload_seed_derivation"": ""SnaQ3-v2 master/n/repetition streams"", ""workload_sha256"": ""cd986fd4becf22980e4bd20cb53c59a535b6a09daf67099ddece27628b62e07e""}"
qubit_tableau_transpiled,4,16,32,6,20260930,4,0.0013575830016634427,COMPLETED,,False,,33280,34359738368,21600.0,1.0.1,"{""bell_backend"": ""QuickQudits Tableau d=2; same Clifford Bell observables as qutrit_tableau_clifford"", ""dense_statevector"": false, ""encoding"": {""0"": ""00"", ""1"": ""01"", ""2"": ""10"", ""invalid"": ""11""}, ""grid_backend"": ""two full QuickQudits Tableau d=2 registers, 2m qubits each"", ""movement_backend"": ""QuickQudits Tableau d=2; H and S only"", ""observable_mapping"": {""Alice_0"": {""angular_error"": 0.0, ""implemented_theta"": 0.0, ""observable"": ""Z"", ""projector_fidelity"": 1.0, ""target_theta"": 0.0}, ""Alice_1"": {""angular_error"": 0.0, ""implemented_theta"": 0.7853981633974483, ""observable"": ""X"", ""projector_fidelity"": 1.0, ""target_theta"": 0.7853981633974483}, ""Alice_2"": {""angular_error"": 0.0, ""implemented_theta"": 0.0, ""observable"": ""Z"", ""projector_fidelity"": 1.0, ""target_theta"": 0.0}, ""Alice_3"": {""angular_error"": 0.0, ""implemented_theta"": 0.7853981633974483, ""observable"": ""X"", ""projector_fidelity"": 1.0, ""target_theta"": 0.7853981633974483}, ""Bob_0"": {""angular_error"": 0.39269908169872414, ""implemented_theta"": 0.0, ""observable"": ""Z"", ""projector_fidelity"": 0.8535533905932737, ""target_theta"": 0.39269908169872414}, ""Bob_1"": {""angular_error"": 0.39269908169872414, ""implemented_theta"": 0.0, ""observable"": ""Z"", ""projector_fidelity"": 0.8535533905932737, ""target_theta"": -0.39269908169872414}, ""Bob_2"": {""angular_error"": 0.39269908169872414, ""implemented_theta"": 0.0, ""observable"": ""Z"", ""projector_fidelity"": 0.8535533905932737, ""target_theta"": 0.39269908169872414}, ""Bob_3"": {""angular_error"": 0.39269908169872414, ""implemented_theta"": 0.0, ""observable"": ""Z"", ""projector_fidelity"": 0.8535533905932737, ""target_theta"": -0.39269908169872414}}, ""player_grid_count"": 2, ""qubits_per_player_grid"": 32, ""synthetic_scaling_point"": false, ""systems_per_player"": 32, ""tableau_array_bytes_per_player"": 4160, ""transpiled_gates"": ""qutrit X -> X(q0), CX(q0,q1), CX(q1,q0); invalid 11 fixed"", ""workload_seed_derivation"": ""SnaQ3-v2 master/n/repetition streams"", ""workload_sha256"": ""d952ed878c2dee49142a11a3d1aad25ae99d842e4d7d522c16b507d0d1fff4cd""}"
qubit_tableau_transpiled,4,16,32,7,20260930,4,0.0013098350027576089,COMPLETED,,False,,33280,34359738368,21600.0,1.0.1,"{""bell_backend"": ""QuickQudits Tableau d=2; same Clifford Bell observables as qutrit_tableau_clifford"", ""dense_statevector"": false, ""encoding"": {""0"": ""00"", ""1"": ""01"", ""2"": ""10"", ""invalid"": ""11""}, ""grid_backend"": ""two full QuickQudits Tableau d=2 registers, 2m qubits each"", ""movement_backend"": ""QuickQudits Tableau d=2; H and S only"", ""observable_mapping"": {""Alice_0"": {""angular_error"": 0.0, ""implemented_theta"": 0.0, ""observable"": ""Z"", ""projector_fidelity"": 1.0, ""target_theta"": 0.0}, ""Alice_1"": {""angular_error"": 0.0, ""implemented_theta"": 0.7853981633974483, ""observable"": ""X"", ""projector_fidelity"": 1.0, ""target_theta"": 0.7853981633974483}, ""Alice_2"": {""angular_error"": 0.0, ""implemented_theta"": 0.0, ""observable"": ""Z"", ""projector_fidelity"": 1.0, ""target_theta"": 0.0}, ""Alice_3"": {""angular_error"": 0.0, ""implemented_theta"": 0.7853981633974483, ""observable"": ""X"", ""projector_fidelity"": 1.0, ""target_theta"": 0.7853981633974483}, ""Bob_0"": {""angular_error"": 0.39269908169872414, ""implemented_theta"": 0.0, ""observable"": ""Z"", ""projector_fidelity"": 0.8535533905932737, ""target_theta"": 0.39269908169872414}, ""Bob_1"": {""angular_error"": 0.39269908169872414, ""implemented_theta"": 0.0, ""observable"": ""Z"", ""projector_fidelity"": 0.8535533905932737, ""target_theta"": -0.39269908169872414}, ""Bob_2"": {""angular_error"": 0.39269908169872414, ""implemented_theta"": 0.0, ""observable"": ""Z"", ""projector_fidelity"": 0.8535533905932737, ""target_theta"": 0.39269908169872414}, ""Bob_3"": {""angular_error"": 0.39269908169872414, ""implemented_theta"": 0.0, ""observable"": ""Z"", ""projector_fidelity"": 0.8535533905932737, ""target_theta"": -0.39269908169872414}}, ""player_grid_count"": 2, ""qubits_per_player_grid"": 32, ""synthetic_scaling_point"": false, ""systems_per_player"": 32, ""tableau_array_bytes_per_player"": 4160, ""transpiled_gates"": ""qutrit X -> X(q0), CX(q0,q1), CX(q1,q0); invalid 11 fixed"", ""workload_seed_derivation"": ""SnaQ3-v2 master/n/repetition streams"", ""workload_sha256"": ""e842cfc3c5d2b7b7677658244d9958b0bcecb2e77eaafb708c5f31c7a491b4eb""}"
qubit_tableau_transpiled,4,16,32,8,20260930,4,0.0014767550019314513,COMPLETED,,False,,33280,34359738368,21600.0,1.0.1,"{""bell_backend"": ""QuickQudits Tableau d=2; same Clifford Bell observables as qutrit_tableau_clifford"", ""dense_statevector"": false, ""encoding"": {""0"": ""00"", ""1"": ""01"", ""2"": ""10"", ""invalid"": ""11""}, ""grid_backend"": ""two full QuickQudits Tableau d=2 registers, 2m qubits each"", ""movement_backend"": ""QuickQudits Tableau d=2; H and S only"", ""observable_mapping"": {""Alice_0"": {""angular_error"": 0.0, ""implemented_theta"": 0.0, ""observable"": ""Z"", ""projector_fidelity"": 1.0, ""target_theta"": 0.0}, ""Alice_1"": {""angular_error"": 0.0, ""implemented_theta"": 0.7853981633974483, ""observable"": ""X"", ""projector_fidelity"": 1.0, ""target_theta"": 0.7853981633974483}, ""Alice_2"": {""angular_error"": 0.0, ""implemented_theta"": 0.0, ""observable"": ""Z"", ""projector_fidelity"": 1.0, ""target_theta"": 0.0}, ""Alice_3"": {""angular_error"": 0.0, ""implemented_theta"": 0.7853981633974483, ""observable"": ""X"", ""projector_fidelity"": 1.0, ""target_theta"": 0.7853981633974483}, ""Bob_0"": {""angular_error"": 0.39269908169872414, ""implemented_theta"": 0.0, ""observable"": ""Z"", ""projector_fidelity"": 0.8535533905932737, ""target_theta"": 0.39269908169872414}, ""Bob_1"": {""angular_error"": 0.39269908169872414, ""implemented_theta"": 0.0, ""observable"": ""Z"", ""projector_fidelity"": 0.8535533905932737, ""target_theta"": -0.39269908169872414}, ""Bob_2"": {""angular_error"": 0.39269908169872414, ""implemented_theta"": 0.0, ""observable"": ""Z"", ""projector_fidelity"": 0.8535533905932737, ""target_theta"": 0.39269908169872414}, ""Bob_3"": {""angular_error"": 0.39269908169872414, ""implemented_theta"": 0.0, ""observable"": ""Z"", ""projector_fidelity"": 0.8535533905932737, ""target_theta"": -0.39269908169872414}}, ""player_grid_count"": 2, ""qubits_per_player_grid"": 32, ""synthetic_scaling_point"": false, ""systems_per_player"": 32, ""tableau_array_bytes_per_player"": 4160, ""transpiled_gates"": ""qutrit X -> X(q0), CX(q0,q1), CX(q1,q0); invalid 11 fixed"", ""workload_seed_derivation"": ""SnaQ3-v2 master/n/repetition streams"", ""workload_sha256"": ""6c295608ae078052df1eeb632fa11a1d7e2989068cb048da8a7a3b1f3d405d3f""}"
qubit_tableau_transpiled,4,16,32,9,20260930,4,0.0013415859939414077,COMPLETED,,False,,33280,34359738368,21600.0,1.0.1,"{""bell_backend"": ""QuickQudits Tableau d=2; same Clifford Bell observables as qutrit_tableau_clifford"", ""dense_statevector"": false, ""encoding"": {""0"": ""00"", ""1"": ""01"", ""2"": ""10"", ""invalid"": ""11""}, ""grid_backend"": ""two full QuickQudits Tableau d=2 registers, 2m qubits each"", ""movement_backend"": ""QuickQudits Tableau d=2; H and S only"", ""observable_mapping"": {""Alice_0"": {""angular_error"": 0.0, ""implemented_theta"": 0.0, ""observable"": ""Z"", ""projector_fidelity"": 1.0, ""target_theta"": 0.0}, ""Alice_1"": {""angular_error"": 0.0, ""implemented_theta"": 0.7853981633974483, ""observable"": ""X"", ""projector_fidelity"": 1.0, ""target_theta"": 0.7853981633974483}, ""Alice_2"": {""angular_error"": 0.0, ""implemented_theta"": 0.0, ""observable"": ""Z"", ""projector_fidelity"": 1.0, ""target_theta"": 0.0}, ""Alice_3"": {""angular_error"": 0.0, ""implemented_theta"": 0.7853981633974483, ""observable"": ""X"", ""projector_fidelity"": 1.0, ""target_theta"": 0.7853981633974483}, ""Bob_0"": {""angular_error"": 0.39269908169872414, ""implemented_theta"": 0.0, ""observable"": ""Z"", ""projector_fidelity"": 0.8535533905932737, ""target_theta"": 0.39269908169872414}, ""Bob_1"": {""angular_error"": 0.39269908169872414, ""implemented_theta"": 0.0, ""observable"": ""Z"", ""projector_fidelity"": 0.8535533905932737, ""target_theta"": -0.39269908169872414}, ""Bob_2"": {""angular_error"": 0.39269908169872414, ""implemented_theta"": 0.0, ""observable"": ""Z"", ""projector_fidelity"": 0.8535533905932737, ""target_theta"": 0.39269908169872414}, ""Bob_3"": {""angular_error"": 0.39269908169872414, ""implemented_theta"": 0.0, ""observable"": ""Z"", ""projector_fidelity"": 0.8535533905932737, ""target_theta"": -0.39269908169872414}}, ""player_grid_count"": 2, ""qubits_per_player_grid"": 32, ""synthetic_scaling_point"": false, ""systems_per_player"": 32, ""tableau_array_bytes_per_player"": 4160, ""transpiled_gates"": ""qutrit X -> X(q0), CX(q0,q1), CX(q1,q0); invalid 11 fixed"", ""workload_seed_derivation"": ""SnaQ3-v2 master/n/repetition streams"", ""workload_sha256"": ""52faf7a1d2dade294b7b0253baca14021b6ad7ebc4ed26e0b5a8469f35baf8e3""}"
qubit_tableau_transpiled,4,16,32,10,20260930,4,0.0013608700028271414,COMPLETED,,False,,33280,34359738368,21600.0,1.0.1,"{""bell_backend"": ""QuickQudits Tableau d=2; same Clifford Bell observables as qutrit_tableau_clifford"", ""dense_statevector"": false, ""encoding"": {""0"": ""00"", ""1"": ""01"", ""2"": ""10"", ""invalid"": ""11""}, ""grid_backend"": ""two full QuickQudits Tableau d=2 registers, 2m qubits each"", ""movement_backend"": ""QuickQudits Tableau d=2; H and S only"", ""observable_mapping"": {""Alice_0"": {""angular_error"": 0.0, ""implemented_theta"": 0.0, ""observable"": ""Z"", ""projector_fidelity"": 1.0, ""target_theta"": 0.0}, ""Alice_1"": {""angular_error"": 0.0, ""implemented_theta"": 0.7853981633974483, ""observable"": ""X"", ""projector_fidelity"": 1.0, ""target_theta"": 0.7853981633974483}, ""Alice_2"": {""angular_error"": 0.0, ""implemented_theta"": 0.0, ""observable"": ""Z"", ""projector_fidelity"": 1.0, ""target_theta"": 0.0}, ""Alice_3"": {""angular_error"": 0.0, ""implemented_theta"": 0.7853981633974483, ""observable"": ""X"", ""projector_fidelity"": 1.0, ""target_theta"": 0.7853981633974483}, ""Bob_0"": {""angular_error"": 0.39269908169872414, ""implemented_theta"": 0.0, ""observable"": ""Z"", ""projector_fidelity"": 0.8535533905932737, ""target_theta"": 0.39269908169872414}, ""Bob_1"": {""angular_error"": 0.39269908169872414, ""implemented_theta"": 0.0, ""observable"": ""Z"", ""projector_fidelity"": 0.8535533905932737, ""target_theta"": -0.39269908169872414}, ""Bob_2"": {""angular_error"": 0.39269908169872414, ""implemented_theta"": 0.0, ""observable"": ""Z"", ""projector_fidelity"": 0.8535533905932737, ""target_theta"": 0.39269908169872414}, ""Bob_3"": {""angular_error"": 0.39269908169872414, ""implemented_theta"": 0.0, ""observable"": ""Z"", ""projector_fidelity"": 0.8535533905932737, ""target_theta"": -0.39269908169872414}}, ""player_grid_count"": 2, ""qubits_per_player_grid"": 32, ""synthetic_scaling_point"": false, ""systems_per_player"": 32, ""tableau_array_bytes_per_player"": 4160, ""transpiled_gates"": ""qutrit X -> X(q0), CX(q0,q1), CX(q1,q0); invalid 11 fixed"", ""workload_seed_derivation"": ""SnaQ3-v2 master/n/repetition streams"", ""workload_sha256"": ""a06c7b0f276d90efa734db958fab37e6bdeb1cda3c85893441359a4182a878b4""}"
qubit_tableau_transpiled,4,16,32,11,20260930,4,0.0013297080004122108,COMPLETED,,False,,33280,34359738368,21600.0,1.0.1,"{""bell_backend"": ""QuickQudits Tableau d=2; same Clifford Bell observables as qutrit_tableau_clifford"", ""dense_statevector"": false, ""encoding"": {""0"": ""00"", ""1"": ""01"", ""2"": ""10"", ""invalid"": ""11""}, ""grid_backend"": ""two full QuickQudits Tableau d=2 registers, 2m qubits each"", ""movement_backend"": ""QuickQudits Tableau d=2; H and S only"", ""observable_mapping"": {""Alice_0"": {""angular_error"": 0.0, ""implemented_theta"": 0.0, ""observable"": ""Z"", ""projector_fidelity"": 1.0, ""target_theta"": 0.0}, ""Alice_1"": {""angular_error"": 0.0, ""implemented_theta"": 0.7853981633974483, ""observable"": ""X"", ""projector_fidelity"": 1.0, ""target_theta"": 0.7853981633974483}, ""Alice_2"": {""angular_error"": 0.0, ""implemented_theta"": 0.0, ""observable"": ""Z"", ""projector_fidelity"": 1.0, ""target_theta"": 0.0}, ""Alice_3"": {""angular_error"": 0.0, ""implemented_theta"": 0.7853981633974483, ""observable"": ""X"", ""projector_fidelity"": 1.0, ""target_theta"": 0.7853981633974483}, ""Bob_0"": {""angular_error"": 0.39269908169872414, ""implemented_theta"": 0.0, ""observable"": ""Z"", ""projector_fidelity"": 0.8535533905932737, ""target_theta"": 0.39269908169872414}, ""Bob_1"": {""angular_error"": 0.39269908169872414, ""implemented_theta"": 0.0, ""observable"": ""Z"", ""projector_fidelity"": 0.8535533905932737, ""target_theta"": -0.39269908169872414}, ""Bob_2"": {""angular_error"": 0.39269908169872414, ""implemented_theta"": 0.0, ""observable"": ""Z"", ""projector_fidelity"": 0.8535533905932737, ""target_theta"": 0.39269908169872414}, ""Bob_3"": {""angular_error"": 0.39269908169872414, ""implemented_theta"": 0.0, ""observable"": ""Z"", ""projector_fidelity"": 0.8535533905932737, ""target_theta"": -0.39269908169872414}}, ""player_grid_count"": 2, ""qubits_per_player_grid"": 32, ""synthetic_scaling_point"": false, ""systems_per_player"": 32, ""tableau_array_bytes_per_player"": 4160, ""transpiled_gates"": ""qutrit X -> X(q0), CX(q0,q1), CX(q1,q0); invalid 11 fixed"", ""workload_seed_derivation"": ""SnaQ3-v2 master/n/repetition streams"", ""workload_sha256"": ""378651ffa4d6d52b2d046902f912f69450742f74b49ad60217898e1c77d6f6e4""}"
qubit_tableau_transpiled,4,16,32,12,20260930,4,0.0013278839978738688,COMPLETED,,False,,33280,34359738368,21600.0,1.0.1,"{""bell_backend"": ""QuickQudits Tableau d=2; same Clifford Bell observables as qutrit_tableau_clifford"", ""dense_statevector"": false, ""encoding"": {""0"": ""00"", ""1"": ""01"", ""2"": ""10"", ""invalid"": ""11""}, ""grid_backend"": ""two full QuickQudits Tableau d=2 registers, 2m qubits each"", ""movement_backend"": ""QuickQudits Tableau d=2; H and S only"", ""observable_mapping"": {""Alice_0"": {""angular_error"": 0.0, ""implemented_theta"": 0.0, ""observable"": ""Z"", ""projector_fidelity"": 1.0, ""target_theta"": 0.0}, ""Alice_1"": {""angular_error"": 0.0, ""implemented_theta"": 0.7853981633974483, ""observable"": ""X"", ""projector_fidelity"": 1.0, ""target_theta"": 0.7853981633974483}, ""Alice_2"": {""angular_error"": 0.0, ""implemented_theta"": 0.0, ""observable"": ""Z"", ""projector_fidelity"": 1.0, ""target_theta"": 0.0}, ""Alice_3"": {""angular_error"": 0.0, ""implemented_theta"": 0.7853981633974483, ""observable"": ""X"", ""projector_fidelity"": 1.0, ""target_theta"": 0.7853981633974483}, ""Bob_0"": {""angular_error"": 0.39269908169872414, ""implemented_theta"": 0.0, ""observable"": ""Z"", ""projector_fidelity"": 0.8535533905932737, ""target_theta"": 0.39269908169872414}, ""Bob_1"": {""angular_error"": 0.39269908169872414, ""implemented_theta"": 0.0, ""observable"": ""Z"", ""projector_fidelity"": 0.8535533905932737, ""target_theta"": -0.39269908169872414}, ""Bob_2"": {""angular_error"": 0.39269908169872414, ""implemented_theta"": 0.0, ""observable"": ""Z"", ""projector_fidelity"": 0.8535533905932737, ""target_theta"": 0.39269908169872414}, ""Bob_3"": {""angular_error"": 0.39269908169872414, ""implemented_theta"": 0.0, ""observable"": ""Z"", ""projector_fidelity"": 0.8535533905932737, ""target_theta"": -0.39269908169872414}}, ""player_grid_count"": 2, ""qubits_per_player_grid"": 32, ""synthetic_scaling_point"": false, ""systems_per_player"": 32, ""tableau_array_bytes_per_player"": 4160, ""transpiled_gates"": ""qutrit X -> X(q0), CX(q0,q1), CX(q1,q0); invalid 11 fixed"", ""workload_seed_derivation"": ""SnaQ3-v2 master/n/repetition streams"", ""workload_sha256"": ""5ee50d5abc8f56d8c0180991a190ba5f4ff02b3c30a731b7a7d078047afe151e""}"
qubit_tableau_transpiled,4,16,32,13,20260930,4,0.0012758059965563007,COMPLETED,,False,,33280,34359738368,21600.0,1.0.1,"{""bell_backend"": ""QuickQudits Tableau d=2; same Clifford Bell observables as qutrit_tableau_clifford"", ""dense_statevector"": false, ""encoding"": {""0"": ""00"", ""1"": ""01"", ""2"": ""10"", ""invalid"": ""11""}, ""grid_backend"": ""two full QuickQudits Tableau d=2 registers, 2m qubits each"", ""movement_backend"": ""QuickQudits Tableau d=2; H and S only"", ""observable_mapping"": {""Alice_0"": {""angular_error"": 0.0, ""implemented_theta"": 0.0, ""observable"": ""Z"", ""projector_fidelity"": 1.0, ""target_theta"": 0.0}, ""Alice_1"": {""angular_error"": 0.0, ""implemented_theta"": 0.7853981633974483, ""observable"": ""X"", ""projector_fidelity"": 1.0, ""target_theta"": 0.7853981633974483}, ""Alice_2"": {""angular_error"": 0.0, ""implemented_theta"": 0.0, ""observable"": ""Z"", ""projector_fidelity"": 1.0, ""target_theta"": 0.0}, ""Alice_3"": {""angular_error"": 0.0, ""implemented_theta"": 0.7853981633974483, ""observable"": ""X"", ""projector_fidelity"": 1.0, ""target_theta"": 0.7853981633974483}, ""Bob_0"": {""angular_error"": 0.39269908169872414, ""implemented_theta"": 0.0, ""observable"": ""Z"", ""projector_fidelity"": 0.8535533905932737, ""target_theta"": 0.39269908169872414}, ""Bob_1"": {""angular_error"": 0.39269908169872414, ""implemented_theta"": 0.0, ""observable"": ""Z"", ""projector_fidelity"": 0.8535533905932737, ""target_theta"": -0.39269908169872414}, ""Bob_2"": {""angular_error"": 0.39269908169872414, ""implemented_theta"": 0.0, ""observable"": ""Z"", ""projector_fidelity"": 0.8535533905932737, ""target_theta"": 0.39269908169872414}, ""Bob_3"": {""angular_error"": 0.39269908169872414, ""implemented_theta"": 0.0, ""observable"": ""Z"", ""projector_fidelity"": 0.8535533905932737, ""target_theta"": -0.39269908169872414}}, ""player_grid_count"": 2, ""qubits_per_player_grid"": 32, ""synthetic_scaling_point"": false, ""systems_per_player"": 32, ""tableau_array_bytes_per_player"": 4160, ""transpiled_gates"": ""qutrit X -> X(q0), CX(q0,q1), CX(q1,q0); invalid 11 fixed"", ""workload_seed_derivation"": ""SnaQ3-v2 master/n/repetition streams"", ""workload_sha256"": ""aed2bbf0d3c11abf8dd2ffa9f3b8362fc663c4d6a5200f33516f2c03e6c0c1da""}"
qubit_tableau_transpiled,4,16,32,14,20260930,4,0.0012902810049126856,COMPLETED,,False,,33280,34359738368,21600.0,1.0.1,"{""bell_backend"": ""QuickQudits Tableau d=2; same Clifford Bell observables as qutrit_tableau_clifford"", ""dense_statevector"": false, ""encoding"": {""0"": ""00"", ""1"": ""01"", ""2"": ""10"", ""invalid"": ""11""}, ""grid_backend"": ""two full QuickQudits Tableau d=2 registers, 2m qubits each"", ""movement_backend"": ""QuickQudits Tableau d=2; H and S only"", ""observable_mapping"": {""Alice_0"": {""angular_error"": 0.0, ""implemented_theta"": 0.0, ""observable"": ""Z"", ""projector_fidelity"": 1.0, ""target_theta"": 0.0}, ""Alice_1"": {""angular_error"": 0.0, ""implemented_theta"": 0.7853981633974483, ""observable"": ""X"", ""projector_fidelity"": 1.0, ""target_theta"": 0.7853981633974483}, ""Alice_2"": {""angular_error"": 0.0, ""implemented_theta"": 0.0, ""observable"": ""Z"", ""projector_fidelity"": 1.0, ""target_theta"": 0.0}, ""Alice_3"": {""angular_error"": 0.0, ""implemented_theta"": 0.7853981633974483, ""observable"": ""X"", ""projector_fidelity"": 1.0, ""target_theta"": 0.7853981633974483}, ""Bob_0"": {""angular_error"": 0.39269908169872414, ""implemented_theta"": 0.0, ""observable"": ""Z"", ""projector_fidelity"": 0.8535533905932737, ""target_theta"": 0.39269908169872414}, ""Bob_1"": {""angular_error"": 0.39269908169872414, ""implemented_theta"": 0.0, ""observable"": ""Z"", ""projector_fidelity"": 0.8535533905932737, ""target_theta"": -0.39269908169872414}, ""Bob_2"": {""angular_error"": 0.39269908169872414, ""implemented_theta"": 0.0, ""observable"": ""Z"", ""projector_fidelity"": 0.8535533905932737, ""target_theta"": 0.39269908169872414}, ""Bob_3"": {""angular_error"": 0.39269908169872414, ""implemented_theta"": 0.0, ""observable"": ""Z"", ""projector_fidelity"": 0.8535533905932737, ""target_theta"": -0.39269908169872414}}, ""player_grid_count"": 2, ""qubits_per_player_grid"": 32, ""synthetic_scaling_point"": false, ""systems_per_player"": 32, ""tableau_array_bytes_per_player"": 4160, ""transpiled_gates"": ""qutrit X -> X(q0), CX(q0,q1), CX(q1,q0); invalid 11 fixed"", ""workload_seed_derivation"": ""SnaQ3-v2 master/n/repetition streams"", ""workload_sha256"": ""784b2d0909862e75ee055d64b853a8aeae0abd8c753ebcb0be098ec4c32567bd""}"
qubit_tableau_transpiled,4,16,32,15,20260930,4,0.0012755819989251904,COMPLETED,,False,,33280,34359738368,21600.0,1.0.1,"{""bell_backend"": ""QuickQudits Tableau d=2; same Clifford Bell observables as qutrit_tableau_clifford"", ""dense_statevector"": false, ""encoding"": {""0"": ""00"", ""1"": ""01"", ""2"": ""10"", ""invalid"": ""11""}, ""grid_backend"": ""two full QuickQudits Tableau d=2 registers, 2m qubits each"", ""movement_backend"": ""QuickQudits Tableau d=2; H and S only"", ""observable_mapping"": {""Alice_0"": {""angular_error"": 0.0, ""implemented_theta"": 0.0, ""observable"": ""Z"", ""projector_fidelity"": 1.0, ""target_theta"": 0.0}, ""Alice_1"": {""angular_error"": 0.0, ""implemented_theta"": 0.7853981633974483, ""observable"": ""X"", ""projector_fidelity"": 1.0, ""target_theta"": 0.7853981633974483}, ""Alice_2"": {""angular_error"": 0.0, ""implemented_theta"": 0.0, ""observable"": ""Z"", ""projector_fidelity"": 1.0, ""target_theta"": 0.0}, ""Alice_3"": {""angular_error"": 0.0, ""implemented_theta"": 0.7853981633974483, ""observable"": ""X"", ""projector_fidelity"": 1.0, ""target_theta"": 0.7853981633974483}, ""Bob_0"": {""angular_error"": 0.39269908169872414, ""implemented_theta"": 0.0, ""observable"": ""Z"", ""projector_fidelity"": 0.8535533905932737, ""target_theta"": 0.39269908169872414}, ""Bob_1"": {""angular_error"": 0.39269908169872414, ""implemented_theta"": 0.0, ""observable"": ""Z"", ""projector_fidelity"": 0.8535533905932737, ""target_theta"": -0.39269908169872414}, ""Bob_2"": {""angular_error"": 0.39269908169872414, ""implemented_theta"": 0.0, ""observable"": ""Z"", ""projector_fidelity"": 0.8535533905932737, ""target_theta"": 0.39269908169872414}, ""Bob_3"": {""angular_error"": 0.39269908169872414, ""implemented_theta"": 0.0, ""observable"": ""Z"", ""projector_fidelity"": 0.8535533905932737, ""target_theta"": -0.39269908169872414}}, ""player_grid_count"": 2, ""qubits_per_player_grid"": 32, ""synthetic_scaling_point"": false, ""systems_per_player"": 32, ""tableau_array_bytes_per_player"": 4160, ""transpiled_gates"": ""qutrit X -> X(q0), CX(q0,q1), CX(q1,q0); invalid 11 fixed"", ""workload_seed_derivation"": ""SnaQ3-v2 master/n/repetition streams"", ""workload_sha256"": ""278f447062386166977d8c662f81d1d6c2e98cdae3bf50223d2a95c24809af55""}"
qubit_tableau_transpiled,4,16,32,16,20260930,4,0.0013773810060229152,COMPLETED,,False,,33280,34359738368,21600.0,1.0.1,"{""bell_backend"": ""QuickQudits Tableau d=2; same Clifford Bell observables as qutrit_tableau_clifford"", ""dense_statevector"": false, ""encoding"": {""0"": ""00"", ""1"": ""01"", ""2"": ""10"", ""invalid"": ""11""}, ""grid_backend"": ""two full QuickQudits Tableau d=2 registers, 2m qubits each"", ""movement_backend"": ""QuickQudits Tableau d=2; H and S only"", ""observable_mapping"": {""Alice_0"": {""angular_error"": 0.0, ""implemented_theta"": 0.0, ""observable"": ""Z"", ""projector_fidelity"": 1.0, ""target_theta"": 0.0}, ""Alice_1"": {""angular_error"": 0.0, ""implemented_theta"": 0.7853981633974483, ""observable"": ""X"", ""projector_fidelity"": 1.0, ""target_theta"": 0.7853981633974483}, ""Alice_2"": {""angular_error"": 0.0, ""implemented_theta"": 0.0, ""observable"": ""Z"", ""projector_fidelity"": 1.0, ""target_theta"": 0.0}, ""Alice_3"": {""angular_error"": 0.0, ""implemented_theta"": 0.7853981633974483, ""observable"": ""X"", ""projector_fidelity"": 1.0, ""target_theta"": 0.7853981633974483}, ""Bob_0"": {""angular_error"": 0.39269908169872414, ""implemented_theta"": 0.0, ""observable"": ""Z"", ""projector_fidelity"": 0.8535533905932737, ""target_theta"": 0.39269908169872414}, ""Bob_1"": {""angular_error"": 0.39269908169872414, ""implemented_theta"": 0.0, ""observable"": ""Z"", ""projector_fidelity"": 0.8535533905932737, ""target_theta"": -0.39269908169872414}, ""Bob_2"": {""angular_error"": 0.39269908169872414, ""implemented_theta"": 0.0, ""observable"": ""Z"", ""projector_fidelity"": 0.8535533905932737, ""target_theta"": 0.39269908169872414}, ""Bob_3"": {""angular_error"": 0.39269908169872414, ""implemented_theta"": 0.0, ""observable"": ""Z"", ""projector_fidelity"": 0.8535533905932737, ""target_theta"": -0.39269908169872414}}, ""player_grid_count"": 2, ""qubits_per_player_grid"": 32, ""synthetic_scaling_point"": false, ""systems_per_player"": 32, ""tableau_array_bytes_per_player"": 4160, ""transpiled_gates"": ""qutrit X -> X(q0), CX(q0,q1), CX(q1,q0); invalid 11 fixed"", ""workload_seed_derivation"": ""SnaQ3-v2 master/n/repetition streams"", ""workload_sha256"": ""46158e9b1ef3947970a89bf0299be994694de0dddb8d55dd53ea803935128660""}"
qubit_tableau_transpiled,4,16,32,17,20260930,4,0.00133045700204093,COMPLETED,,False,,33280,34359738368,21600.0,1.0.1,"{""bell_backend"": ""QuickQudits Tableau d=2; same Clifford Bell observables as qutrit_tableau_clifford"", ""dense_statevector"": false, ""encoding"": {""0"": ""00"", ""1"": ""01"", ""2"": ""10"", ""invalid"": ""11""}, ""grid_backend"": ""two full QuickQudits Tableau d=2 registers, 2m qubits each"", ""movement_backend"": ""QuickQudits Tableau d=2; H and S only"", ""observable_mapping"": {""Alice_0"": {""angular_error"": 0.0, ""implemented_theta"": 0.0, ""observable"": ""Z"", ""projector_fidelity"": 1.0, ""target_theta"": 0.0}, ""Alice_1"": {""angular_error"": 0.0, ""implemented_theta"": 0.7853981633974483, ""observable"": ""X"", ""projector_fidelity"": 1.0, ""target_theta"": 0.7853981633974483}, ""Alice_2"": {""angular_error"": 0.0, ""implemented_theta"": 0.0, ""observable"": ""Z"", ""projector_fidelity"": 1.0, ""target_theta"": 0.0}, ""Alice_3"": {""angular_error"": 0.0, ""implemented_theta"": 0.7853981633974483, ""observable"": ""X"", ""projector_fidelity"": 1.0, ""target_theta"": 0.7853981633974483}, ""Bob_0"": {""angular_error"": 0.39269908169872414, ""implemented_theta"": 0.0, ""observable"": ""Z"", ""projector_fidelity"": 0.8535533905932737, ""target_theta"": 0.39269908169872414}, ""Bob_1"": {""angular_error"": 0.39269908169872414, ""implemented_theta"": 0.0, ""observable"": ""Z"", ""projector_fidelity"": 0.8535533905932737, ""target_theta"": -0.39269908169872414}, ""Bob_2"": {""angular_error"": 0.39269908169872414, ""implemented_theta"": 0.0, ""observable"": ""Z"", ""projector_fidelity"": 0.8535533905932737, ""target_theta"": 0.39269908169872414}, ""Bob_3"": {""angular_error"": 0.39269908169872414, ""implemented_theta"": 0.0, ""observable"": ""Z"", ""projector_fidelity"": 0.8535533905932737, ""target_theta"": -0.39269908169872414}}, ""player_grid_count"": 2, ""qubits_per_player_grid"": 32, ""synthetic_scaling_point"": false, ""systems_per_player"": 32, ""tableau_array_bytes_per_player"": 4160, ""transpiled_gates"": ""qutrit X -> X(q0), CX(q0,q1), CX(q1,q0); invalid 11 fixed"", ""workload_seed_derivation"": ""SnaQ3-v2 master/n/repetition streams"", ""workload_sha256"": ""b6d9bc8e827f747d4d2aeb5c60d5516f870718a7a18093f5c35d2852cc399ac5""}"
qubit_tableau_transpiled,4,16,32,18,20260930,4,0.0013004650027141906,COMPLETED,,False,,33280,34359738368,21600.0,1.0.1,"{""bell_backend"": ""QuickQudits Tableau d=2; same Clifford Bell observables as qutrit_tableau_clifford"", ""dense_statevector"": false, ""encoding"": {""0"": ""00"", ""1"": ""01"", ""2"": ""10"", ""invalid"": ""11""}, ""grid_backend"": ""two full QuickQudits Tableau d=2 registers, 2m qubits each"", ""movement_backend"": ""QuickQudits Tableau d=2; H and S only"", ""observable_mapping"": {""Alice_0"": {""angular_error"": 0.0, ""implemented_theta"": 0.0, ""observable"": ""Z"", ""projector_fidelity"": 1.0, ""target_theta"": 0.0}, ""Alice_1"": {""angular_error"": 0.0, ""implemented_theta"": 0.7853981633974483, ""observable"": ""X"", ""projector_fidelity"": 1.0, ""target_theta"": 0.7853981633974483}, ""Alice_2"": {""angular_error"": 0.0, ""implemented_theta"": 0.0, ""observable"": ""Z"", ""projector_fidelity"": 1.0, ""target_theta"": 0.0}, ""Alice_3"": {""angular_error"": 0.0, ""implemented_theta"": 0.7853981633974483, ""observable"": ""X"", ""projector_fidelity"": 1.0, ""target_theta"": 0.7853981633974483}, ""Bob_0"": {""angular_error"": 0.39269908169872414, ""implemented_theta"": 0.0, ""observable"": ""Z"", ""projector_fidelity"": 0.8535533905932737, ""target_theta"": 0.39269908169872414}, ""Bob_1"": {""angular_error"": 0.39269908169872414, ""implemented_theta"": 0.0, ""observable"": ""Z"", ""projector_fidelity"": 0.8535533905932737, ""target_theta"": -0.39269908169872414}, ""Bob_2"": {""angular_error"": 0.39269908169872414, ""implemented_theta"": 0.0, ""observable"": ""Z"", ""projector_fidelity"": 0.8535533905932737, ""target_theta"": 0.39269908169872414}, ""Bob_3"": {""angular_error"": 0.39269908169872414, ""implemented_theta"": 0.0, ""observable"": ""Z"", ""projector_fidelity"": 0.8535533905932737, ""target_theta"": -0.39269908169872414}}, ""player_grid_count"": 2, ""qubits_per_player_grid"": 32, ""synthetic_scaling_point"": false, ""systems_per_player"": 32, ""tableau_array_bytes_per_player"": 4160, ""transpiled_gates"": ""qutrit X -> X(q0), CX(q0,q1), CX(q1,q0); invalid 11 fixed"", ""workload_seed_derivation"": ""SnaQ3-v2 master/n/repetition streams"", ""workload_sha256"": ""34e6c6f75e8f0df0144f051fbdf770608728f62502700a55d24f617b5278b747""}"
qubit_tableau_transpiled,4,16,32,19,20260930,4,0.0013604970008600503,COMPLETED,,False,,33280,34359738368,21600.0,1.0.1,"{""bell_backend"": ""QuickQudits Tableau d=2; same Clifford Bell observables as qutrit_tableau_clifford"", ""dense_statevector"": false, ""encoding"": {""0"": ""00"", ""1"": ""01"", ""2"": ""10"", ""invalid"": ""11""}, ""grid_backend"": ""two full QuickQudits Tableau d=2 registers, 2m qubits each"", ""movement_backend"": ""QuickQudits Tableau d=2; H and S only"", ""observable_mapping"": {""Alice_0"": {""angular_error"": 0.0, ""implemented_theta"": 0.0, ""observable"": ""Z"", ""projector_fidelity"": 1.0, ""target_theta"": 0.0}, ""Alice_1"": {""angular_error"": 0.0, ""implemented_theta"": 0.7853981633974483, ""observable"": ""X"", ""projector_fidelity"": 1.0, ""target_theta"": 0.7853981633974483}, ""Alice_2"": {""angular_error"": 0.0, ""implemented_theta"": 0.0, ""observable"": ""Z"", ""projector_fidelity"": 1.0, ""target_theta"": 0.0}, ""Alice_3"": {""angular_error"": 0.0, ""implemented_theta"": 0.7853981633974483, ""observable"": ""X"", ""projector_fidelity"": 1.0, ""target_theta"": 0.7853981633974483}, ""Bob_0"": {""angular_error"": 0.39269908169872414, ""implemented_theta"": 0.0, ""observable"": ""Z"", ""projector_fidelity"": 0.8535533905932737, ""target_theta"": 0.39269908169872414}, ""Bob_1"": {""angular_error"": 0.39269908169872414, ""implemented_theta"": 0.0, ""observable"": ""Z"", ""projector_fidelity"": 0.8535533905932737, ""target_theta"": -0.39269908169872414}, ""Bob_2"": {""angular_error"": 0.39269908169872414, ""implemented_theta"": 0.0, ""observable"": ""Z"", ""projector_fidelity"": 0.8535533905932737, ""target_theta"": 0.39269908169872414}, ""Bob_3"": {""angular_error"": 0.39269908169872414, ""implemented_theta"": 0.0, ""observable"": ""Z"", ""projector_fidelity"": 0.8535533905932737, ""target_theta"": -0.39269908169872414}}, ""player_grid_count"": 2, ""qubits_per_player_grid"": 32, ""synthetic_scaling_point"": false, ""systems_per_player"": 32, ""tableau_array_bytes_per_player"": 4160, ""transpiled_gates"": ""qutrit X -> X(q0), CX(q0,q1), CX(q1,q0); invalid 11 fixed"", ""workload_seed_derivation"": ""SnaQ3-v2 master/n/repetition streams"", ""workload_sha256"": ""2eb5125711142db3cd9ebcdfdab78ade0bbba195cf655275030337f06bb2836c""}"
qutrit_circuit_exact,5,25,25,0,20260930,4,,OOM,configured memory guard: estimated working set exceeds limit,False,13556617751088,54226471004352,34359738368,21600.0,1.0.1,"{""bell_backend"": ""QuickQudits QuantumCircuit d=2"", ""gate_sequence"": ""grid X; movement H S^x; Bell H(0) CX(0,1); observable Sdag H T^k H S"", ""grid_backend"": ""two full QuickQudits QuantumCircuit d=3 statevectors"", ""memory_guard"": ""four dense vectors within configured ceiling and half available memory"", ""observable_angles"": {""Alice"": [0.0, 0.7853981633974483, 0.0, 0.7853981633974483], ""Bob"": [0.39269908169872414, -0.39269908169872414, 0.39269908169872414, -0.39269908169872414]}, ""player_grid_count"": 2, ""synthetic_scaling_point"": false, ""systems_per_player"": 25, ""workload_seed_derivation"": ""SnaQ3-v2 master/n/repetition streams""}"
qutrit_circuit_exact,5,25,25,1,20260930,4,,OOM,configured memory guard: estimated working set exceeds limit,False,13556617751088,54226471004352,34359738368,21600.0,1.0.1,"{""bell_backend"": ""QuickQudits QuantumCircuit d=2"", ""gate_sequence"": ""grid X; movement H S^x; Bell H(0) CX(0,1); observable Sdag H T^k H S"", ""grid_backend"": ""two full QuickQudits QuantumCircuit d=3 statevectors"", ""memory_guard"": ""four dense vectors within configured ceiling and half available memory"", ""observable_angles"": {""Alice"": [0.0, 0.7853981633974483, 0.0, 0.7853981633974483], ""Bob"": [0.39269908169872414, -0.39269908169872414, 0.39269908169872414, -0.39269908169872414]}, ""player_grid_count"": 2, ""synthetic_scaling_point"": false, ""systems_per_player"": 25, ""workload_seed_derivation"": ""SnaQ3-v2 master/n/repetition streams""}"
qutrit_circuit_exact,5,25,25,2,20260930,4,,OOM,configured memory guard: estimated working set exceeds limit,False,13556617751088,54226471004352,34359738368,21600.0,1.0.1,"{""bell_backend"": ""QuickQudits QuantumCircuit d=2"", ""gate_sequence"": ""grid X; movement H S^x; Bell H(0) CX(0,1); observable Sdag H T^k H S"", ""grid_backend"": ""two full QuickQudits QuantumCircuit d=3 statevectors"", ""memory_guard"": ""four dense vectors within configured ceiling and half available memory"", ""observable_angles"": {""Alice"": [0.0, 0.7853981633974483, 0.0, 0.7853981633974483], ""Bob"": [0.39269908169872414, -0.39269908169872414, 0.39269908169872414, -0.39269908169872414]}, ""player_grid_count"": 2, ""synthetic_scaling_point"": false, ""systems_per_player"": 25, ""workload_seed_derivation"": ""SnaQ3-v2 master/n/repetition streams""}"
qutrit_circuit_exact,5,25,25,3,20260930,4,,OOM,configured memory guard: estimated working set exceeds limit,False,13556617751088,54226471004352,34359738368,21600.0,1.0.1,"{""bell_backend"": ""QuickQudits QuantumCircuit d=2"", ""gate_sequence"": ""grid X; movement H S^x; Bell H(0) CX(0,1); observable Sdag H T^k H S"", ""grid_backend"": ""two full QuickQudits QuantumCircuit d=3 statevectors"", ""memory_guard"": ""four dense vectors within configured ceiling and half available memory"", ""observable_angles"": {""Alice"": [0.0, 0.7853981633974483, 0.0, 0.7853981633974483], ""Bob"": [0.39269908169872414, -0.39269908169872414, 0.39269908169872414, -0.39269908169872414]}, ""player_grid_count"": 2, ""synthetic_scaling_point"": false, ""systems_per_player"": 25, ""workload_seed_derivation"": ""SnaQ3-v2 master/n/repetition streams""}"
qutrit_circuit_exact,5,25,25,4,20260930,4,,OOM,configured memory guard: estimated working set exceeds limit,False,13556617751088,54226471004352,34359738368,21600.0,1.0.1,"{""bell_backend"": ""QuickQudits QuantumCircuit d=2"", ""gate_sequence"": ""grid X; movement H S^x; Bell H(0) CX(0,1); observable Sdag H T^k H S"", ""grid_backend"": ""two full QuickQudits QuantumCircuit d=3 statevectors"", ""memory_guard"": ""four dense vectors within configured ceiling and half available memory"", ""observable_angles"": {""Alice"": [0.0, 0.7853981633974483, 0.0, 0.7853981633974483], ""Bob"": [0.39269908169872414, -0.39269908169872414, 0.39269908169872414, -0.39269908169872414]}, ""player_grid_count"": 2, ""synthetic_scaling_point"": false, ""systems_per_player"": 25, ""workload_seed_derivation"": ""SnaQ3-v2 master/n/repetition streams""}"
qutrit_tableau_clifford,5,25,25,0,20260930,4,0.0010751700028777122,COMPLETED,,False,,20400,34359738368,21600.0,1.0.1,"{""bell_backend"": ""QuickQudits Tableau d=2; H CX and Clifford observables"", ""grid_backend"": ""QuickQudits Tableau d=3; X only"", ""movement_backend"": ""QuickQudits Tableau d=2; H and S only"", ""observable_mapping"": {""Alice_0"": {""angular_error"": 0.0, ""implemented_theta"": 0.0, ""observable"": ""Z"", ""projector_fidelity"": 1.0, ""target_theta"": 0.0}, ""Alice_1"": {""angular_error"": 0.0, ""implemented_theta"": 0.7853981633974483, ""observable"": ""X"", ""projector_fidelity"": 1.0, ""target_theta"": 0.7853981633974483}, ""Alice_2"": {""angular_error"": 0.0, ""implemented_theta"": 0.0, ""observable"": ""Z"", ""projector_fidelity"": 1.0, ""target_theta"": 0.0}, ""Alice_3"": {""angular_error"": 0.0, ""implemented_theta"": 0.7853981633974483, ""observable"": ""X"", ""projector_fidelity"": 1.0, ""target_theta"": 0.7853981633974483}, ""Bob_0"": {""angular_error"": 0.39269908169872414, ""implemented_theta"": 0.0, ""observable"": ""Z"", ""projector_fidelity"": 0.8535533905932737, ""target_theta"": 0.39269908169872414}, ""Bob_1"": {""angular_error"": 0.39269908169872414, ""implemented_theta"": 0.0, ""observable"": ""Z"", ""projector_fidelity"": 0.8535533905932737, ""target_theta"": -0.39269908169872414}, ""Bob_2"": {""angular_error"": 0.39269908169872414, ""implemented_theta"": 0.0, ""observable"": ""Z"", ""projector_fidelity"": 0.8535533905932737, ""target_theta"": 0.39269908169872414}, ""Bob_3"": {""angular_error"": 0.39269908169872414, ""implemented_theta"": 0.0, ""observable"": ""Z"", ""projector_fidelity"": 0.8535533905932737, ""target_theta"": -0.39269908169872414}}, ""player_grid_count"": 2, ""synthetic_scaling_point"": false, ""systems_per_player"": 25, ""tableau_array_bytes_per_player"": 2550, ""workload_seed_derivation"": ""SnaQ3-v2 master/n/repetition streams"", ""workload_sha256"": ""6c00f8677e7717f100cd72ac0de663cde5ed3be3062efd0d456ea20907889c87""}"
qutrit_tableau_clifford,5,25,25,1,20260930,4,0.0012483099999371916,COMPLETED,,False,,20400,34359738368,21600.0,1.0.1,"{""bell_backend"": ""QuickQudits Tableau d=2; H CX and Clifford observables"", ""grid_backend"": ""QuickQudits Tableau d=3; X only"", ""movement_backend"": ""QuickQudits Tableau d=2; H and S only"", ""observable_mapping"": {""Alice_0"": {""angular_error"": 0.0, ""implemented_theta"": 0.0, ""observable"": ""Z"", ""projector_fidelity"": 1.0, ""target_theta"": 0.0}, ""Alice_1"": {""angular_error"": 0.0, ""implemented_theta"": 0.7853981633974483, ""observable"": ""X"", ""projector_fidelity"": 1.0, ""target_theta"": 0.7853981633974483}, ""Alice_2"": {""angular_error"": 0.0, ""implemented_theta"": 0.0, ""observable"": ""Z"", ""projector_fidelity"": 1.0, ""target_theta"": 0.0}, ""Alice_3"": {""angular_error"": 0.0, ""implemented_theta"": 0.7853981633974483, ""observable"": ""X"", ""projector_fidelity"": 1.0, ""target_theta"": 0.7853981633974483}, ""Bob_0"": {""angular_error"": 0.39269908169872414, ""implemented_theta"": 0.0, ""observable"": ""Z"", ""projector_fidelity"": 0.8535533905932737, ""target_theta"": 0.39269908169872414}, ""Bob_1"": {""angular_error"": 0.39269908169872414, ""implemented_theta"": 0.0, ""observable"": ""Z"", ""projector_fidelity"": 0.8535533905932737, ""target_theta"": -0.39269908169872414}, ""Bob_2"": {""angular_error"": 0.39269908169872414, ""implemented_theta"": 0.0, ""observable"": ""Z"", ""projector_fidelity"": 0.8535533905932737, ""target_theta"": 0.39269908169872414}, ""Bob_3"": {""angular_error"": 0.39269908169872414, ""implemented_theta"": 0.0, ""observable"": ""Z"", ""projector_fidelity"": 0.8535533905932737, ""target_theta"": -0.39269908169872414}}, ""player_grid_count"": 2, ""synthetic_scaling_point"": false, ""systems_per_player"": 25, ""tableau_array_bytes_per_player"": 2550, ""workload_seed_derivation"": ""SnaQ3-v2 master/n/repetition streams"", ""workload_sha256"": ""71c8aa081cf92fa104b22781cbb79f7a2f8eb3ba30582f90ade52dfe352eda56""}"
qutrit_tableau_clifford,5,25,25,2,20260930,4,0.0010750860019470565,COMPLETED,,False,,20400,34359738368,21600.0,1.0.1,"{""bell_backend"": ""QuickQudits Tableau d=2; H CX and Clifford observables"", ""grid_backend"": ""QuickQudits Tableau d=3; X only"", ""movement_backend"": ""QuickQudits Tableau d=2; H and S only"", ""observable_mapping"": {""Alice_0"": {""angular_error"": 0.0, ""implemented_theta"": 0.0, ""observable"": ""Z"", ""projector_fidelity"": 1.0, ""target_theta"": 0.0}, ""Alice_1"": {""angular_error"": 0.0, ""implemented_theta"": 0.7853981633974483, ""observable"": ""X"", ""projector_fidelity"": 1.0, ""target_theta"": 0.7853981633974483}, ""Alice_2"": {""angular_error"": 0.0, ""implemented_theta"": 0.0, ""observable"": ""Z"", ""projector_fidelity"": 1.0, ""target_theta"": 0.0}, ""Alice_3"": {""angular_error"": 0.0, ""implemented_theta"": 0.7853981633974483, ""observable"": ""X"", ""projector_fidelity"": 1.0, ""target_theta"": 0.7853981633974483}, ""Bob_0"": {""angular_error"": 0.39269908169872414, ""implemented_theta"": 0.0, ""observable"": ""Z"", ""projector_fidelity"": 0.8535533905932737, ""target_theta"": 0.39269908169872414}, ""Bob_1"": {""angular_error"": 0.39269908169872414, ""implemented_theta"": 0.0, ""observable"": ""Z"", ""projector_fidelity"": 0.8535533905932737, ""target_theta"": -0.39269908169872414}, ""Bob_2"": {""angular_error"": 0.39269908169872414, ""implemented_theta"": 0.0, ""observable"": ""Z"", ""projector_fidelity"": 0.8535533905932737, ""target_theta"": 0.39269908169872414}, ""Bob_3"": {""angular_error"": 0.39269908169872414, ""implemented_theta"": 0.0, ""observable"": ""Z"", ""projector_fidelity"": 0.8535533905932737, ""target_theta"": -0.39269908169872414}}, ""player_grid_count"": 2, ""synthetic_scaling_point"": false, ""systems_per_player"": 25, ""tableau_array_bytes_per_player"": 2550, ""workload_seed_derivation"": ""SnaQ3-v2 master/n/repetition streams"", ""workload_sha256"": ""ab3cf1779a9e2d31e26bf6feee0eb7ffce51078c57f51a52b84c6c1f02898c0d""}"
qutrit_tableau_clifford,5,25,25,3,20260930,4,0.0009788239985937253,COMPLETED,,False,,20400,34359738368,21600.0,1.0.1,"{""bell_backend"": ""QuickQudits Tableau d=2; H CX and Clifford observables"", ""grid_backend"": ""QuickQudits Tableau d=3; X only"", ""movement_backend"": ""QuickQudits Tableau d=2; H and S only"", ""observable_mapping"": {""Alice_0"": {""angular_error"": 0.0, ""implemented_theta"": 0.0, ""observable"": ""Z"", ""projector_fidelity"": 1.0, ""target_theta"": 0.0}, ""Alice_1"": {""angular_error"": 0.0, ""implemented_theta"": 0.7853981633974483, ""observable"": ""X"", ""projector_fidelity"": 1.0, ""target_theta"": 0.7853981633974483}, ""Alice_2"": {""angular_error"": 0.0, ""implemented_theta"": 0.0, ""observable"": ""Z"", ""projector_fidelity"": 1.0, ""target_theta"": 0.0}, ""Alice_3"": {""angular_error"": 0.0, ""implemented_theta"": 0.7853981633974483, ""observable"": ""X"", ""projector_fidelity"": 1.0, ""target_theta"": 0.7853981633974483}, ""Bob_0"": {""angular_error"": 0.39269908169872414, ""implemented_theta"": 0.0, ""observable"": ""Z"", ""projector_fidelity"": 0.8535533905932737, ""target_theta"": 0.39269908169872414}, ""Bob_1"": {""angular_error"": 0.39269908169872414, ""implemented_theta"": 0.0, ""observable"": ""Z"", ""projector_fidelity"": 0.8535533905932737, ""target_theta"": -0.39269908169872414}, ""Bob_2"": {""angular_error"": 0.39269908169872414, ""implemented_theta"": 0.0, ""observable"": ""Z"", ""projector_fidelity"": 0.8535533905932737, ""target_theta"": 0.39269908169872414}, ""Bob_3"": {""angular_error"": 0.39269908169872414, ""implemented_theta"": 0.0, ""observable"": ""Z"", ""projector_fidelity"": 0.8535533905932737, ""target_theta"": -0.39269908169872414}}, ""player_grid_count"": 2, ""synthetic_scaling_point"": false, ""systems_per_player"": 25, ""tableau_array_bytes_per_player"": 2550, ""workload_seed_derivation"": ""SnaQ3-v2 master/n/repetition streams"", ""workload_sha256"": ""0dc17fbc251fba53effd7e3bee8b8487b527e94f5a0ad8248e03880296a53edc""}"
qutrit_tableau_clifford,5,25,25,4,20260930,4,0.001057997993484605,COMPLETED,,False,,20400,34359738368,21600.0,1.0.1,"{""bell_backend"": ""QuickQudits Tableau d=2; H CX and Clifford observables"", ""grid_backend"": ""QuickQudits Tableau d=3; X only"", ""movement_backend"": ""QuickQudits Tableau d=2; H and S only"", ""observable_mapping"": {""Alice_0"": {""angular_error"": 0.0, ""implemented_theta"": 0.0, ""observable"": ""Z"", ""projector_fidelity"": 1.0, ""target_theta"": 0.0}, ""Alice_1"": {""angular_error"": 0.0, ""implemented_theta"": 0.7853981633974483, ""observable"": ""X"", ""projector_fidelity"": 1.0, ""target_theta"": 0.7853981633974483}, ""Alice_2"": {""angular_error"": 0.0, ""implemented_theta"": 0.0, ""observable"": ""Z"", ""projector_fidelity"": 1.0, ""target_theta"": 0.0}, ""Alice_3"": {""angular_error"": 0.0, ""implemented_theta"": 0.7853981633974483, ""observable"": ""X"", ""projector_fidelity"": 1.0, ""target_theta"": 0.7853981633974483}, ""Bob_0"": {""angular_error"": 0.39269908169872414, ""implemented_theta"": 0.0, ""observable"": ""Z"", ""projector_fidelity"": 0.8535533905932737, ""target_theta"": 0.39269908169872414}, ""Bob_1"": {""angular_error"": 0.39269908169872414, ""implemented_theta"": 0.0, ""observable"": ""Z"", ""projector_fidelity"": 0.8535533905932737, ""target_theta"": -0.39269908169872414}, ""Bob_2"": {""angular_error"": 0.39269908169872414, ""implemented_theta"": 0.0, ""observable"": ""Z"", ""projector_fidelity"": 0.8535533905932737, ""target_theta"": 0.39269908169872414}, ""Bob_3"": {""angular_error"": 0.39269908169872414, ""implemented_theta"": 0.0, ""observable"": ""Z"", ""projector_fidelity"": 0.8535533905932737, ""target_theta"": -0.39269908169872414}}, ""player_grid_count"": 2, ""synthetic_scaling_point"": false, ""systems_per_player"": 25, ""tableau_array_bytes_per_player"": 2550, ""workload_seed_derivation"": ""SnaQ3-v2 master/n/repetition streams"", ""workload_sha256"": ""4c38c2478e807ab5b6d93e23c83723b102ebdbdf70a4f76a3a8fdd1b3a2a408d""}"
qutrit_tableau_clifford,5,25,25,5,20260930,4,0.002373363997321576,COMPLETED,,False,,20400,34359738368,21600.0,1.0.1,"{""bell_backend"": ""QuickQudits Tableau d=2; H CX and Clifford observables"", ""grid_backend"": ""QuickQudits Tableau d=3; X only"", ""movement_backend"": ""QuickQudits Tableau d=2; H and S only"", ""observable_mapping"": {""Alice_0"": {""angular_error"": 0.0, ""implemented_theta"": 0.0, ""observable"": ""Z"", ""projector_fidelity"": 1.0, ""target_theta"": 0.0}, ""Alice_1"": {""angular_error"": 0.0, ""implemented_theta"": 0.7853981633974483, ""observable"": ""X"", ""projector_fidelity"": 1.0, ""target_theta"": 0.7853981633974483}, ""Alice_2"": {""angular_error"": 0.0, ""implemented_theta"": 0.0, ""observable"": ""Z"", ""projector_fidelity"": 1.0, ""target_theta"": 0.0}, ""Alice_3"": {""angular_error"": 0.0, ""implemented_theta"": 0.7853981633974483, ""observable"": ""X"", ""projector_fidelity"": 1.0, ""target_theta"": 0.7853981633974483}, ""Bob_0"": {""angular_error"": 0.39269908169872414, ""implemented_theta"": 0.0, ""observable"": ""Z"", ""projector_fidelity"": 0.8535533905932737, ""target_theta"": 0.39269908169872414}, ""Bob_1"": {""angular_error"": 0.39269908169872414, ""implemented_theta"": 0.0, ""observable"": ""Z"", ""projector_fidelity"": 0.8535533905932737, ""target_theta"": -0.39269908169872414}, ""Bob_2"": {""angular_error"": 0.39269908169872414, ""implemented_theta"": 0.0, ""observable"": ""Z"", ""projector_fidelity"": 0.8535533905932737, ""target_theta"": 0.39269908169872414}, ""Bob_3"": {""angular_error"": 0.39269908169872414, ""implemented_theta"": 0.0, ""observable"": ""Z"", ""projector_fidelity"": 0.8535533905932737, ""target_theta"": -0.39269908169872414}}, ""player_grid_count"": 2, ""synthetic_scaling_point"": false, ""systems_per_player"": 25, ""tableau_array_bytes_per_player"": 2550, ""workload_seed_derivation"": ""SnaQ3-v2 master/n/repetition streams"", ""workload_sha256"": ""7f9af886564b689f590fee505a6d880fb6edc106b17e2e1b01f72e7daa665e97""}"
qutrit_tableau_clifford,5,25,25,6,20260930,4,0.0009706540004117414,COMPLETED,,False,,20400,34359738368,21600.0,1.0.1,"{""bell_backend"": ""QuickQudits Tableau d=2; H CX and Clifford observables"", ""grid_backend"": ""QuickQudits Tableau d=3; X only"", ""movement_backend"": ""QuickQudits Tableau d=2; H and S only"", ""observable_mapping"": {""Alice_0"": {""angular_error"": 0.0, ""implemented_theta"": 0.0, ""observable"": ""Z"", ""projector_fidelity"": 1.0, ""target_theta"": 0.0}, ""Alice_1"": {""angular_error"": 0.0, ""implemented_theta"": 0.7853981633974483, ""observable"": ""X"", ""projector_fidelity"": 1.0, ""target_theta"": 0.7853981633974483}, ""Alice_2"": {""angular_error"": 0.0, ""implemented_theta"": 0.0, ""observable"": ""Z"", ""projector_fidelity"": 1.0, ""target_theta"": 0.0}, ""Alice_3"": {""angular_error"": 0.0, ""implemented_theta"": 0.7853981633974483, ""observable"": ""X"", ""projector_fidelity"": 1.0, ""target_theta"": 0.7853981633974483}, ""Bob_0"": {""angular_error"": 0.39269908169872414, ""implemented_theta"": 0.0, ""observable"": ""Z"", ""projector_fidelity"": 0.8535533905932737, ""target_theta"": 0.39269908169872414}, ""Bob_1"": {""angular_error"": 0.39269908169872414, ""implemented_theta"": 0.0, ""observable"": ""Z"", ""projector_fidelity"": 0.8535533905932737, ""target_theta"": -0.39269908169872414}, ""Bob_2"": {""angular_error"": 0.39269908169872414, ""implemented_theta"": 0.0, ""observable"": ""Z"", ""projector_fidelity"": 0.8535533905932737, ""target_theta"": 0.39269908169872414}, ""Bob_3"": {""angular_error"": 0.39269908169872414, ""implemented_theta"": 0.0, ""observable"": ""Z"", ""projector_fidelity"": 0.8535533905932737, ""target_theta"": -0.39269908169872414}}, ""player_grid_count"": 2, ""synthetic_scaling_point"": false, ""systems_per_player"": 25, ""tableau_array_bytes_per_player"": 2550, ""workload_seed_derivation"": ""SnaQ3-v2 master/n/repetition streams"", ""workload_sha256"": ""03b566d66f635fdb27236458f2e3f5e1380d1bf2c389c01eb8bb842663630fbf""}"
qutrit_tableau_clifford,5,25,25,7,20260930,4,0.0010516080001252703,COMPLETED,,False,,20400,34359738368,21600.0,1.0.1,"{""bell_backend"": ""QuickQudits Tableau d=2; H CX and Clifford observables"", ""grid_backend"": ""QuickQudits Tableau d=3; X only"", ""movement_backend"": ""QuickQudits Tableau d=2; H and S only"", ""observable_mapping"": {""Alice_0"": {""angular_error"": 0.0, ""implemented_theta"": 0.0, ""observable"": ""Z"", ""projector_fidelity"": 1.0, ""target_theta"": 0.0}, ""Alice_1"": {""angular_error"": 0.0, ""implemented_theta"": 0.7853981633974483, ""observable"": ""X"", ""projector_fidelity"": 1.0, ""target_theta"": 0.7853981633974483}, ""Alice_2"": {""angular_error"": 0.0, ""implemented_theta"": 0.0, ""observable"": ""Z"", ""projector_fidelity"": 1.0, ""target_theta"": 0.0}, ""Alice_3"": {""angular_error"": 0.0, ""implemented_theta"": 0.7853981633974483, ""observable"": ""X"", ""projector_fidelity"": 1.0, ""target_theta"": 0.7853981633974483}, ""Bob_0"": {""angular_error"": 0.39269908169872414, ""implemented_theta"": 0.0, ""observable"": ""Z"", ""projector_fidelity"": 0.8535533905932737, ""target_theta"": 0.39269908169872414}, ""Bob_1"": {""angular_error"": 0.39269908169872414, ""implemented_theta"": 0.0, ""observable"": ""Z"", ""projector_fidelity"": 0.8535533905932737, ""target_theta"": -0.39269908169872414}, ""Bob_2"": {""angular_error"": 0.39269908169872414, ""implemented_theta"": 0.0, ""observable"": ""Z"", ""projector_fidelity"": 0.8535533905932737, ""target_theta"": 0.39269908169872414}, ""Bob_3"": {""angular_error"": 0.39269908169872414, ""implemented_theta"": 0.0, ""observable"": ""Z"", ""projector_fidelity"": 0.8535533905932737, ""target_theta"": -0.39269908169872414}}, ""player_grid_count"": 2, ""synthetic_scaling_point"": false, ""systems_per_player"": 25, ""tableau_array_bytes_per_player"": 2550, ""workload_seed_derivation"": ""SnaQ3-v2 master/n/repetition streams"", ""workload_sha256"": ""c4d19e52de0a9adb7a69d33ef0f284cd3fb134f4dd9e0444f6454623279c6675""}"
qutrit_tableau_clifford,5,25,25,8,20260930,4,0.0009193289952236228,COMPLETED,,False,,20400,34359738368,21600.0,1.0.1,"{""bell_backend"": ""QuickQudits Tableau d=2; H CX and Clifford observables"", ""grid_backend"": ""QuickQudits Tableau d=3; X only"", ""movement_backend"": ""QuickQudits Tableau d=2; H and S only"", ""observable_mapping"": {""Alice_0"": {""angular_error"": 0.0, ""implemented_theta"": 0.0, ""observable"": ""Z"", ""projector_fidelity"": 1.0, ""target_theta"": 0.0}, ""Alice_1"": {""angular_error"": 0.0, ""implemented_theta"": 0.7853981633974483, ""observable"": ""X"", ""projector_fidelity"": 1.0, ""target_theta"": 0.7853981633974483}, ""Alice_2"": {""angular_error"": 0.0, ""implemented_theta"": 0.0, ""observable"": ""Z"", ""projector_fidelity"": 1.0, ""target_theta"": 0.0}, ""Alice_3"": {""angular_error"": 0.0, ""implemented_theta"": 0.7853981633974483, ""observable"": ""X"", ""projector_fidelity"": 1.0, ""target_theta"": 0.7853981633974483}, ""Bob_0"": {""angular_error"": 0.39269908169872414, ""implemented_theta"": 0.0, ""observable"": ""Z"", ""projector_fidelity"": 0.8535533905932737, ""target_theta"": 0.39269908169872414}, ""Bob_1"": {""angular_error"": 0.39269908169872414, ""implemented_theta"": 0.0, ""observable"": ""Z"", ""projector_fidelity"": 0.8535533905932737, ""target_theta"": -0.39269908169872414}, ""Bob_2"": {""angular_error"": 0.39269908169872414, ""implemented_theta"": 0.0, ""observable"": ""Z"", ""projector_fidelity"": 0.8535533905932737, ""target_theta"": 0.39269908169872414}, ""Bob_3"": {""angular_error"": 0.39269908169872414, ""implemented_theta"": 0.0, ""observable"": ""Z"", ""projector_fidelity"": 0.8535533905932737, ""target_theta"": -0.39269908169872414}}, ""player_grid_count"": 2, ""synthetic_scaling_point"": false, ""systems_per_player"": 25, ""tableau_array_bytes_per_player"": 2550, ""workload_seed_derivation"": ""SnaQ3-v2 master/n/repetition streams"", ""workload_sha256"": ""8f4982962d53c0eb2c4aee6d4cb7c6054dfd13eda8f31a369055a1681e8a3da2""}"
qutrit_tableau_clifford,5,25,25,9,20260930,4,0.0010819259987329133,COMPLETED,,False,,20400,34359738368,21600.0,1.0.1,"{""bell_backend"": ""QuickQudits Tableau d=2; H CX and Clifford observables"", ""grid_backend"": ""QuickQudits Tableau d=3; X only"", ""movement_backend"": ""QuickQudits Tableau d=2; H and S only"", ""observable_mapping"": {""Alice_0"": {""angular_error"": 0.0, ""implemented_theta"": 0.0, ""observable"": ""Z"", ""projector_fidelity"": 1.0, ""target_theta"": 0.0}, ""Alice_1"": {""angular_error"": 0.0, ""implemented_theta"": 0.7853981633974483, ""observable"": ""X"", ""projector_fidelity"": 1.0, ""target_theta"": 0.7853981633974483}, ""Alice_2"": {""angular_error"": 0.0, ""implemented_theta"": 0.0, ""observable"": ""Z"", ""projector_fidelity"": 1.0, ""target_theta"": 0.0}, ""Alice_3"": {""angular_error"": 0.0, ""implemented_theta"": 0.7853981633974483, ""observable"": ""X"", ""projector_fidelity"": 1.0, ""target_theta"": 0.7853981633974483}, ""Bob_0"": {""angular_error"": 0.39269908169872414, ""implemented_theta"": 0.0, ""observable"": ""Z"", ""projector_fidelity"": 0.8535533905932737, ""target_theta"": 0.39269908169872414}, ""Bob_1"": {""angular_error"": 0.39269908169872414, ""implemented_theta"": 0.0, ""observable"": ""Z"", ""projector_fidelity"": 0.8535533905932737, ""target_theta"": -0.39269908169872414}, ""Bob_2"": {""angular_error"": 0.39269908169872414, ""implemented_theta"": 0.0, ""observable"": ""Z"", ""projector_fidelity"": 0.8535533905932737, ""target_theta"": 0.39269908169872414}, ""Bob_3"": {""angular_error"": 0.39269908169872414, ""implemented_theta"": 0.0, ""observable"": ""Z"", ""projector_fidelity"": 0.8535533905932737, ""target_theta"": -0.39269908169872414}}, ""player_grid_count"": 2, ""synthetic_scaling_point"": false, ""systems_per_player"": 25, ""tableau_array_bytes_per_player"": 2550, ""workload_seed_derivation"": ""SnaQ3-v2 master/n/repetition streams"", ""workload_sha256"": ""098e8b048d2e817b1a18d7a9d77296d664ac81d7a09bccd642de276f326f48bf""}"
qutrit_tableau_clifford,5,25,25,10,20260930,4,0.0011257529986323789,COMPLETED,,False,,20400,34359738368,21600.0,1.0.1,"{""bell_backend"": ""QuickQudits Tableau d=2; H CX and Clifford observables"", ""grid_backend"": ""QuickQudits Tableau d=3; X only"", ""movement_backend"": ""QuickQudits Tableau d=2; H and S only"", ""observable_mapping"": {""Alice_0"": {""angular_error"": 0.0, ""implemented_theta"": 0.0, ""observable"": ""Z"", ""projector_fidelity"": 1.0, ""target_theta"": 0.0}, ""Alice_1"": {""angular_error"": 0.0, ""implemented_theta"": 0.7853981633974483, ""observable"": ""X"", ""projector_fidelity"": 1.0, ""target_theta"": 0.7853981633974483}, ""Alice_2"": {""angular_error"": 0.0, ""implemented_theta"": 0.0, ""observable"": ""Z"", ""projector_fidelity"": 1.0, ""target_theta"": 0.0}, ""Alice_3"": {""angular_error"": 0.0, ""implemented_theta"": 0.7853981633974483, ""observable"": ""X"", ""projector_fidelity"": 1.0, ""target_theta"": 0.7853981633974483}, ""Bob_0"": {""angular_error"": 0.39269908169872414, ""implemented_theta"": 0.0, ""observable"": ""Z"", ""projector_fidelity"": 0.8535533905932737, ""target_theta"": 0.39269908169872414}, ""Bob_1"": {""angular_error"": 0.39269908169872414, ""implemented_theta"": 0.0, ""observable"": ""Z"", ""projector_fidelity"": 0.8535533905932737, ""target_theta"": -0.39269908169872414}, ""Bob_2"": {""angular_error"": 0.39269908169872414, ""implemented_theta"": 0.0, ""observable"": ""Z"", ""projector_fidelity"": 0.8535533905932737, ""target_theta"": 0.39269908169872414}, ""Bob_3"": {""angular_error"": 0.39269908169872414, ""implemented_theta"": 0.0, ""observable"": ""Z"", ""projector_fidelity"": 0.8535533905932737, ""target_theta"": -0.39269908169872414}}, ""player_grid_count"": 2, ""synthetic_scaling_point"": false, ""systems_per_player"": 25, ""tableau_array_bytes_per_player"": 2550, ""workload_seed_derivation"": ""SnaQ3-v2 master/n/repetition streams"", ""workload_sha256"": ""0f94e891961c672bea3c532aa51257e1c03b7cb22bea3e6f93423b084ead75f7""}"
qutrit_tableau_clifford,5,25,25,11,20260930,4,0.001028584003506694,COMPLETED,,False,,20400,34359738368,21600.0,1.0.1,"{""bell_backend"": ""QuickQudits Tableau d=2; H CX and Clifford observables"", ""grid_backend"": ""QuickQudits Tableau d=3; X only"", ""movement_backend"": ""QuickQudits Tableau d=2; H and S only"", ""observable_mapping"": {""Alice_0"": {""angular_error"": 0.0, ""implemented_theta"": 0.0, ""observable"": ""Z"", ""projector_fidelity"": 1.0, ""target_theta"": 0.0}, ""Alice_1"": {""angular_error"": 0.0, ""implemented_theta"": 0.7853981633974483, ""observable"": ""X"", ""projector_fidelity"": 1.0, ""target_theta"": 0.7853981633974483}, ""Alice_2"": {""angular_error"": 0.0, ""implemented_theta"": 0.0, ""observable"": ""Z"", ""projector_fidelity"": 1.0, ""target_theta"": 0.0}, ""Alice_3"": {""angular_error"": 0.0, ""implemented_theta"": 0.7853981633974483, ""observable"": ""X"", ""projector_fidelity"": 1.0, ""target_theta"": 0.7853981633974483}, ""Bob_0"": {""angular_error"": 0.39269908169872414, ""implemented_theta"": 0.0, ""observable"": ""Z"", ""projector_fidelity"": 0.8535533905932737, ""target_theta"": 0.39269908169872414}, ""Bob_1"": {""angular_error"": 0.39269908169872414, ""implemented_theta"": 0.0, ""observable"": ""Z"", ""projector_fidelity"": 0.8535533905932737, ""target_theta"": -0.39269908169872414}, ""Bob_2"": {""angular_error"": 0.39269908169872414, ""implemented_theta"": 0.0, ""observable"": ""Z"", ""projector_fidelity"": 0.8535533905932737, ""target_theta"": 0.39269908169872414}, ""Bob_3"": {""angular_error"": 0.39269908169872414, ""implemented_theta"": 0.0, ""observable"": ""Z"", ""projector_fidelity"": 0.8535533905932737, ""target_theta"": -0.39269908169872414}}, ""player_grid_count"": 2, ""synthetic_scaling_point"": false, ""systems_per_player"": 25, ""tableau_array_bytes_per_player"": 2550, ""workload_seed_derivation"": ""SnaQ3-v2 master/n/repetition streams"", ""workload_sha256"": ""3e39a08c7a3c5e20e8a5befc5f2f026ee8091e7395b2275d1fcec9bff2e0fb56""}"
qutrit_tableau_clifford,5,25,25,12,20260930,4,0.0009471369994571432,COMPLETED,,False,,20400,34359738368,21600.0,1.0.1,"{""bell_backend"": ""QuickQudits Tableau d=2; H CX and Clifford observables"", ""grid_backend"": ""QuickQudits Tableau d=3; X only"", ""movement_backend"": ""QuickQudits Tableau d=2; H and S only"", ""observable_mapping"": {""Alice_0"": {""angular_error"": 0.0, ""implemented_theta"": 0.0, ""observable"": ""Z"", ""projector_fidelity"": 1.0, ""target_theta"": 0.0}, ""Alice_1"": {""angular_error"": 0.0, ""implemented_theta"": 0.7853981633974483, ""observable"": ""X"", ""projector_fidelity"": 1.0, ""target_theta"": 0.7853981633974483}, ""Alice_2"": {""angular_error"": 0.0, ""implemented_theta"": 0.0, ""observable"": ""Z"", ""projector_fidelity"": 1.0, ""target_theta"": 0.0}, ""Alice_3"": {""angular_error"": 0.0, ""implemented_theta"": 0.7853981633974483, ""observable"": ""X"", ""projector_fidelity"": 1.0, ""target_theta"": 0.7853981633974483}, ""Bob_0"": {""angular_error"": 0.39269908169872414, ""implemented_theta"": 0.0, ""observable"": ""Z"", ""projector_fidelity"": 0.8535533905932737, ""target_theta"": 0.39269908169872414}, ""Bob_1"": {""angular_error"": 0.39269908169872414, ""implemented_theta"": 0.0, ""observable"": ""Z"", ""projector_fidelity"": 0.8535533905932737, ""target_theta"": -0.39269908169872414}, ""Bob_2"": {""angular_error"": 0.39269908169872414, ""implemented_theta"": 0.0, ""observable"": ""Z"", ""projector_fidelity"": 0.8535533905932737, ""target_theta"": 0.39269908169872414}, ""Bob_3"": {""angular_error"": 0.39269908169872414, ""implemented_theta"": 0.0, ""observable"": ""Z"", ""projector_fidelity"": 0.8535533905932737, ""target_theta"": -0.39269908169872414}}, ""player_grid_count"": 2, ""synthetic_scaling_point"": false, ""systems_per_player"": 25, ""tableau_array_bytes_per_player"": 2550, ""workload_seed_derivation"": ""SnaQ3-v2 master/n/repetition streams"", ""workload_sha256"": ""7b35d2942a0a2ef052867fe4147b1c84882f7bf91edaf23b10e82285c5b35b90""}"
qutrit_tableau_clifford,5,25,25,13,20260930,4,0.001102856003853958,COMPLETED,,False,,20400,34359738368,21600.0,1.0.1,"{""bell_backend"": ""QuickQudits Tableau d=2; H CX and Clifford observables"", ""grid_backend"": ""QuickQudits Tableau d=3; X only"", ""movement_backend"": ""QuickQudits Tableau d=2; H and S only"", ""observable_mapping"": {""Alice_0"": {""angular_error"": 0.0, ""implemented_theta"": 0.0, ""observable"": ""Z"", ""projector_fidelity"": 1.0, ""target_theta"": 0.0}, ""Alice_1"": {""angular_error"": 0.0, ""implemented_theta"": 0.7853981633974483, ""observable"": ""X"", ""projector_fidelity"": 1.0, ""target_theta"": 0.7853981633974483}, ""Alice_2"": {""angular_error"": 0.0, ""implemented_theta"": 0.0, ""observable"": ""Z"", ""projector_fidelity"": 1.0, ""target_theta"": 0.0}, ""Alice_3"": {""angular_error"": 0.0, ""implemented_theta"": 0.7853981633974483, ""observable"": ""X"", ""projector_fidelity"": 1.0, ""target_theta"": 0.7853981633974483}, ""Bob_0"": {""angular_error"": 0.39269908169872414, ""implemented_theta"": 0.0, ""observable"": ""Z"", ""projector_fidelity"": 0.8535533905932737, ""target_theta"": 0.39269908169872414}, ""Bob_1"": {""angular_error"": 0.39269908169872414, ""implemented_theta"": 0.0, ""observable"": ""Z"", ""projector_fidelity"": 0.8535533905932737, ""target_theta"": -0.39269908169872414}, ""Bob_2"": {""angular_error"": 0.39269908169872414, ""implemented_theta"": 0.0, ""observable"": ""Z"", ""projector_fidelity"": 0.8535533905932737, ""target_theta"": 0.39269908169872414}, ""Bob_3"": {""angular_error"": 0.39269908169872414, ""implemented_theta"": 0.0, ""observable"": ""Z"", ""projector_fidelity"": 0.8535533905932737, ""target_theta"": -0.39269908169872414}}, ""player_grid_count"": 2, ""synthetic_scaling_point"": false, ""systems_per_player"": 25, ""tableau_array_bytes_per_player"": 2550, ""workload_seed_derivation"": ""SnaQ3-v2 master/n/repetition streams"", ""workload_sha256"": ""c9cadef9bd471f7c7fb77367eec88076996b6645bbcd34578a215779fe9fe955""}"
qutrit_tableau_clifford,5,25,25,14,20260930,4,0.0010213190034846775,COMPLETED,,False,,20400,34359738368,21600.0,1.0.1,"{""bell_backend"": ""QuickQudits Tableau d=2; H CX and Clifford observables"", ""grid_backend"": ""QuickQudits Tableau d=3; X only"", ""movement_backend"": ""QuickQudits Tableau d=2; H and S only"", ""observable_mapping"": {""Alice_0"": {""angular_error"": 0.0, ""implemented_theta"": 0.0, ""observable"": ""Z"", ""projector_fidelity"": 1.0, ""target_theta"": 0.0}, ""Alice_1"": {""angular_error"": 0.0, ""implemented_theta"": 0.7853981633974483, ""observable"": ""X"", ""projector_fidelity"": 1.0, ""target_theta"": 0.7853981633974483}, ""Alice_2"": {""angular_error"": 0.0, ""implemented_theta"": 0.0, ""observable"": ""Z"", ""projector_fidelity"": 1.0, ""target_theta"": 0.0}, ""Alice_3"": {""angular_error"": 0.0, ""implemented_theta"": 0.7853981633974483, ""observable"": ""X"", ""projector_fidelity"": 1.0, ""target_theta"": 0.7853981633974483}, ""Bob_0"": {""angular_error"": 0.39269908169872414, ""implemented_theta"": 0.0, ""observable"": ""Z"", ""projector_fidelity"": 0.8535533905932737, ""target_theta"": 0.39269908169872414}, ""Bob_1"": {""angular_error"": 0.39269908169872414, ""implemented_theta"": 0.0, ""observable"": ""Z"", ""projector_fidelity"": 0.8535533905932737, ""target_theta"": -0.39269908169872414}, ""Bob_2"": {""angular_error"": 0.39269908169872414, ""implemented_theta"": 0.0, ""observable"": ""Z"", ""projector_fidelity"": 0.8535533905932737, ""target_theta"": 0.39269908169872414}, ""Bob_3"": {""angular_error"": 0.39269908169872414, ""implemented_theta"": 0.0, ""observable"": ""Z"", ""projector_fidelity"": 0.8535533905932737, ""target_theta"": -0.39269908169872414}}, ""player_grid_count"": 2, ""synthetic_scaling_point"": false, ""systems_per_player"": 25, ""tableau_array_bytes_per_player"": 2550, ""workload_seed_derivation"": ""SnaQ3-v2 master/n/repetition streams"", ""workload_sha256"": ""ca23649ab8b70f450a54866bf80b284d29390762f400a74965916dfc5024c490""}"
qutrit_tableau_clifford,5,25,25,15,20260930,4,0.0010259810005663894,COMPLETED,,False,,20400,34359738368,21600.0,1.0.1,"{""bell_backend"": ""QuickQudits Tableau d=2; H CX and Clifford observables"", ""grid_backend"": ""QuickQudits Tableau d=3; X only"", ""movement_backend"": ""QuickQudits Tableau d=2; H and S only"", ""observable_mapping"": {""Alice_0"": {""angular_error"": 0.0, ""implemented_theta"": 0.0, ""observable"": ""Z"", ""projector_fidelity"": 1.0, ""target_theta"": 0.0}, ""Alice_1"": {""angular_error"": 0.0, ""implemented_theta"": 0.7853981633974483, ""observable"": ""X"", ""projector_fidelity"": 1.0, ""target_theta"": 0.7853981633974483}, ""Alice_2"": {""angular_error"": 0.0, ""implemented_theta"": 0.0, ""observable"": ""Z"", ""projector_fidelity"": 1.0, ""target_theta"": 0.0}, ""Alice_3"": {""angular_error"": 0.0, ""implemented_theta"": 0.7853981633974483, ""observable"": ""X"", ""projector_fidelity"": 1.0, ""target_theta"": 0.7853981633974483}, ""Bob_0"": {""angular_error"": 0.39269908169872414, ""implemented_theta"": 0.0, ""observable"": ""Z"", ""projector_fidelity"": 0.8535533905932737, ""target_theta"": 0.39269908169872414}, ""Bob_1"": {""angular_error"": 0.39269908169872414, ""implemented_theta"": 0.0, ""observable"": ""Z"", ""projector_fidelity"": 0.8535533905932737, ""target_theta"": -0.39269908169872414}, ""Bob_2"": {""angular_error"": 0.39269908169872414, ""implemented_theta"": 0.0, ""observable"": ""Z"", ""projector_fidelity"": 0.8535533905932737, ""target_theta"": 0.39269908169872414}, ""Bob_3"": {""angular_error"": 0.39269908169872414, ""implemented_theta"": 0.0, ""observable"": ""Z"", ""projector_fidelity"": 0.8535533905932737, ""target_theta"": -0.39269908169872414}}, ""player_grid_count"": 2, ""synthetic_scaling_point"": false, ""systems_per_player"": 25, ""tableau_array_bytes_per_player"": 2550, ""workload_seed_derivation"": ""SnaQ3-v2 master/n/repetition streams"", ""workload_sha256"": ""0401f4f7f3e0a3922f013d62c10f6d89b0c370080029802164e215e667c3513a""}"
qutrit_tableau_clifford,5,25,25,16,20260930,4,0.0009974560016416945,COMPLETED,,False,,20400,34359738368,21600.0,1.0.1,"{""bell_backend"": ""QuickQudits Tableau d=2; H CX and Clifford observables"", ""grid_backend"": ""QuickQudits Tableau d=3; X only"", ""movement_backend"": ""QuickQudits Tableau d=2; H and S only"", ""observable_mapping"": {""Alice_0"": {""angular_error"": 0.0, ""implemented_theta"": 0.0, ""observable"": ""Z"", ""projector_fidelity"": 1.0, ""target_theta"": 0.0}, ""Alice_1"": {""angular_error"": 0.0, ""implemented_theta"": 0.7853981633974483, ""observable"": ""X"", ""projector_fidelity"": 1.0, ""target_theta"": 0.7853981633974483}, ""Alice_2"": {""angular_error"": 0.0, ""implemented_theta"": 0.0, ""observable"": ""Z"", ""projector_fidelity"": 1.0, ""target_theta"": 0.0}, ""Alice_3"": {""angular_error"": 0.0, ""implemented_theta"": 0.7853981633974483, ""observable"": ""X"", ""projector_fidelity"": 1.0, ""target_theta"": 0.7853981633974483}, ""Bob_0"": {""angular_error"": 0.39269908169872414, ""implemented_theta"": 0.0, ""observable"": ""Z"", ""projector_fidelity"": 0.8535533905932737, ""target_theta"": 0.39269908169872414}, ""Bob_1"": {""angular_error"": 0.39269908169872414, ""implemented_theta"": 0.0, ""observable"": ""Z"", ""projector_fidelity"": 0.8535533905932737, ""target_theta"": -0.39269908169872414}, ""Bob_2"": {""angular_error"": 0.39269908169872414, ""implemented_theta"": 0.0, ""observable"": ""Z"", ""projector_fidelity"": 0.8535533905932737, ""target_theta"": 0.39269908169872414}, ""Bob_3"": {""angular_error"": 0.39269908169872414, ""implemented_theta"": 0.0, ""observable"": ""Z"", ""projector_fidelity"": 0.8535533905932737, ""target_theta"": -0.39269908169872414}}, ""player_grid_count"": 2, ""synthetic_scaling_point"": false, ""systems_per_player"": 25, ""tableau_array_bytes_per_player"": 2550, ""workload_seed_derivation"": ""SnaQ3-v2 master/n/repetition streams"", ""workload_sha256"": ""3d358fef7d6a256200a6d1da9500639e122accaa2b800ab4967acb7812863352""}"
qutrit_tableau_clifford,5,25,25,17,20260930,4,0.0009609190019546077,COMPLETED,,False,,20400,34359738368,21600.0,1.0.1,"{""bell_backend"": ""QuickQudits Tableau d=2; H CX and Clifford observables"", ""grid_backend"": ""QuickQudits Tableau d=3; X only"", ""movement_backend"": ""QuickQudits Tableau d=2; H and S only"", ""observable_mapping"": {""Alice_0"": {""angular_error"": 0.0, ""implemented_theta"": 0.0, ""observable"": ""Z"", ""projector_fidelity"": 1.0, ""target_theta"": 0.0}, ""Alice_1"": {""angular_error"": 0.0, ""implemented_theta"": 0.7853981633974483, ""observable"": ""X"", ""projector_fidelity"": 1.0, ""target_theta"": 0.7853981633974483}, ""Alice_2"": {""angular_error"": 0.0, ""implemented_theta"": 0.0, ""observable"": ""Z"", ""projector_fidelity"": 1.0, ""target_theta"": 0.0}, ""Alice_3"": {""angular_error"": 0.0, ""implemented_theta"": 0.7853981633974483, ""observable"": ""X"", ""projector_fidelity"": 1.0, ""target_theta"": 0.7853981633974483}, ""Bob_0"": {""angular_error"": 0.39269908169872414, ""implemented_theta"": 0.0, ""observable"": ""Z"", ""projector_fidelity"": 0.8535533905932737, ""target_theta"": 0.39269908169872414}, ""Bob_1"": {""angular_error"": 0.39269908169872414, ""implemented_theta"": 0.0, ""observable"": ""Z"", ""projector_fidelity"": 0.8535533905932737, ""target_theta"": -0.39269908169872414}, ""Bob_2"": {""angular_error"": 0.39269908169872414, ""implemented_theta"": 0.0, ""observable"": ""Z"", ""projector_fidelity"": 0.8535533905932737, ""target_theta"": 0.39269908169872414}, ""Bob_3"": {""angular_error"": 0.39269908169872414, ""implemented_theta"": 0.0, ""observable"": ""Z"", ""projector_fidelity"": 0.8535533905932737, ""target_theta"": -0.39269908169872414}}, ""player_grid_count"": 2, ""synthetic_scaling_point"": false, ""systems_per_player"": 25, ""tableau_array_bytes_per_player"": 2550, ""workload_seed_derivation"": ""SnaQ3-v2 master/n/repetition streams"", ""workload_sha256"": ""9eed75c594d55f9089d3b411a323e6b605a3dd66f4ef02f7f843f67d2a6396e1""}"
qutrit_tableau_clifford,5,25,25,18,20260930,4,0.0009695970002212562,COMPLETED,,False,,20400,34359738368,21600.0,1.0.1,"{""bell_backend"": ""QuickQudits Tableau d=2; H CX and Clifford observables"", ""grid_backend"": ""QuickQudits Tableau d=3; X only"", ""movement_backend"": ""QuickQudits Tableau d=2; H and S only"", ""observable_mapping"": {""Alice_0"": {""angular_error"": 0.0, ""implemented_theta"": 0.0, ""observable"": ""Z"", ""projector_fidelity"": 1.0, ""target_theta"": 0.0}, ""Alice_1"": {""angular_error"": 0.0, ""implemented_theta"": 0.7853981633974483, ""observable"": ""X"", ""projector_fidelity"": 1.0, ""target_theta"": 0.7853981633974483}, ""Alice_2"": {""angular_error"": 0.0, ""implemented_theta"": 0.0, ""observable"": ""Z"", ""projector_fidelity"": 1.0, ""target_theta"": 0.0}, ""Alice_3"": {""angular_error"": 0.0, ""implemented_theta"": 0.7853981633974483, ""observable"": ""X"", ""projector_fidelity"": 1.0, ""target_theta"": 0.7853981633974483}, ""Bob_0"": {""angular_error"": 0.39269908169872414, ""implemented_theta"": 0.0, ""observable"": ""Z"", ""projector_fidelity"": 0.8535533905932737, ""target_theta"": 0.39269908169872414}, ""Bob_1"": {""angular_error"": 0.39269908169872414, ""implemented_theta"": 0.0, ""observable"": ""Z"", ""projector_fidelity"": 0.8535533905932737, ""target_theta"": -0.39269908169872414}, ""Bob_2"": {""angular_error"": 0.39269908169872414, ""implemented_theta"": 0.0, ""observable"": ""Z"", ""projector_fidelity"": 0.8535533905932737, ""target_theta"": 0.39269908169872414}, ""Bob_3"": {""angular_error"": 0.39269908169872414, ""implemented_theta"": 0.0, ""observable"": ""Z"", ""projector_fidelity"": 0.8535533905932737, ""target_theta"": -0.39269908169872414}}, ""player_grid_count"": 2, ""synthetic_scaling_point"": false, ""systems_per_player"": 25, ""tableau_array_bytes_per_player"": 2550, ""workload_seed_derivation"": ""SnaQ3-v2 master/n/repetition streams"", ""workload_sha256"": ""1d20521bcfd7c2fe902f1a46cf2049c4a776426ba969fe28bee9dfab19aebdd0""}"
qutrit_tableau_clifford,5,25,25,19,20260930,4,0.001007420003588777,COMPLETED,,False,,20400,34359738368,21600.0,1.0.1,"{""bell_backend"": ""QuickQudits Tableau d=2; H CX and Clifford observables"", ""grid_backend"": ""QuickQudits Tableau d=3; X only"", ""movement_backend"": ""QuickQudits Tableau d=2; H and S only"", ""observable_mapping"": {""Alice_0"": {""angular_error"": 0.0, ""implemented_theta"": 0.0, ""observable"": ""Z"", ""projector_fidelity"": 1.0, ""target_theta"": 0.0}, ""Alice_1"": {""angular_error"": 0.0, ""implemented_theta"": 0.7853981633974483, ""observable"": ""X"", ""projector_fidelity"": 1.0, ""target_theta"": 0.7853981633974483}, ""Alice_2"": {""angular_error"": 0.0, ""implemented_theta"": 0.0, ""observable"": ""Z"", ""projector_fidelity"": 1.0, ""target_theta"": 0.0}, ""Alice_3"": {""angular_error"": 0.0, ""implemented_theta"": 0.7853981633974483, ""observable"": ""X"", ""projector_fidelity"": 1.0, ""target_theta"": 0.7853981633974483}, ""Bob_0"": {""angular_error"": 0.39269908169872414, ""implemented_theta"": 0.0, ""observable"": ""Z"", ""projector_fidelity"": 0.8535533905932737, ""target_theta"": 0.39269908169872414}, ""Bob_1"": {""angular_error"": 0.39269908169872414, ""implemented_theta"": 0.0, ""observable"": ""Z"", ""projector_fidelity"": 0.8535533905932737, ""target_theta"": -0.39269908169872414}, ""Bob_2"": {""angular_error"": 0.39269908169872414, ""implemented_theta"": 0.0, ""observable"": ""Z"", ""projector_fidelity"": 0.8535533905932737, ""target_theta"": 0.39269908169872414}, ""Bob_3"": {""angular_error"": 0.39269908169872414, ""implemented_theta"": 0.0, ""observable"": ""Z"", ""projector_fidelity"": 0.8535533905932737, ""target_theta"": -0.39269908169872414}}, ""player_grid_count"": 2, ""synthetic_scaling_point"": false, ""systems_per_player"": 25, ""tableau_array_bytes_per_player"": 2550, ""workload_seed_derivation"": ""SnaQ3-v2 master/n/repetition streams"", ""workload_sha256"": ""44da80fc135051213731711e265105871f43c180845fc140999568ec7ef50a91""}"
qubit_tableau_transpiled,5,25,50,0,20260930,4,0.0012651200013351627,COMPLETED,,False,,80800,34359738368,21600.0,1.0.1,"{""bell_backend"": ""QuickQudits Tableau d=2; same Clifford Bell observables as qutrit_tableau_clifford"", ""dense_statevector"": false, ""encoding"": {""0"": ""00"", ""1"": ""01"", ""2"": ""10"", ""invalid"": ""11""}, ""grid_backend"": ""two full QuickQudits Tableau d=2 registers, 2m qubits each"", ""movement_backend"": ""QuickQudits Tableau d=2; H and S only"", ""observable_mapping"": {""Alice_0"": {""angular_error"": 0.0, ""implemented_theta"": 0.0, ""observable"": ""Z"", ""projector_fidelity"": 1.0, ""target_theta"": 0.0}, ""Alice_1"": {""angular_error"": 0.0, ""implemented_theta"": 0.7853981633974483, ""observable"": ""X"", ""projector_fidelity"": 1.0, ""target_theta"": 0.7853981633974483}, ""Alice_2"": {""angular_error"": 0.0, ""implemented_theta"": 0.0, ""observable"": ""Z"", ""projector_fidelity"": 1.0, ""target_theta"": 0.0}, ""Alice_3"": {""angular_error"": 0.0, ""implemented_theta"": 0.7853981633974483, ""observable"": ""X"", ""projector_fidelity"": 1.0, ""target_theta"": 0.7853981633974483}, ""Bob_0"": {""angular_error"": 0.39269908169872414, ""implemented_theta"": 0.0, ""observable"": ""Z"", ""projector_fidelity"": 0.8535533905932737, ""target_theta"": 0.39269908169872414}, ""Bob_1"": {""angular_error"": 0.39269908169872414, ""implemented_theta"": 0.0, ""observable"": ""Z"", ""projector_fidelity"": 0.8535533905932737, ""target_theta"": -0.39269908169872414}, ""Bob_2"": {""angular_error"": 0.39269908169872414, ""implemented_theta"": 0.0, ""observable"": ""Z"", ""projector_fidelity"": 0.8535533905932737, ""target_theta"": 0.39269908169872414}, ""Bob_3"": {""angular_error"": 0.39269908169872414, ""implemented_theta"": 0.0, ""observable"": ""Z"", ""projector_fidelity"": 0.8535533905932737, ""target_theta"": -0.39269908169872414}}, ""player_grid_count"": 2, ""qubits_per_player_grid"": 50, ""synthetic_scaling_point"": false, ""systems_per_player"": 50, ""tableau_array_bytes_per_player"": 10100, ""transpiled_gates"": ""qutrit X -> X(q0), CX(q0,q1), CX(q1,q0); invalid 11 fixed"", ""workload_seed_derivation"": ""SnaQ3-v2 master/n/repetition streams"", ""workload_sha256"": ""6c00f8677e7717f100cd72ac0de663cde5ed3be3062efd0d456ea20907889c87""}"
qubit_tableau_transpiled,5,25,50,1,20260930,4,0.0012780390025000088,COMPLETED,,False,,80800,34359738368,21600.0,1.0.1,"{""bell_backend"": ""QuickQudits Tableau d=2; same Clifford Bell observables as qutrit_tableau_clifford"", ""dense_statevector"": false, ""encoding"": {""0"": ""00"", ""1"": ""01"", ""2"": ""10"", ""invalid"": ""11""}, ""grid_backend"": ""two full QuickQudits Tableau d=2 registers, 2m qubits each"", ""movement_backend"": ""QuickQudits Tableau d=2; H and S only"", ""observable_mapping"": {""Alice_0"": {""angular_error"": 0.0, ""implemented_theta"": 0.0, ""observable"": ""Z"", ""projector_fidelity"": 1.0, ""target_theta"": 0.0}, ""Alice_1"": {""angular_error"": 0.0, ""implemented_theta"": 0.7853981633974483, ""observable"": ""X"", ""projector_fidelity"": 1.0, ""target_theta"": 0.7853981633974483}, ""Alice_2"": {""angular_error"": 0.0, ""implemented_theta"": 0.0, ""observable"": ""Z"", ""projector_fidelity"": 1.0, ""target_theta"": 0.0}, ""Alice_3"": {""angular_error"": 0.0, ""implemented_theta"": 0.7853981633974483, ""observable"": ""X"", ""projector_fidelity"": 1.0, ""target_theta"": 0.7853981633974483}, ""Bob_0"": {""angular_error"": 0.39269908169872414, ""implemented_theta"": 0.0, ""observable"": ""Z"", ""projector_fidelity"": 0.8535533905932737, ""target_theta"": 0.39269908169872414}, ""Bob_1"": {""angular_error"": 0.39269908169872414, ""implemented_theta"": 0.0, ""observable"": ""Z"", ""projector_fidelity"": 0.8535533905932737, ""target_theta"": -0.39269908169872414}, ""Bob_2"": {""angular_error"": 0.39269908169872414, ""implemented_theta"": 0.0, ""observable"": ""Z"", ""projector_fidelity"": 0.8535533905932737, ""target_theta"": 0.39269908169872414}, ""Bob_3"": {""angular_error"": 0.39269908169872414, ""implemented_theta"": 0.0, ""observable"": ""Z"", ""projector_fidelity"": 0.8535533905932737, ""target_theta"": -0.39269908169872414}}, ""player_grid_count"": 2, ""qubits_per_player_grid"": 50, ""synthetic_scaling_point"": false, ""systems_per_player"": 50, ""tableau_array_bytes_per_player"": 10100, ""transpiled_gates"": ""qutrit X -> X(q0), CX(q0,q1), CX(q1,q0); invalid 11 fixed"", ""workload_seed_derivation"": ""SnaQ3-v2 master/n/repetition streams"", ""workload_sha256"": ""71c8aa081cf92fa104b22781cbb79f7a2f8eb3ba30582f90ade52dfe352eda56""}"
qubit_tableau_transpiled,5,25,50,2,20260930,4,0.0014019509981153533,COMPLETED,,False,,80800,34359738368,21600.0,1.0.1,"{""bell_backend"": ""QuickQudits Tableau d=2; same Clifford Bell observables as qutrit_tableau_clifford"", ""dense_statevector"": false, ""encoding"": {""0"": ""00"", ""1"": ""01"", ""2"": ""10"", ""invalid"": ""11""}, ""grid_backend"": ""two full QuickQudits Tableau d=2 registers, 2m qubits each"", ""movement_backend"": ""QuickQudits Tableau d=2; H and S only"", ""observable_mapping"": {""Alice_0"": {""angular_error"": 0.0, ""implemented_theta"": 0.0, ""observable"": ""Z"", ""projector_fidelity"": 1.0, ""target_theta"": 0.0}, ""Alice_1"": {""angular_error"": 0.0, ""implemented_theta"": 0.7853981633974483, ""observable"": ""X"", ""projector_fidelity"": 1.0, ""target_theta"": 0.7853981633974483}, ""Alice_2"": {""angular_error"": 0.0, ""implemented_theta"": 0.0, ""observable"": ""Z"", ""projector_fidelity"": 1.0, ""target_theta"": 0.0}, ""Alice_3"": {""angular_error"": 0.0, ""implemented_theta"": 0.7853981633974483, ""observable"": ""X"", ""projector_fidelity"": 1.0, ""target_theta"": 0.7853981633974483}, ""Bob_0"": {""angular_error"": 0.39269908169872414, ""implemented_theta"": 0.0, ""observable"": ""Z"", ""projector_fidelity"": 0.8535533905932737, ""target_theta"": 0.39269908169872414}, ""Bob_1"": {""angular_error"": 0.39269908169872414, ""implemented_theta"": 0.0, ""observable"": ""Z"", ""projector_fidelity"": 0.8535533905932737, ""target_theta"": -0.39269908169872414}, ""Bob_2"": {""angular_error"": 0.39269908169872414, ""implemented_theta"": 0.0, ""observable"": ""Z"", ""projector_fidelity"": 0.8535533905932737, ""target_theta"": 0.39269908169872414}, ""Bob_3"": {""angular_error"": 0.39269908169872414, ""implemented_theta"": 0.0, ""observable"": ""Z"", ""projector_fidelity"": 0.8535533905932737, ""target_theta"": -0.39269908169872414}}, ""player_grid_count"": 2, ""qubits_per_player_grid"": 50, ""synthetic_scaling_point"": false, ""systems_per_player"": 50, ""tableau_array_bytes_per_player"": 10100, ""transpiled_gates"": ""qutrit X -> X(q0), CX(q0,q1), CX(q1,q0); invalid 11 fixed"", ""workload_seed_derivation"": ""SnaQ3-v2 master/n/repetition streams"", ""workload_sha256"": ""ab3cf1779a9e2d31e26bf6feee0eb7ffce51078c57f51a52b84c6c1f02898c0d""}"
qubit_tableau_transpiled,5,25,50,3,20260930,4,0.0013882720013498329,COMPLETED,,False,,80800,34359738368,21600.0,1.0.1,"{""bell_backend"": ""QuickQudits Tableau d=2; same Clifford Bell observables as qutrit_tableau_clifford"", ""dense_statevector"": false, ""encoding"": {""0"": ""00"", ""1"": ""01"", ""2"": ""10"", ""invalid"": ""11""}, ""grid_backend"": ""two full QuickQudits Tableau d=2 registers, 2m qubits each"", ""movement_backend"": ""QuickQudits Tableau d=2; H and S only"", ""observable_mapping"": {""Alice_0"": {""angular_error"": 0.0, ""implemented_theta"": 0.0, ""observable"": ""Z"", ""projector_fidelity"": 1.0, ""target_theta"": 0.0}, ""Alice_1"": {""angular_error"": 0.0, ""implemented_theta"": 0.7853981633974483, ""observable"": ""X"", ""projector_fidelity"": 1.0, ""target_theta"": 0.7853981633974483}, ""Alice_2"": {""angular_error"": 0.0, ""implemented_theta"": 0.0, ""observable"": ""Z"", ""projector_fidelity"": 1.0, ""target_theta"": 0.0}, ""Alice_3"": {""angular_error"": 0.0, ""implemented_theta"": 0.7853981633974483, ""observable"": ""X"", ""projector_fidelity"": 1.0, ""target_theta"": 0.7853981633974483}, ""Bob_0"": {""angular_error"": 0.39269908169872414, ""implemented_theta"": 0.0, ""observable"": ""Z"", ""projector_fidelity"": 0.8535533905932737, ""target_theta"": 0.39269908169872414}, ""Bob_1"": {""angular_error"": 0.39269908169872414, ""implemented_theta"": 0.0, ""observable"": ""Z"", ""projector_fidelity"": 0.8535533905932737, ""target_theta"": -0.39269908169872414}, ""Bob_2"": {""angular_error"": 0.39269908169872414, ""implemented_theta"": 0.0, ""observable"": ""Z"", ""projector_fidelity"": 0.8535533905932737, ""target_theta"": 0.39269908169872414}, ""Bob_3"": {""angular_error"": 0.39269908169872414, ""implemented_theta"": 0.0, ""observable"": ""Z"", ""projector_fidelity"": 0.8535533905932737, ""target_theta"": -0.39269908169872414}}, ""player_grid_count"": 2, ""qubits_per_player_grid"": 50, ""synthetic_scaling_point"": false, ""systems_per_player"": 50, ""tableau_array_bytes_per_player"": 10100, ""transpiled_gates"": ""qutrit X -> X(q0), CX(q0,q1), CX(q1,q0); invalid 11 fixed"", ""workload_seed_derivation"": ""SnaQ3-v2 master/n/repetition streams"", ""workload_sha256"": ""0dc17fbc251fba53effd7e3bee8b8487b527e94f5a0ad8248e03880296a53edc""}"
qubit_tableau_transpiled,5,25,50,4,20260930,4,0.0012019089990644716,COMPLETED,,False,,80800,34359738368,21600.0,1.0.1,"{""bell_backend"": ""QuickQudits Tableau d=2; same Clifford Bell observables as qutrit_tableau_clifford"", ""dense_statevector"": false, ""encoding"": {""0"": ""00"", ""1"": ""01"", ""2"": ""10"", ""invalid"": ""11""}, ""grid_backend"": ""two full QuickQudits Tableau d=2 registers, 2m qubits each"", ""movement_backend"": ""QuickQudits Tableau d=2; H and S only"", ""observable_mapping"": {""Alice_0"": {""angular_error"": 0.0, ""implemented_theta"": 0.0, ""observable"": ""Z"", ""projector_fidelity"": 1.0, ""target_theta"": 0.0}, ""Alice_1"": {""angular_error"": 0.0, ""implemented_theta"": 0.7853981633974483, ""observable"": ""X"", ""projector_fidelity"": 1.0, ""target_theta"": 0.7853981633974483}, ""Alice_2"": {""angular_error"": 0.0, ""implemented_theta"": 0.0, ""observable"": ""Z"", ""projector_fidelity"": 1.0, ""target_theta"": 0.0}, ""Alice_3"": {""angular_error"": 0.0, ""implemented_theta"": 0.7853981633974483, ""observable"": ""X"", ""projector_fidelity"": 1.0, ""target_theta"": 0.7853981633974483}, ""Bob_0"": {""angular_error"": 0.39269908169872414, ""implemented_theta"": 0.0, ""observable"": ""Z"", ""projector_fidelity"": 0.8535533905932737, ""target_theta"": 0.39269908169872414}, ""Bob_1"": {""angular_error"": 0.39269908169872414, ""implemented_theta"": 0.0, ""observable"": ""Z"", ""projector_fidelity"": 0.8535533905932737, ""target_theta"": -0.39269908169872414}, ""Bob_2"": {""angular_error"": 0.39269908169872414, ""implemented_theta"": 0.0, ""observable"": ""Z"", ""projector_fidelity"": 0.8535533905932737, ""target_theta"": 0.39269908169872414}, ""Bob_3"": {""angular_error"": 0.39269908169872414, ""implemented_theta"": 0.0, ""observable"": ""Z"", ""projector_fidelity"": 0.8535533905932737, ""target_theta"": -0.39269908169872414}}, ""player_grid_count"": 2, ""qubits_per_player_grid"": 50, ""synthetic_scaling_point"": false, ""systems_per_player"": 50, ""tableau_array_bytes_per_player"": 10100, ""transpiled_gates"": ""qutrit X -> X(q0), CX(q0,q1), CX(q1,q0); invalid 11 fixed"", ""workload_seed_derivation"": ""SnaQ3-v2 master/n/repetition streams"", ""workload_sha256"": ""4c38c2478e807ab5b6d93e23c83723b102ebdbdf70a4f76a3a8fdd1b3a2a408d""}"
qubit_tableau_transpiled,5,25,50,5,20260930,4,0.0014325939991977066,COMPLETED,,False,,80800,34359738368,21600.0,1.0.1,"{""bell_backend"": ""QuickQudits Tableau d=2; same Clifford Bell observables as qutrit_tableau_clifford"", ""dense_statevector"": false, ""encoding"": {""0"": ""00"", ""1"": ""01"", ""2"": ""10"", ""invalid"": ""11""}, ""grid_backend"": ""two full QuickQudits Tableau d=2 registers, 2m qubits each"", ""movement_backend"": ""QuickQudits Tableau d=2; H and S only"", ""observable_mapping"": {""Alice_0"": {""angular_error"": 0.0, ""implemented_theta"": 0.0, ""observable"": ""Z"", ""projector_fidelity"": 1.0, ""target_theta"": 0.0}, ""Alice_1"": {""angular_error"": 0.0, ""implemented_theta"": 0.7853981633974483, ""observable"": ""X"", ""projector_fidelity"": 1.0, ""target_theta"": 0.7853981633974483}, ""Alice_2"": {""angular_error"": 0.0, ""implemented_theta"": 0.0, ""observable"": ""Z"", ""projector_fidelity"": 1.0, ""target_theta"": 0.0}, ""Alice_3"": {""angular_error"": 0.0, ""implemented_theta"": 0.7853981633974483, ""observable"": ""X"", ""projector_fidelity"": 1.0, ""target_theta"": 0.7853981633974483}, ""Bob_0"": {""angular_error"": 0.39269908169872414, ""implemented_theta"": 0.0, ""observable"": ""Z"", ""projector_fidelity"": 0.8535533905932737, ""target_theta"": 0.39269908169872414}, ""Bob_1"": {""angular_error"": 0.39269908169872414, ""implemented_theta"": 0.0, ""observable"": ""Z"", ""projector_fidelity"": 0.8535533905932737, ""target_theta"": -0.39269908169872414}, ""Bob_2"": {""angular_error"": 0.39269908169872414, ""implemented_theta"": 0.0, ""observable"": ""Z"", ""projector_fidelity"": 0.8535533905932737, ""target_theta"": 0.39269908169872414}, ""Bob_3"": {""angular_error"": 0.39269908169872414, ""implemented_theta"": 0.0, ""observable"": ""Z"", ""projector_fidelity"": 0.8535533905932737, ""target_theta"": -0.39269908169872414}}, ""player_grid_count"": 2, ""qubits_per_player_grid"": 50, ""synthetic_scaling_point"": false, ""systems_per_player"": 50, ""tableau_array_bytes_per_player"": 10100, ""transpiled_gates"": ""qutrit X -> X(q0), CX(q0,q1), CX(q1,q0); invalid 11 fixed"", ""workload_seed_derivation"": ""SnaQ3-v2 master/n/repetition streams"", ""workload_sha256"": ""7f9af886564b689f590fee505a6d880fb6edc106b17e2e1b01f72e7daa665e97""}"
qubit_tableau_transpiled,5,25,50,6,20260930,4,0.0012205770035507157,COMPLETED,,False,,80800,34359738368,21600.0,1.0.1,"{""bell_backend"": ""QuickQudits Tableau d=2; same Clifford Bell observables as qutrit_tableau_clifford"", ""dense_statevector"": false, ""encoding"": {""0"": ""00"", ""1"": ""01"", ""2"": ""10"", ""invalid"": ""11""}, ""grid_backend"": ""two full QuickQudits Tableau d=2 registers, 2m qubits each"", ""movement_backend"": ""QuickQudits Tableau d=2; H and S only"", ""observable_mapping"": {""Alice_0"": {""angular_error"": 0.0, ""implemented_theta"": 0.0, ""observable"": ""Z"", ""projector_fidelity"": 1.0, ""target_theta"": 0.0}, ""Alice_1"": {""angular_error"": 0.0, ""implemented_theta"": 0.7853981633974483, ""observable"": ""X"", ""projector_fidelity"": 1.0, ""target_theta"": 0.7853981633974483}, ""Alice_2"": {""angular_error"": 0.0, ""implemented_theta"": 0.0, ""observable"": ""Z"", ""projector_fidelity"": 1.0, ""target_theta"": 0.0}, ""Alice_3"": {""angular_error"": 0.0, ""implemented_theta"": 0.7853981633974483, ""observable"": ""X"", ""projector_fidelity"": 1.0, ""target_theta"": 0.7853981633974483}, ""Bob_0"": {""angular_error"": 0.39269908169872414, ""implemented_theta"": 0.0, ""observable"": ""Z"", ""projector_fidelity"": 0.8535533905932737, ""target_theta"": 0.39269908169872414}, ""Bob_1"": {""angular_error"": 0.39269908169872414, ""implemented_theta"": 0.0, ""observable"": ""Z"", ""projector_fidelity"": 0.8535533905932737, ""target_theta"": -0.39269908169872414}, ""Bob_2"": {""angular_error"": 0.39269908169872414, ""implemented_theta"": 0.0, ""observable"": ""Z"", ""projector_fidelity"": 0.8535533905932737, ""target_theta"": 0.39269908169872414}, ""Bob_3"": {""angular_error"": 0.39269908169872414, ""implemented_theta"": 0.0, ""observable"": ""Z"", ""projector_fidelity"": 0.8535533905932737, ""target_theta"": -0.39269908169872414}}, ""player_grid_count"": 2, ""qubits_per_player_grid"": 50, ""synthetic_scaling_point"": false, ""systems_per_player"": 50, ""tableau_array_bytes_per_player"": 10100, ""transpiled_gates"": ""qutrit X -> X(q0), CX(q0,q1), CX(q1,q0); invalid 11 fixed"", ""workload_seed_derivation"": ""SnaQ3-v2 master/n/repetition streams"", ""workload_sha256"": ""03b566d66f635fdb27236458f2e3f5e1380d1bf2c389c01eb8bb842663630fbf""}"
qubit_tableau_transpiled,5,25,50,7,20260930,4,0.0013330240035429597,COMPLETED,,False,,80800,34359738368,21600.0,1.0.1,"{""bell_backend"": ""QuickQudits Tableau d=2; same Clifford Bell observables as qutrit_tableau_clifford"", ""dense_statevector"": false, ""encoding"": {""0"": ""00"", ""1"": ""01"", ""2"": ""10"", ""invalid"": ""11""}, ""grid_backend"": ""two full QuickQudits Tableau d=2 registers, 2m qubits each"", ""movement_backend"": ""QuickQudits Tableau d=2; H and S only"", ""observable_mapping"": {""Alice_0"": {""angular_error"": 0.0, ""implemented_theta"": 0.0, ""observable"": ""Z"", ""projector_fidelity"": 1.0, ""target_theta"": 0.0}, ""Alice_1"": {""angular_error"": 0.0, ""implemented_theta"": 0.7853981633974483, ""observable"": ""X"", ""projector_fidelity"": 1.0, ""target_theta"": 0.7853981633974483}, ""Alice_2"": {""angular_error"": 0.0, ""implemented_theta"": 0.0, ""observable"": ""Z"", ""projector_fidelity"": 1.0, ""target_theta"": 0.0}, ""Alice_3"": {""angular_error"": 0.0, ""implemented_theta"": 0.7853981633974483, ""observable"": ""X"", ""projector_fidelity"": 1.0, ""target_theta"": 0.7853981633974483}, ""Bob_0"": {""angular_error"": 0.39269908169872414, ""implemented_theta"": 0.0, ""observable"": ""Z"", ""projector_fidelity"": 0.8535533905932737, ""target_theta"": 0.39269908169872414}, ""Bob_1"": {""angular_error"": 0.39269908169872414, ""implemented_theta"": 0.0, ""observable"": ""Z"", ""projector_fidelity"": 0.8535533905932737, ""target_theta"": -0.39269908169872414}, ""Bob_2"": {""angular_error"": 0.39269908169872414, ""implemented_theta"": 0.0, ""observable"": ""Z"", ""projector_fidelity"": 0.8535533905932737, ""target_theta"": 0.39269908169872414}, ""Bob_3"": {""angular_error"": 0.39269908169872414, ""implemented_theta"": 0.0, ""observable"": ""Z"", ""projector_fidelity"": 0.8535533905932737, ""target_theta"": -0.39269908169872414}}, ""player_grid_count"": 2, ""qubits_per_player_grid"": 50, ""synthetic_scaling_point"": false, ""systems_per_player"": 50, ""tableau_array_bytes_per_player"": 10100, ""transpiled_gates"": ""qutrit X -> X(q0), CX(q0,q1), CX(q1,q0); invalid 11 fixed"", ""workload_seed_derivation"": ""SnaQ3-v2 master/n/repetition streams"", ""workload_sha256"": ""c4d19e52de0a9adb7a69d33ef0f284cd3fb134f4dd9e0444f6454623279c6675""}"
qubit_tableau_transpiled,5,25,50,8,20260930,4,0.0012578879977809265,COMPLETED,,False,,80800,34359738368,21600.0,1.0.1,"{""bell_backend"": ""QuickQudits Tableau d=2; same Clifford Bell observables as qutrit_tableau_clifford"", ""dense_statevector"": false, ""encoding"": {""0"": ""00"", ""1"": ""01"", ""2"": ""10"", ""invalid"": ""11""}, ""grid_backend"": ""two full QuickQudits Tableau d=2 registers, 2m qubits each"", ""movement_backend"": ""QuickQudits Tableau d=2; H and S only"", ""observable_mapping"": {""Alice_0"": {""angular_error"": 0.0, ""implemented_theta"": 0.0, ""observable"": ""Z"", ""projector_fidelity"": 1.0, ""target_theta"": 0.0}, ""Alice_1"": {""angular_error"": 0.0, ""implemented_theta"": 0.7853981633974483, ""observable"": ""X"", ""projector_fidelity"": 1.0, ""target_theta"": 0.7853981633974483}, ""Alice_2"": {""angular_error"": 0.0, ""implemented_theta"": 0.0, ""observable"": ""Z"", ""projector_fidelity"": 1.0, ""target_theta"": 0.0}, ""Alice_3"": {""angular_error"": 0.0, ""implemented_theta"": 0.7853981633974483, ""observable"": ""X"", ""projector_fidelity"": 1.0, ""target_theta"": 0.7853981633974483}, ""Bob_0"": {""angular_error"": 0.39269908169872414, ""implemented_theta"": 0.0, ""observable"": ""Z"", ""projector_fidelity"": 0.8535533905932737, ""target_theta"": 0.39269908169872414}, ""Bob_1"": {""angular_error"": 0.39269908169872414, ""implemented_theta"": 0.0, ""observable"": ""Z"", ""projector_fidelity"": 0.8535533905932737, ""target_theta"": -0.39269908169872414}, ""Bob_2"": {""angular_error"": 0.39269908169872414, ""implemented_theta"": 0.0, ""observable"": ""Z"", ""projector_fidelity"": 0.8535533905932737, ""target_theta"": 0.39269908169872414}, ""Bob_3"": {""angular_error"": 0.39269908169872414, ""implemented_theta"": 0.0, ""observable"": ""Z"", ""projector_fidelity"": 0.8535533905932737, ""target_theta"": -0.39269908169872414}}, ""player_grid_count"": 2, ""qubits_per_player_grid"": 50, ""synthetic_scaling_point"": false, ""systems_per_player"": 50, ""tableau_array_bytes_per_player"": 10100, ""transpiled_gates"": ""qutrit X -> X(q0), CX(q0,q1), CX(q1,q0); invalid 11 fixed"", ""workload_seed_derivation"": ""SnaQ3-v2 master/n/repetition streams"", ""workload_sha256"": ""8f4982962d53c0eb2c4aee6d4cb7c6054dfd13eda8f31a369055a1681e8a3da2""}"
qubit_tableau_transpiled,5,25,50,9,20260930,4,0.0014207459971657954,COMPLETED,,False,,80800,34359738368,21600.0,1.0.1,"{""bell_backend"": ""QuickQudits Tableau d=2; same Clifford Bell observables as qutrit_tableau_clifford"", ""dense_statevector"": false, ""encoding"": {""0"": ""00"", ""1"": ""01"", ""2"": ""10"", ""invalid"": ""11""}, ""grid_backend"": ""two full QuickQudits Tableau d=2 registers, 2m qubits each"", ""movement_backend"": ""QuickQudits Tableau d=2; H and S only"", ""observable_mapping"": {""Alice_0"": {""angular_error"": 0.0, ""implemented_theta"": 0.0, ""observable"": ""Z"", ""projector_fidelity"": 1.0, ""target_theta"": 0.0}, ""Alice_1"": {""angular_error"": 0.0, ""implemented_theta"": 0.7853981633974483, ""observable"": ""X"", ""projector_fidelity"": 1.0, ""target_theta"": 0.7853981633974483}, ""Alice_2"": {""angular_error"": 0.0, ""implemented_theta"": 0.0, ""observable"": ""Z"", ""projector_fidelity"": 1.0, ""target_theta"": 0.0}, ""Alice_3"": {""angular_error"": 0.0, ""implemented_theta"": 0.7853981633974483, ""observable"": ""X"", ""projector_fidelity"": 1.0, ""target_theta"": 0.7853981633974483}, ""Bob_0"": {""angular_error"": 0.39269908169872414, ""implemented_theta"": 0.0, ""observable"": ""Z"", ""projector_fidelity"": 0.8535533905932737, ""target_theta"": 0.39269908169872414}, ""Bob_1"": {""angular_error"": 0.39269908169872414, ""implemented_theta"": 0.0, ""observable"": ""Z"", ""projector_fidelity"": 0.8535533905932737, ""target_theta"": -0.39269908169872414}, ""Bob_2"": {""angular_error"": 0.39269908169872414, ""implemented_theta"": 0.0, ""observable"": ""Z"", ""projector_fidelity"": 0.8535533905932737, ""target_theta"": 0.39269908169872414}, ""Bob_3"": {""angular_error"": 0.39269908169872414, ""implemented_theta"": 0.0, ""observable"": ""Z"", ""projector_fidelity"": 0.8535533905932737, ""target_theta"": -0.39269908169872414}}, ""player_grid_count"": 2, ""qubits_per_player_grid"": 50, ""synthetic_scaling_point"": false, ""systems_per_player"": 50, ""tableau_array_bytes_per_player"": 10100, ""transpiled_gates"": ""qutrit X -> X(q0), CX(q0,q1), CX(q1,q0); invalid 11 fixed"", ""workload_seed_derivation"": ""SnaQ3-v2 master/n/repetition streams"", ""workload_sha256"": ""098e8b048d2e817b1a18d7a9d77296d664ac81d7a09bccd642de276f326f48bf""}"
qubit_tableau_transpiled,5,25,50,10,20260930,4,0.0016695640006219037,COMPLETED,,False,,80800,34359738368,21600.0,1.0.1,"{""bell_backend"": ""QuickQudits Tableau d=2; same Clifford Bell observables as qutrit_tableau_clifford"", ""dense_statevector"": false, ""encoding"": {""0"": ""00"", ""1"": ""01"", ""2"": ""10"", ""invalid"": ""11""}, ""grid_backend"": ""two full QuickQudits Tableau d=2 registers, 2m qubits each"", ""movement_backend"": ""QuickQudits Tableau d=2; H and S only"", ""observable_mapping"": {""Alice_0"": {""angular_error"": 0.0, ""implemented_theta"": 0.0, ""observable"": ""Z"", ""projector_fidelity"": 1.0, ""target_theta"": 0.0}, ""Alice_1"": {""angular_error"": 0.0, ""implemented_theta"": 0.7853981633974483, ""observable"": ""X"", ""projector_fidelity"": 1.0, ""target_theta"": 0.7853981633974483}, ""Alice_2"": {""angular_error"": 0.0, ""implemented_theta"": 0.0, ""observable"": ""Z"", ""projector_fidelity"": 1.0, ""target_theta"": 0.0}, ""Alice_3"": {""angular_error"": 0.0, ""implemented_theta"": 0.7853981633974483, ""observable"": ""X"", ""projector_fidelity"": 1.0, ""target_theta"": 0.7853981633974483}, ""Bob_0"": {""angular_error"": 0.39269908169872414, ""implemented_theta"": 0.0, ""observable"": ""Z"", ""projector_fidelity"": 0.8535533905932737, ""target_theta"": 0.39269908169872414}, ""Bob_1"": {""angular_error"": 0.39269908169872414, ""implemented_theta"": 0.0, ""observable"": ""Z"", ""projector_fidelity"": 0.8535533905932737, ""target_theta"": -0.39269908169872414}, ""Bob_2"": {""angular_error"": 0.39269908169872414, ""implemented_theta"": 0.0, ""observable"": ""Z"", ""projector_fidelity"": 0.8535533905932737, ""target_theta"": 0.39269908169872414}, ""Bob_3"": {""angular_error"": 0.39269908169872414, ""implemented_theta"": 0.0, ""observable"": ""Z"", ""projector_fidelity"": 0.8535533905932737, ""target_theta"": -0.39269908169872414}}, ""player_grid_count"": 2, ""qubits_per_player_grid"": 50, ""synthetic_scaling_point"": false, ""systems_per_player"": 50, ""tableau_array_bytes_per_player"": 10100, ""transpiled_gates"": ""qutrit X -> X(q0), CX(q0,q1), CX(q1,q0); invalid 11 fixed"", ""workload_seed_derivation"": ""SnaQ3-v2 master/n/repetition streams"", ""workload_sha256"": ""0f94e891961c672bea3c532aa51257e1c03b7cb22bea3e6f93423b084ead75f7""}"
qubit_tableau_transpiled,5,25,50,11,20260930,4,0.0012991590047022328,COMPLETED,,False,,80800,34359738368,21600.0,1.0.1,"{""bell_backend"": ""QuickQudits Tableau d=2; same Clifford Bell observables as qutrit_tableau_clifford"", ""dense_statevector"": false, ""encoding"": {""0"": ""00"", ""1"": ""01"", ""2"": ""10"", ""invalid"": ""11""}, ""grid_backend"": ""two full QuickQudits Tableau d=2 registers, 2m qubits each"", ""movement_backend"": ""QuickQudits Tableau d=2; H and S only"", ""observable_mapping"": {""Alice_0"": {""angular_error"": 0.0, ""implemented_theta"": 0.0, ""observable"": ""Z"", ""projector_fidelity"": 1.0, ""target_theta"": 0.0}, ""Alice_1"": {""angular_error"": 0.0, ""implemented_theta"": 0.7853981633974483, ""observable"": ""X"", ""projector_fidelity"": 1.0, ""target_theta"": 0.7853981633974483}, ""Alice_2"": {""angular_error"": 0.0, ""implemented_theta"": 0.0, ""observable"": ""Z"", ""projector_fidelity"": 1.0, ""target_theta"": 0.0}, ""Alice_3"": {""angular_error"": 0.0, ""implemented_theta"": 0.7853981633974483, ""observable"": ""X"", ""projector_fidelity"": 1.0, ""target_theta"": 0.7853981633974483}, ""Bob_0"": {""angular_error"": 0.39269908169872414, ""implemented_theta"": 0.0, ""observable"": ""Z"", ""projector_fidelity"": 0.8535533905932737, ""target_theta"": 0.39269908169872414}, ""Bob_1"": {""angular_error"": 0.39269908169872414, ""implemented_theta"": 0.0, ""observable"": ""Z"", ""projector_fidelity"": 0.8535533905932737, ""target_theta"": -0.39269908169872414}, ""Bob_2"": {""angular_error"": 0.39269908169872414, ""implemented_theta"": 0.0, ""observable"": ""Z"", ""projector_fidelity"": 0.8535533905932737, ""target_theta"": 0.39269908169872414}, ""Bob_3"": {""angular_error"": 0.39269908169872414, ""implemented_theta"": 0.0, ""observable"": ""Z"", ""projector_fidelity"": 0.8535533905932737, ""target_theta"": -0.39269908169872414}}, ""player_grid_count"": 2, ""qubits_per_player_grid"": 50, ""synthetic_scaling_point"": false, ""systems_per_player"": 50, ""tableau_array_bytes_per_player"": 10100, ""transpiled_gates"": ""qutrit X -> X(q0), CX(q0,q1), CX(q1,q0); invalid 11 fixed"", ""workload_seed_derivation"": ""SnaQ3-v2 master/n/repetition streams"", ""workload_sha256"": ""3e39a08c7a3c5e20e8a5befc5f2f026ee8091e7395b2275d1fcec9bff2e0fb56""}"
qubit_tableau_transpiled,5,25,50,12,20260930,4,0.0012404980006976984,COMPLETED,,False,,80800,34359738368,21600.0,1.0.1,"{""bell_backend"": ""QuickQudits Tableau d=2; same Clifford Bell observables as qutrit_tableau_clifford"", ""dense_statevector"": false, ""encoding"": {""0"": ""00"", ""1"": ""01"", ""2"": ""10"", ""invalid"": ""11""}, ""grid_backend"": ""two full QuickQudits Tableau d=2 registers, 2m qubits each"", ""movement_backend"": ""QuickQudits Tableau d=2; H and S only"", ""observable_mapping"": {""Alice_0"": {""angular_error"": 0.0, ""implemented_theta"": 0.0, ""observable"": ""Z"", ""projector_fidelity"": 1.0, ""target_theta"": 0.0}, ""Alice_1"": {""angular_error"": 0.0, ""implemented_theta"": 0.7853981633974483, ""observable"": ""X"", ""projector_fidelity"": 1.0, ""target_theta"": 0.7853981633974483}, ""Alice_2"": {""angular_error"": 0.0, ""implemented_theta"": 0.0, ""observable"": ""Z"", ""projector_fidelity"": 1.0, ""target_theta"": 0.0}, ""Alice_3"": {""angular_error"": 0.0, ""implemented_theta"": 0.7853981633974483, ""observable"": ""X"", ""projector_fidelity"": 1.0, ""target_theta"": 0.7853981633974483}, ""Bob_0"": {""angular_error"": 0.39269908169872414, ""implemented_theta"": 0.0, ""observable"": ""Z"", ""projector_fidelity"": 0.8535533905932737, ""target_theta"": 0.39269908169872414}, ""Bob_1"": {""angular_error"": 0.39269908169872414, ""implemented_theta"": 0.0, ""observable"": ""Z"", ""projector_fidelity"": 0.8535533905932737, ""target_theta"": -0.39269908169872414}, ""Bob_2"": {""angular_error"": 0.39269908169872414, ""implemented_theta"": 0.0, ""observable"": ""Z"", ""projector_fidelity"": 0.8535533905932737, ""target_theta"": 0.39269908169872414}, ""Bob_3"": {""angular_error"": 0.39269908169872414, ""implemented_theta"": 0.0, ""observable"": ""Z"", ""projector_fidelity"": 0.8535533905932737, ""target_theta"": -0.39269908169872414}}, ""player_grid_count"": 2, ""qubits_per_player_grid"": 50, ""synthetic_scaling_point"": false, ""systems_per_player"": 50, ""tableau_array_bytes_per_player"": 10100, ""transpiled_gates"": ""qutrit X -> X(q0), CX(q0,q1), CX(q1,q0); invalid 11 fixed"", ""workload_seed_derivation"": ""SnaQ3-v2 master/n/repetition streams"", ""workload_sha256"": ""7b35d2942a0a2ef052867fe4147b1c84882f7bf91edaf23b10e82285c5b35b90""}"
qubit_tableau_transpiled,5,25,50,13,20260930,4,0.001349646998278331,COMPLETED,,False,,80800,34359738368,21600.0,1.0.1,"{""bell_backend"": ""QuickQudits Tableau d=2; same Clifford Bell observables as qutrit_tableau_clifford"", ""dense_statevector"": false, ""encoding"": {""0"": ""00"", ""1"": ""01"", ""2"": ""10"", ""invalid"": ""11""}, ""grid_backend"": ""two full QuickQudits Tableau d=2 registers, 2m qubits each"", ""movement_backend"": ""QuickQudits Tableau d=2; H and S only"", ""observable_mapping"": {""Alice_0"": {""angular_error"": 0.0, ""implemented_theta"": 0.0, ""observable"": ""Z"", ""projector_fidelity"": 1.0, ""target_theta"": 0.0}, ""Alice_1"": {""angular_error"": 0.0, ""implemented_theta"": 0.7853981633974483, ""observable"": ""X"", ""projector_fidelity"": 1.0, ""target_theta"": 0.7853981633974483}, ""Alice_2"": {""angular_error"": 0.0, ""implemented_theta"": 0.0, ""observable"": ""Z"", ""projector_fidelity"": 1.0, ""target_theta"": 0.0}, ""Alice_3"": {""angular_error"": 0.0, ""implemented_theta"": 0.7853981633974483, ""observable"": ""X"", ""projector_fidelity"": 1.0, ""target_theta"": 0.7853981633974483}, ""Bob_0"": {""angular_error"": 0.39269908169872414, ""implemented_theta"": 0.0, ""observable"": ""Z"", ""projector_fidelity"": 0.8535533905932737, ""target_theta"": 0.39269908169872414}, ""Bob_1"": {""angular_error"": 0.39269908169872414, ""implemented_theta"": 0.0, ""observable"": ""Z"", ""projector_fidelity"": 0.8535533905932737, ""target_theta"": -0.39269908169872414}, ""Bob_2"": {""angular_error"": 0.39269908169872414, ""implemented_theta"": 0.0, ""observable"": ""Z"", ""projector_fidelity"": 0.8535533905932737, ""target_theta"": 0.39269908169872414}, ""Bob_3"": {""angular_error"": 0.39269908169872414, ""implemented_theta"": 0.0, ""observable"": ""Z"", ""projector_fidelity"": 0.8535533905932737, ""target_theta"": -0.39269908169872414}}, ""player_grid_count"": 2, ""qubits_per_player_grid"": 50, ""synthetic_scaling_point"": false, ""systems_per_player"": 50, ""tableau_array_bytes_per_player"": 10100, ""transpiled_gates"": ""qutrit X -> X(q0), CX(q0,q1), CX(q1,q0); invalid 11 fixed"", ""workload_seed_derivation"": ""SnaQ3-v2 master/n/repetition streams"", ""workload_sha256"": ""c9cadef9bd471f7c7fb77367eec88076996b6645bbcd34578a215779fe9fe955""}"
qubit_tableau_transpiled,5,25,50,14,20260930,4,0.0012364569993223995,COMPLETED,,False,,80800,34359738368,21600.0,1.0.1,"{""bell_backend"": ""QuickQudits Tableau d=2; same Clifford Bell observables as qutrit_tableau_clifford"", ""dense_statevector"": false, ""encoding"": {""0"": ""00"", ""1"": ""01"", ""2"": ""10"", ""invalid"": ""11""}, ""grid_backend"": ""two full QuickQudits Tableau d=2 registers, 2m qubits each"", ""movement_backend"": ""QuickQudits Tableau d=2; H and S only"", ""observable_mapping"": {""Alice_0"": {""angular_error"": 0.0, ""implemented_theta"": 0.0, ""observable"": ""Z"", ""projector_fidelity"": 1.0, ""target_theta"": 0.0}, ""Alice_1"": {""angular_error"": 0.0, ""implemented_theta"": 0.7853981633974483, ""observable"": ""X"", ""projector_fidelity"": 1.0, ""target_theta"": 0.7853981633974483}, ""Alice_2"": {""angular_error"": 0.0, ""implemented_theta"": 0.0, ""observable"": ""Z"", ""projector_fidelity"": 1.0, ""target_theta"": 0.0}, ""Alice_3"": {""angular_error"": 0.0, ""implemented_theta"": 0.7853981633974483, ""observable"": ""X"", ""projector_fidelity"": 1.0, ""target_theta"": 0.7853981633974483}, ""Bob_0"": {""angular_error"": 0.39269908169872414, ""implemented_theta"": 0.0, ""observable"": ""Z"", ""projector_fidelity"": 0.8535533905932737, ""target_theta"": 0.39269908169872414}, ""Bob_1"": {""angular_error"": 0.39269908169872414, ""implemented_theta"": 0.0, ""observable"": ""Z"", ""projector_fidelity"": 0.8535533905932737, ""target_theta"": -0.39269908169872414}, ""Bob_2"": {""angular_error"": 0.39269908169872414, ""implemented_theta"": 0.0, ""observable"": ""Z"", ""projector_fidelity"": 0.8535533905932737, ""target_theta"": 0.39269908169872414}, ""Bob_3"": {""angular_error"": 0.39269908169872414, ""implemented_theta"": 0.0, ""observable"": ""Z"", ""projector_fidelity"": 0.8535533905932737, ""target_theta"": -0.39269908169872414}}, ""player_grid_count"": 2, ""qubits_per_player_grid"": 50, ""synthetic_scaling_point"": false, ""systems_per_player"": 50, ""tableau_array_bytes_per_player"": 10100, ""transpiled_gates"": ""qutrit X -> X(q0), CX(q0,q1), CX(q1,q0); invalid 11 fixed"", ""workload_seed_derivation"": ""SnaQ3-v2 master/n/repetition streams"", ""workload_sha256"": ""ca23649ab8b70f450a54866bf80b284d29390762f400a74965916dfc5024c490""}"
qubit_tableau_transpiled,5,25,50,15,20260930,4,0.0011908339947694913,COMPLETED,,False,,80800,34359738368,21600.0,1.0.1,"{""bell_backend"": ""QuickQudits Tableau d=2; same Clifford Bell observables as qutrit_tableau_clifford"", ""dense_statevector"": false, ""encoding"": {""0"": ""00"", ""1"": ""01"", ""2"": ""10"", ""invalid"": ""11""}, ""grid_backend"": ""two full QuickQudits Tableau d=2 registers, 2m qubits each"", ""movement_backend"": ""QuickQudits Tableau d=2; H and S only"", ""observable_mapping"": {""Alice_0"": {""angular_error"": 0.0, ""implemented_theta"": 0.0, ""observable"": ""Z"", ""projector_fidelity"": 1.0, ""target_theta"": 0.0}, ""Alice_1"": {""angular_error"": 0.0, ""implemented_theta"": 0.7853981633974483, ""observable"": ""X"", ""projector_fidelity"": 1.0, ""target_theta"": 0.7853981633974483}, ""Alice_2"": {""angular_error"": 0.0, ""implemented_theta"": 0.0, ""observable"": ""Z"", ""projector_fidelity"": 1.0, ""target_theta"": 0.0}, ""Alice_3"": {""angular_error"": 0.0, ""implemented_theta"": 0.7853981633974483, ""observable"": ""X"", ""projector_fidelity"": 1.0, ""target_theta"": 0.7853981633974483}, ""Bob_0"": {""angular_error"": 0.39269908169872414, ""implemented_theta"": 0.0, ""observable"": ""Z"", ""projector_fidelity"": 0.8535533905932737, ""target_theta"": 0.39269908169872414}, ""Bob_1"": {""angular_error"": 0.39269908169872414, ""implemented_theta"": 0.0, ""observable"": ""Z"", ""projector_fidelity"": 0.8535533905932737, ""target_theta"": -0.39269908169872414}, ""Bob_2"": {""angular_error"": 0.39269908169872414, ""implemented_theta"": 0.0, ""observable"": ""Z"", ""projector_fidelity"": 0.8535533905932737, ""target_theta"": 0.39269908169872414}, ""Bob_3"": {""angular_error"": 0.39269908169872414, ""implemented_theta"": 0.0, ""observable"": ""Z"", ""projector_fidelity"": 0.8535533905932737, ""target_theta"": -0.39269908169872414}}, ""player_grid_count"": 2, ""qubits_per_player_grid"": 50, ""synthetic_scaling_point"": false, ""systems_per_player"": 50, ""tableau_array_bytes_per_player"": 10100, ""transpiled_gates"": ""qutrit X -> X(q0), CX(q0,q1), CX(q1,q0); invalid 11 fixed"", ""workload_seed_derivation"": ""SnaQ3-v2 master/n/repetition streams"", ""workload_sha256"": ""0401f4f7f3e0a3922f013d62c10f6d89b0c370080029802164e215e667c3513a""}"
qubit_tableau_transpiled,5,25,50,16,20260930,4,0.001317540998570621,COMPLETED,,False,,80800,34359738368,21600.0,1.0.1,"{""bell_backend"": ""QuickQudits Tableau d=2; same Clifford Bell observables as qutrit_tableau_clifford"", ""dense_statevector"": false, ""encoding"": {""0"": ""00"", ""1"": ""01"", ""2"": ""10"", ""invalid"": ""11""}, ""grid_backend"": ""two full QuickQudits Tableau d=2 registers, 2m qubits each"", ""movement_backend"": ""QuickQudits Tableau d=2; H and S only"", ""observable_mapping"": {""Alice_0"": {""angular_error"": 0.0, ""implemented_theta"": 0.0, ""observable"": ""Z"", ""projector_fidelity"": 1.0, ""target_theta"": 0.0}, ""Alice_1"": {""angular_error"": 0.0, ""implemented_theta"": 0.7853981633974483, ""observable"": ""X"", ""projector_fidelity"": 1.0, ""target_theta"": 0.7853981633974483}, ""Alice_2"": {""angular_error"": 0.0, ""implemented_theta"": 0.0, ""observable"": ""Z"", ""projector_fidelity"": 1.0, ""target_theta"": 0.0}, ""Alice_3"": {""angular_error"": 0.0, ""implemented_theta"": 0.7853981633974483, ""observable"": ""X"", ""projector_fidelity"": 1.0, ""target_theta"": 0.7853981633974483}, ""Bob_0"": {""angular_error"": 0.39269908169872414, ""implemented_theta"": 0.0, ""observable"": ""Z"", ""projector_fidelity"": 0.8535533905932737, ""target_theta"": 0.39269908169872414}, ""Bob_1"": {""angular_error"": 0.39269908169872414, ""implemented_theta"": 0.0, ""observable"": ""Z"", ""projector_fidelity"": 0.8535533905932737, ""target_theta"": -0.39269908169872414}, ""Bob_2"": {""angular_error"": 0.39269908169872414, ""implemented_theta"": 0.0, ""observable"": ""Z"", ""projector_fidelity"": 0.8535533905932737, ""target_theta"": 0.39269908169872414}, ""Bob_3"": {""angular_error"": 0.39269908169872414, ""implemented_theta"": 0.0, ""observable"": ""Z"", ""projector_fidelity"": 0.8535533905932737, ""target_theta"": -0.39269908169872414}}, ""player_grid_count"": 2, ""qubits_per_player_grid"": 50, ""synthetic_scaling_point"": false, ""systems_per_player"": 50, ""tableau_array_bytes_per_player"": 10100, ""transpiled_gates"": ""qutrit X -> X(q0), CX(q0,q1), CX(q1,q0); invalid 11 fixed"", ""workload_seed_derivation"": ""SnaQ3-v2 master/n/repetition streams"", ""workload_sha256"": ""3d358fef7d6a256200a6d1da9500639e122accaa2b800ab4967acb7812863352""}"
qubit_tableau_transpiled,5,25,50,17,20260930,4,0.001302399999985937,COMPLETED,,False,,80800,34359738368,21600.0,1.0.1,"{""bell_backend"": ""QuickQudits Tableau d=2; same Clifford Bell observables as qutrit_tableau_clifford"", ""dense_statevector"": false, ""encoding"": {""0"": ""00"", ""1"": ""01"", ""2"": ""10"", ""invalid"": ""11""}, ""grid_backend"": ""two full QuickQudits Tableau d=2 registers, 2m qubits each"", ""movement_backend"": ""QuickQudits Tableau d=2; H and S only"", ""observable_mapping"": {""Alice_0"": {""angular_error"": 0.0, ""implemented_theta"": 0.0, ""observable"": ""Z"", ""projector_fidelity"": 1.0, ""target_theta"": 0.0}, ""Alice_1"": {""angular_error"": 0.0, ""implemented_theta"": 0.7853981633974483, ""observable"": ""X"", ""projector_fidelity"": 1.0, ""target_theta"": 0.7853981633974483}, ""Alice_2"": {""angular_error"": 0.0, ""implemented_theta"": 0.0, ""observable"": ""Z"", ""projector_fidelity"": 1.0, ""target_theta"": 0.0}, ""Alice_3"": {""angular_error"": 0.0, ""implemented_theta"": 0.7853981633974483, ""observable"": ""X"", ""projector_fidelity"": 1.0, ""target_theta"": 0.7853981633974483}, ""Bob_0"": {""angular_error"": 0.39269908169872414, ""implemented_theta"": 0.0, ""observable"": ""Z"", ""projector_fidelity"": 0.8535533905932737, ""target_theta"": 0.39269908169872414}, ""Bob_1"": {""angular_error"": 0.39269908169872414, ""implemented_theta"": 0.0, ""observable"": ""Z"", ""projector_fidelity"": 0.8535533905932737, ""target_theta"": -0.39269908169872414}, ""Bob_2"": {""angular_error"": 0.39269908169872414, ""implemented_theta"": 0.0, ""observable"": ""Z"", ""projector_fidelity"": 0.8535533905932737, ""target_theta"": 0.39269908169872414}, ""Bob_3"": {""angular_error"": 0.39269908169872414, ""implemented_theta"": 0.0, ""observable"": ""Z"", ""projector_fidelity"": 0.8535533905932737, ""target_theta"": -0.39269908169872414}}, ""player_grid_count"": 2, ""qubits_per_player_grid"": 50, ""synthetic_scaling_point"": false, ""systems_per_player"": 50, ""tableau_array_bytes_per_player"": 10100, ""transpiled_gates"": ""qutrit X -> X(q0), CX(q0,q1), CX(q1,q0); invalid 11 fixed"", ""workload_seed_derivation"": ""SnaQ3-v2 master/n/repetition streams"", ""workload_sha256"": ""9eed75c594d55f9089d3b411a323e6b605a3dd66f4ef02f7f843f67d2a6396e1""}"
qubit_tableau_transpiled,5,25,50,18,20260930,4,0.0013447509991237894,COMPLETED,,False,,80800,34359738368,21600.0,1.0.1,"{""bell_backend"": ""QuickQudits Tableau d=2; same Clifford Bell observables as qutrit_tableau_clifford"", ""dense_statevector"": false, ""encoding"": {""0"": ""00"", ""1"": ""01"", ""2"": ""10"", ""invalid"": ""11""}, ""grid_backend"": ""two full QuickQudits Tableau d=2 registers, 2m qubits each"", ""movement_backend"": ""QuickQudits Tableau d=2; H and S only"", ""observable_mapping"": {""Alice_0"": {""angular_error"": 0.0, ""implemented_theta"": 0.0, ""observable"": ""Z"", ""projector_fidelity"": 1.0, ""target_theta"": 0.0}, ""Alice_1"": {""angular_error"": 0.0, ""implemented_theta"": 0.7853981633974483, ""observable"": ""X"", ""projector_fidelity"": 1.0, ""target_theta"": 0.7853981633974483}, ""Alice_2"": {""angular_error"": 0.0, ""implemented_theta"": 0.0, ""observable"": ""Z"", ""projector_fidelity"": 1.0, ""target_theta"": 0.0}, ""Alice_3"": {""angular_error"": 0.0, ""implemented_theta"": 0.7853981633974483, ""observable"": ""X"", ""projector_fidelity"": 1.0, ""target_theta"": 0.7853981633974483}, ""Bob_0"": {""angular_error"": 0.39269908169872414, ""implemented_theta"": 0.0, ""observable"": ""Z"", ""projector_fidelity"": 0.8535533905932737, ""target_theta"": 0.39269908169872414}, ""Bob_1"": {""angular_error"": 0.39269908169872414, ""implemented_theta"": 0.0, ""observable"": ""Z"", ""projector_fidelity"": 0.8535533905932737, ""target_theta"": -0.39269908169872414}, ""Bob_2"": {""angular_error"": 0.39269908169872414, ""implemented_theta"": 0.0, ""observable"": ""Z"", ""projector_fidelity"": 0.8535533905932737, ""target_theta"": 0.39269908169872414}, ""Bob_3"": {""angular_error"": 0.39269908169872414, ""implemented_theta"": 0.0, ""observable"": ""Z"", ""projector_fidelity"": 0.8535533905932737, ""target_theta"": -0.39269908169872414}}, ""player_grid_count"": 2, ""qubits_per_player_grid"": 50, ""synthetic_scaling_point"": false, ""systems_per_player"": 50, ""tableau_array_bytes_per_player"": 10100, ""transpiled_gates"": ""qutrit X -> X(q0), CX(q0,q1), CX(q1,q0); invalid 11 fixed"", ""workload_seed_derivation"": ""SnaQ3-v2 master/n/repetition streams"", ""workload_sha256"": ""1d20521bcfd7c2fe902f1a46cf2049c4a776426ba969fe28bee9dfab19aebdd0""}"
qubit_tableau_transpiled,5,25,50,19,20260930,4,0.001307584003370721,COMPLETED,,False,,80800,34359738368,21600.0,1.0.1,"{""bell_backend"": ""QuickQudits Tableau d=2; same Clifford Bell observables as qutrit_tableau_clifford"", ""dense_statevector"": false, ""encoding"": {""0"": ""00"", ""1"": ""01"", ""2"": ""10"", ""invalid"": ""11""}, ""grid_backend"": ""two full QuickQudits Tableau d=2 registers, 2m qubits each"", ""movement_backend"": ""QuickQudits Tableau d=2; H and S only"", ""observable_mapping"": {""Alice_0"": {""angular_error"": 0.0, ""implemented_theta"": 0.0, ""observable"": ""Z"", ""projector_fidelity"": 1.0, ""target_theta"": 0.0}, ""Alice_1"": {""angular_error"": 0.0, ""implemented_theta"": 0.7853981633974483, ""observable"": ""X"", ""projector_fidelity"": 1.0, ""target_theta"": 0.7853981633974483}, ""Alice_2"": {""angular_error"": 0.0, ""implemented_theta"": 0.0, ""observable"": ""Z"", ""projector_fidelity"": 1.0, ""target_theta"": 0.0}, ""Alice_3"": {""angular_error"": 0.0, ""implemented_theta"": 0.7853981633974483, ""observable"": ""X"", ""projector_fidelity"": 1.0, ""target_theta"": 0.7853981633974483}, ""Bob_0"": {""angular_error"": 0.39269908169872414, ""implemented_theta"": 0.0, ""observable"": ""Z"", ""projector_fidelity"": 0.8535533905932737, ""target_theta"": 0.39269908169872414}, ""Bob_1"": {""angular_error"": 0.39269908169872414, ""implemented_theta"": 0.0, ""observable"": ""Z"", ""projector_fidelity"": 0.8535533905932737, ""target_theta"": -0.39269908169872414}, ""Bob_2"": {""angular_error"": 0.39269908169872414, ""implemented_theta"": 0.0, ""observable"": ""Z"", ""projector_fidelity"": 0.8535533905932737, ""target_theta"": 0.39269908169872414}, ""Bob_3"": {""angular_error"": 0.39269908169872414, ""implemented_theta"": 0.0, ""observable"": ""Z"", ""projector_fidelity"": 0.8535533905932737, ""target_theta"": -0.39269908169872414}}, ""player_grid_count"": 2, ""qubits_per_player_grid"": 50, ""synthetic_scaling_point"": false, ""systems_per_player"": 50, ""tableau_array_bytes_per_player"": 10100, ""transpiled_gates"": ""qutrit X -> X(q0), CX(q0,q1), CX(q1,q0); invalid 11 fixed"", ""workload_seed_derivation"": ""SnaQ3-v2 master/n/repetition streams"", ""workload_sha256"": ""44da80fc135051213731711e265105871f43c180845fc140999568ec7ef50a91""}"
qutrit_tableau_clifford,10,100,100,0,20260930,4,0.001082615002815146,COMPLETED,,False,,321600,34359738368,21600.0,1.0.1,"{""bell_backend"": ""QuickQudits Tableau d=2; H CX and Clifford observables"", ""grid_backend"": ""QuickQudits Tableau d=3; X only"", ""movement_backend"": ""QuickQudits Tableau d=2; H and S only"", ""observable_mapping"": {""Alice_0"": {""angular_error"": 0.0, ""implemented_theta"": 0.0, ""observable"": ""Z"", ""projector_fidelity"": 1.0, ""target_theta"": 0.0}, ""Alice_1"": {""angular_error"": 0.0, ""implemented_theta"": 0.7853981633974483, ""observable"": ""X"", ""projector_fidelity"": 1.0, ""target_theta"": 0.7853981633974483}, ""Alice_2"": {""angular_error"": 0.0, ""implemented_theta"": 0.0, ""observable"": ""Z"", ""projector_fidelity"": 1.0, ""target_theta"": 0.0}, ""Alice_3"": {""angular_error"": 0.0, ""implemented_theta"": 0.7853981633974483, ""observable"": ""X"", ""projector_fidelity"": 1.0, ""target_theta"": 0.7853981633974483}, ""Bob_0"": {""angular_error"": 0.39269908169872414, ""implemented_theta"": 0.0, ""observable"": ""Z"", ""projector_fidelity"": 0.8535533905932737, ""target_theta"": 0.39269908169872414}, ""Bob_1"": {""angular_error"": 0.39269908169872414, ""implemented_theta"": 0.0, ""observable"": ""Z"", ""projector_fidelity"": 0.8535533905932737, ""target_theta"": -0.39269908169872414}, ""Bob_2"": {""angular_error"": 0.39269908169872414, ""implemented_theta"": 0.0, ""observable"": ""Z"", ""projector_fidelity"": 0.8535533905932737, ""target_theta"": 0.39269908169872414}, ""Bob_3"": {""angular_error"": 0.39269908169872414, ""implemented_theta"": 0.0, ""observable"": ""Z"", ""projector_fidelity"": 0.8535533905932737, ""target_theta"": -0.39269908169872414}}, ""player_grid_count"": 2, ""synthetic_scaling_point"": false, ""systems_per_player"": 100, ""tableau_array_bytes_per_player"": 40200, ""workload_seed_derivation"": ""SnaQ3-v2 master/n/repetition streams"", ""workload_sha256"": ""a829eb024e47206dc2ab73ea5210751ca65c27b88585044bc087dd5c3be0a4b0""}"
qutrit_tableau_clifford,10,100,100,1,20260930,4,0.0010001119953813031,COMPLETED,,False,,321600,34359738368,21600.0,1.0.1,"{""bell_backend"": ""QuickQudits Tableau d=2; H CX and Clifford observables"", ""grid_backend"": ""QuickQudits Tableau d=3; X only"", ""movement_backend"": ""QuickQudits Tableau d=2; H and S only"", ""observable_mapping"": {""Alice_0"": {""angular_error"": 0.0, ""implemented_theta"": 0.0, ""observable"": ""Z"", ""projector_fidelity"": 1.0, ""target_theta"": 0.0}, ""Alice_1"": {""angular_error"": 0.0, ""implemented_theta"": 0.7853981633974483, ""observable"": ""X"", ""projector_fidelity"": 1.0, ""target_theta"": 0.7853981633974483}, ""Alice_2"": {""angular_error"": 0.0, ""implemented_theta"": 0.0, ""observable"": ""Z"", ""projector_fidelity"": 1.0, ""target_theta"": 0.0}, ""Alice_3"": {""angular_error"": 0.0, ""implemented_theta"": 0.7853981633974483, ""observable"": ""X"", ""projector_fidelity"": 1.0, ""target_theta"": 0.7853981633974483}, ""Bob_0"": {""angular_error"": 0.39269908169872414, ""implemented_theta"": 0.0, ""observable"": ""Z"", ""projector_fidelity"": 0.8535533905932737, ""target_theta"": 0.39269908169872414}, ""Bob_1"": {""angular_error"": 0.39269908169872414, ""implemented_theta"": 0.0, ""observable"": ""Z"", ""projector_fidelity"": 0.8535533905932737, ""target_theta"": -0.39269908169872414}, ""Bob_2"": {""angular_error"": 0.39269908169872414, ""implemented_theta"": 0.0, ""observable"": ""Z"", ""projector_fidelity"": 0.8535533905932737, ""target_theta"": 0.39269908169872414}, ""Bob_3"": {""angular_error"": 0.39269908169872414, ""implemented_theta"": 0.0, ""observable"": ""Z"", ""projector_fidelity"": 0.8535533905932737, ""target_theta"": -0.39269908169872414}}, ""player_grid_count"": 2, ""synthetic_scaling_point"": false, ""systems_per_player"": 100, ""tableau_array_bytes_per_player"": 40200, ""workload_seed_derivation"": ""SnaQ3-v2 master/n/repetition streams"", ""workload_sha256"": ""e4f8ac904c0d2c0af752a21cb4fef4b6a5d633de1a7e1d1d75de17a6a0999731""}"
qutrit_tableau_clifford,10,100,100,2,20260930,4,0.0010655189980752766,COMPLETED,,False,,321600,34359738368,21600.0,1.0.1,"{""bell_backend"": ""QuickQudits Tableau d=2; H CX and Clifford observables"", ""grid_backend"": ""QuickQudits Tableau d=3; X only"", ""movement_backend"": ""QuickQudits Tableau d=2; H and S only"", ""observable_mapping"": {""Alice_0"": {""angular_error"": 0.0, ""implemented_theta"": 0.0, ""observable"": ""Z"", ""projector_fidelity"": 1.0, ""target_theta"": 0.0}, ""Alice_1"": {""angular_error"": 0.0, ""implemented_theta"": 0.7853981633974483, ""observable"": ""X"", ""projector_fidelity"": 1.0, ""target_theta"": 0.7853981633974483}, ""Alice_2"": {""angular_error"": 0.0, ""implemented_theta"": 0.0, ""observable"": ""Z"", ""projector_fidelity"": 1.0, ""target_theta"": 0.0}, ""Alice_3"": {""angular_error"": 0.0, ""implemented_theta"": 0.7853981633974483, ""observable"": ""X"", ""projector_fidelity"": 1.0, ""target_theta"": 0.7853981633974483}, ""Bob_0"": {""angular_error"": 0.39269908169872414, ""implemented_theta"": 0.0, ""observable"": ""Z"", ""projector_fidelity"": 0.8535533905932737, ""target_theta"": 0.39269908169872414}, ""Bob_1"": {""angular_error"": 0.39269908169872414, ""implemented_theta"": 0.0, ""observable"": ""Z"", ""projector_fidelity"": 0.8535533905932737, ""target_theta"": -0.39269908169872414}, ""Bob_2"": {""angular_error"": 0.39269908169872414, ""implemented_theta"": 0.0, ""observable"": ""Z"", ""projector_fidelity"": 0.8535533905932737, ""target_theta"": 0.39269908169872414}, ""Bob_3"": {""angular_error"": 0.39269908169872414, ""implemented_theta"": 0.0, ""observable"": ""Z"", ""projector_fidelity"": 0.8535533905932737, ""target_theta"": -0.39269908169872414}}, ""player_grid_count"": 2, ""synthetic_scaling_point"": false, ""systems_per_player"": 100, ""tableau_array_bytes_per_player"": 40200, ""workload_seed_derivation"": ""SnaQ3-v2 master/n/repetition streams"", ""workload_sha256"": ""e703feb1cedf74a4082c3e6147f03c939023ba01c39d9626d02e67312585f8e1""}"
qutrit_tableau_clifford,10,100,100,3,20260930,4,0.0011185420007677749,COMPLETED,,False,,321600,34359738368,21600.0,1.0.1,"{""bell_backend"": ""QuickQudits Tableau d=2; H CX and Clifford observables"", ""grid_backend"": ""QuickQudits Tableau d=3; X only"", ""movement_backend"": ""QuickQudits Tableau d=2; H and S only"", ""observable_mapping"": {""Alice_0"": {""angular_error"": 0.0, ""implemented_theta"": 0.0, ""observable"": ""Z"", ""projector_fidelity"": 1.0, ""target_theta"": 0.0}, ""Alice_1"": {""angular_error"": 0.0, ""implemented_theta"": 0.7853981633974483, ""observable"": ""X"", ""projector_fidelity"": 1.0, ""target_theta"": 0.7853981633974483}, ""Alice_2"": {""angular_error"": 0.0, ""implemented_theta"": 0.0, ""observable"": ""Z"", ""projector_fidelity"": 1.0, ""target_theta"": 0.0}, ""Alice_3"": {""angular_error"": 0.0, ""implemented_theta"": 0.7853981633974483, ""observable"": ""X"", ""projector_fidelity"": 1.0, ""target_theta"": 0.7853981633974483}, ""Bob_0"": {""angular_error"": 0.39269908169872414, ""implemented_theta"": 0.0, ""observable"": ""Z"", ""projector_fidelity"": 0.8535533905932737, ""target_theta"": 0.39269908169872414}, ""Bob_1"": {""angular_error"": 0.39269908169872414, ""implemented_theta"": 0.0, ""observable"": ""Z"", ""projector_fidelity"": 0.8535533905932737, ""target_theta"": -0.39269908169872414}, ""Bob_2"": {""angular_error"": 0.39269908169872414, ""implemented_theta"": 0.0, ""observable"": ""Z"", ""projector_fidelity"": 0.8535533905932737, ""target_theta"": 0.39269908169872414}, ""Bob_3"": {""angular_error"": 0.39269908169872414, ""implemented_theta"": 0.0, ""observable"": ""Z"", ""projector_fidelity"": 0.8535533905932737, ""target_theta"": -0.39269908169872414}}, ""player_grid_count"": 2, ""synthetic_scaling_point"": false, ""systems_per_player"": 100, ""tableau_array_bytes_per_player"": 40200, ""workload_seed_derivation"": ""SnaQ3-v2 master/n/repetition streams"", ""workload_sha256"": ""71bbdd4bb1261eb7ee61b449155f6a215bd590cd3090770d169bab9d7f9af3dd""}"
qutrit_tableau_clifford,10,100,100,4,20260930,4,0.0010905660019489005,COMPLETED,,False,,321600,34359738368,21600.0,1.0.1,"{""bell_backend"": ""QuickQudits Tableau d=2; H CX and Clifford observables"", ""grid_backend"": ""QuickQudits Tableau d=3; X only"", ""movement_backend"": ""QuickQudits Tableau d=2; H and S only"", ""observable_mapping"": {""Alice_0"": {""angular_error"": 0.0, ""implemented_theta"": 0.0, ""observable"": ""Z"", ""projector_fidelity"": 1.0, ""target_theta"": 0.0}, ""Alice_1"": {""angular_error"": 0.0, ""implemented_theta"": 0.7853981633974483, ""observable"": ""X"", ""projector_fidelity"": 1.0, ""target_theta"": 0.7853981633974483}, ""Alice_2"": {""angular_error"": 0.0, ""implemented_theta"": 0.0, ""observable"": ""Z"", ""projector_fidelity"": 1.0, ""target_theta"": 0.0}, ""Alice_3"": {""angular_error"": 0.0, ""implemented_theta"": 0.7853981633974483, ""observable"": ""X"", ""projector_fidelity"": 1.0, ""target_theta"": 0.7853981633974483}, ""Bob_0"": {""angular_error"": 0.39269908169872414, ""implemented_theta"": 0.0, ""observable"": ""Z"", ""projector_fidelity"": 0.8535533905932737, ""target_theta"": 0.39269908169872414}, ""Bob_1"": {""angular_error"": 0.39269908169872414, ""implemented_theta"": 0.0, ""observable"": ""Z"", ""projector_fidelity"": 0.8535533905932737, ""target_theta"": -0.39269908169872414}, ""Bob_2"": {""angular_error"": 0.39269908169872414, ""implemented_theta"": 0.0, ""observable"": ""Z"", ""projector_fidelity"": 0.8535533905932737, ""target_theta"": 0.39269908169872414}, ""Bob_3"": {""angular_error"": 0.39269908169872414, ""implemented_theta"": 0.0, ""observable"": ""Z"", ""projector_fidelity"": 0.8535533905932737, ""target_theta"": -0.39269908169872414}}, ""player_grid_count"": 2, ""synthetic_scaling_point"": false, ""systems_per_player"": 100, ""tableau_array_bytes_per_player"": 40200, ""workload_seed_derivation"": ""SnaQ3-v2 master/n/repetition streams"", ""workload_sha256"": ""50a5b6e55c5c9d249757950db782849f3ddb9ceae4228b562872f70e286def08""}"
qutrit_tableau_clifford,10,100,100,5,20260930,4,0.0010738229975686409,COMPLETED,,False,,321600,34359738368,21600.0,1.0.1,"{""bell_backend"": ""QuickQudits Tableau d=2; H CX and Clifford observables"", ""grid_backend"": ""QuickQudits Tableau d=3; X only"", ""movement_backend"": ""QuickQudits Tableau d=2; H and S only"", ""observable_mapping"": {""Alice_0"": {""angular_error"": 0.0, ""implemented_theta"": 0.0, ""observable"": ""Z"", ""projector_fidelity"": 1.0, ""target_theta"": 0.0}, ""Alice_1"": {""angular_error"": 0.0, ""implemented_theta"": 0.7853981633974483, ""observable"": ""X"", ""projector_fidelity"": 1.0, ""target_theta"": 0.7853981633974483}, ""Alice_2"": {""angular_error"": 0.0, ""implemented_theta"": 0.0, ""observable"": ""Z"", ""projector_fidelity"": 1.0, ""target_theta"": 0.0}, ""Alice_3"": {""angular_error"": 0.0, ""implemented_theta"": 0.7853981633974483, ""observable"": ""X"", ""projector_fidelity"": 1.0, ""target_theta"": 0.7853981633974483}, ""Bob_0"": {""angular_error"": 0.39269908169872414, ""implemented_theta"": 0.0, ""observable"": ""Z"", ""projector_fidelity"": 0.8535533905932737, ""target_theta"": 0.39269908169872414}, ""Bob_1"": {""angular_error"": 0.39269908169872414, ""implemented_theta"": 0.0, ""observable"": ""Z"", ""projector_fidelity"": 0.8535533905932737, ""target_theta"": -0.39269908169872414}, ""Bob_2"": {""angular_error"": 0.39269908169872414, ""implemented_theta"": 0.0, ""observable"": ""Z"", ""projector_fidelity"": 0.8535533905932737, ""target_theta"": 0.39269908169872414}, ""Bob_3"": {""angular_error"": 0.39269908169872414, ""implemented_theta"": 0.0, ""observable"": ""Z"", ""projector_fidelity"": 0.8535533905932737, ""target_theta"": -0.39269908169872414}}, ""player_grid_count"": 2, ""synthetic_scaling_point"": false, ""systems_per_player"": 100, ""tableau_array_bytes_per_player"": 40200, ""workload_seed_derivation"": ""SnaQ3-v2 master/n/repetition streams"", ""workload_sha256"": ""18050393451ccae2796cc5e724f750b18b39ea744352585a00c3b54cc3455559""}"
qutrit_tableau_clifford,10,100,100,6,20260930,4,0.0010996019991580397,COMPLETED,,False,,321600,34359738368,21600.0,1.0.1,"{""bell_backend"": ""QuickQudits Tableau d=2; H CX and Clifford observables"", ""grid_backend"": ""QuickQudits Tableau d=3; X only"", ""movement_backend"": ""QuickQudits Tableau d=2; H and S only"", ""observable_mapping"": {""Alice_0"": {""angular_error"": 0.0, ""implemented_theta"": 0.0, ""observable"": ""Z"", ""projector_fidelity"": 1.0, ""target_theta"": 0.0}, ""Alice_1"": {""angular_error"": 0.0, ""implemented_theta"": 0.7853981633974483, ""observable"": ""X"", ""projector_fidelity"": 1.0, ""target_theta"": 0.7853981633974483}, ""Alice_2"": {""angular_error"": 0.0, ""implemented_theta"": 0.0, ""observable"": ""Z"", ""projector_fidelity"": 1.0, ""target_theta"": 0.0}, ""Alice_3"": {""angular_error"": 0.0, ""implemented_theta"": 0.7853981633974483, ""observable"": ""X"", ""projector_fidelity"": 1.0, ""target_theta"": 0.7853981633974483}, ""Bob_0"": {""angular_error"": 0.39269908169872414, ""implemented_theta"": 0.0, ""observable"": ""Z"", ""projector_fidelity"": 0.8535533905932737, ""target_theta"": 0.39269908169872414}, ""Bob_1"": {""angular_error"": 0.39269908169872414, ""implemented_theta"": 0.0, ""observable"": ""Z"", ""projector_fidelity"": 0.8535533905932737, ""target_theta"": -0.39269908169872414}, ""Bob_2"": {""angular_error"": 0.39269908169872414, ""implemented_theta"": 0.0, ""observable"": ""Z"", ""projector_fidelity"": 0.8535533905932737, ""target_theta"": 0.39269908169872414}, ""Bob_3"": {""angular_error"": 0.39269908169872414, ""implemented_theta"": 0.0, ""observable"": ""Z"", ""projector_fidelity"": 0.8535533905932737, ""target_theta"": -0.39269908169872414}}, ""player_grid_count"": 2, ""synthetic_scaling_point"": false, ""systems_per_player"": 100, ""tableau_array_bytes_per_player"": 40200, ""workload_seed_derivation"": ""SnaQ3-v2 master/n/repetition streams"", ""workload_sha256"": ""7ee5cd249c71393a32b7214cb668a9cf999f608ecf2c38ecdff7f2399453d2b4""}"
qutrit_tableau_clifford,10,100,100,7,20260930,4,0.001112669000576716,COMPLETED,,False,,321600,34359738368,21600.0,1.0.1,"{""bell_backend"": ""QuickQudits Tableau d=2; H CX and Clifford observables"", ""grid_backend"": ""QuickQudits Tableau d=3; X only"", ""movement_backend"": ""QuickQudits Tableau d=2; H and S only"", ""observable_mapping"": {""Alice_0"": {""angular_error"": 0.0, ""implemented_theta"": 0.0, ""observable"": ""Z"", ""projector_fidelity"": 1.0, ""target_theta"": 0.0}, ""Alice_1"": {""angular_error"": 0.0, ""implemented_theta"": 0.7853981633974483, ""observable"": ""X"", ""projector_fidelity"": 1.0, ""target_theta"": 0.7853981633974483}, ""Alice_2"": {""angular_error"": 0.0, ""implemented_theta"": 0.0, ""observable"": ""Z"", ""projector_fidelity"": 1.0, ""target_theta"": 0.0}, ""Alice_3"": {""angular_error"": 0.0, ""implemented_theta"": 0.7853981633974483, ""observable"": ""X"", ""projector_fidelity"": 1.0, ""target_theta"": 0.7853981633974483}, ""Bob_0"": {""angular_error"": 0.39269908169872414, ""implemented_theta"": 0.0, ""observable"": ""Z"", ""projector_fidelity"": 0.8535533905932737, ""target_theta"": 0.39269908169872414}, ""Bob_1"": {""angular_error"": 0.39269908169872414, ""implemented_theta"": 0.0, ""observable"": ""Z"", ""projector_fidelity"": 0.8535533905932737, ""target_theta"": -0.39269908169872414}, ""Bob_2"": {""angular_error"": 0.39269908169872414, ""implemented_theta"": 0.0, ""observable"": ""Z"", ""projector_fidelity"": 0.8535533905932737, ""target_theta"": 0.39269908169872414}, ""Bob_3"": {""angular_error"": 0.39269908169872414, ""implemented_theta"": 0.0, ""observable"": ""Z"", ""projector_fidelity"": 0.8535533905932737, ""target_theta"": -0.39269908169872414}}, ""player_grid_count"": 2, ""synthetic_scaling_point"": false, ""systems_per_player"": 100, ""tableau_array_bytes_per_player"": 40200, ""workload_seed_derivation"": ""SnaQ3-v2 master/n/repetition streams"", ""workload_sha256"": ""429fa5785ab28ef71270b4c546816eb7bbaa7b0554d98aea13c7c2d28a583fbe""}"
qutrit_tableau_clifford,10,100,100,8,20260930,4,0.0011161610018461943,COMPLETED,,False,,321600,34359738368,21600.0,1.0.1,"{""bell_backend"": ""QuickQudits Tableau d=2; H CX and Clifford observables"", ""grid_backend"": ""QuickQudits Tableau d=3; X only"", ""movement_backend"": ""QuickQudits Tableau d=2; H and S only"", ""observable_mapping"": {""Alice_0"": {""angular_error"": 0.0, ""implemented_theta"": 0.0, ""observable"": ""Z"", ""projector_fidelity"": 1.0, ""target_theta"": 0.0}, ""Alice_1"": {""angular_error"": 0.0, ""implemented_theta"": 0.7853981633974483, ""observable"": ""X"", ""projector_fidelity"": 1.0, ""target_theta"": 0.7853981633974483}, ""Alice_2"": {""angular_error"": 0.0, ""implemented_theta"": 0.0, ""observable"": ""Z"", ""projector_fidelity"": 1.0, ""target_theta"": 0.0}, ""Alice_3"": {""angular_error"": 0.0, ""implemented_theta"": 0.7853981633974483, ""observable"": ""X"", ""projector_fidelity"": 1.0, ""target_theta"": 0.7853981633974483}, ""Bob_0"": {""angular_error"": 0.39269908169872414, ""implemented_theta"": 0.0, ""observable"": ""Z"", ""projector_fidelity"": 0.8535533905932737, ""target_theta"": 0.39269908169872414}, ""Bob_1"": {""angular_error"": 0.39269908169872414, ""implemented_theta"": 0.0, ""observable"": ""Z"", ""projector_fidelity"": 0.8535533905932737, ""target_theta"": -0.39269908169872414}, ""Bob_2"": {""angular_error"": 0.39269908169872414, ""implemented_theta"": 0.0, ""observable"": ""Z"", ""projector_fidelity"": 0.8535533905932737, ""target_theta"": 0.39269908169872414}, ""Bob_3"": {""angular_error"": 0.39269908169872414, ""implemented_theta"": 0.0, ""observable"": ""Z"", ""projector_fidelity"": 0.8535533905932737, ""target_theta"": -0.39269908169872414}}, ""player_grid_count"": 2, ""synthetic_scaling_point"": false, ""systems_per_player"": 100, ""tableau_array_bytes_per_player"": 40200, ""workload_seed_derivation"": ""SnaQ3-v2 master/n/repetition streams"", ""workload_sha256"": ""928945b75a35034ba35179e2e5badacae4f713edb18bdf6551d5e668ee8471f2""}"
qutrit_tableau_clifford,10,100,100,9,20260930,4,0.0010917039980995469,COMPLETED,,False,,321600,34359738368,21600.0,1.0.1,"{""bell_backend"": ""QuickQudits Tableau d=2; H CX and Clifford observables"", ""grid_backend"": ""QuickQudits Tableau d=3; X only"", ""movement_backend"": ""QuickQudits Tableau d=2; H and S only"", ""observable_mapping"": {""Alice_0"": {""angular_error"": 0.0, ""implemented_theta"": 0.0, ""observable"": ""Z"", ""projector_fidelity"": 1.0, ""target_theta"": 0.0}, ""Alice_1"": {""angular_error"": 0.0, ""implemented_theta"": 0.7853981633974483, ""observable"": ""X"", ""projector_fidelity"": 1.0, ""target_theta"": 0.7853981633974483}, ""Alice_2"": {""angular_error"": 0.0, ""implemented_theta"": 0.0, ""observable"": ""Z"", ""projector_fidelity"": 1.0, ""target_theta"": 0.0}, ""Alice_3"": {""angular_error"": 0.0, ""implemented_theta"": 0.7853981633974483, ""observable"": ""X"", ""projector_fidelity"": 1.0, ""target_theta"": 0.7853981633974483}, ""Bob_0"": {""angular_error"": 0.39269908169872414, ""implemented_theta"": 0.0, ""observable"": ""Z"", ""projector_fidelity"": 0.8535533905932737, ""target_theta"": 0.39269908169872414}, ""Bob_1"": {""angular_error"": 0.39269908169872414, ""implemented_theta"": 0.0, ""observable"": ""Z"", ""projector_fidelity"": 0.8535533905932737, ""target_theta"": -0.39269908169872414}, ""Bob_2"": {""angular_error"": 0.39269908169872414, ""implemented_theta"": 0.0, ""observable"": ""Z"", ""projector_fidelity"": 0.8535533905932737, ""target_theta"": 0.39269908169872414}, ""Bob_3"": {""angular_error"": 0.39269908169872414, ""implemented_theta"": 0.0, ""observable"": ""Z"", ""projector_fidelity"": 0.8535533905932737, ""target_theta"": -0.39269908169872414}}, ""player_grid_count"": 2, ""synthetic_scaling_point"": false, ""systems_per_player"": 100, ""tableau_array_bytes_per_player"": 40200, ""workload_seed_derivation"": ""SnaQ3-v2 master/n/repetition streams"", ""workload_sha256"": ""73a3aaacf823b6c8371b42a3b32ac7bdd1857405db865adf94bdcbdba2b26758""}"
qutrit_tableau_clifford,10,100,100,10,20260930,4,0.0012544609999167733,COMPLETED,,False,,321600,34359738368,21600.0,1.0.1,"{""bell_backend"": ""QuickQudits Tableau d=2; H CX and Clifford observables"", ""grid_backend"": ""QuickQudits Tableau d=3; X only"", ""movement_backend"": ""QuickQudits Tableau d=2; H and S only"", ""observable_mapping"": {""Alice_0"": {""angular_error"": 0.0, ""implemented_theta"": 0.0, ""observable"": ""Z"", ""projector_fidelity"": 1.0, ""target_theta"": 0.0}, ""Alice_1"": {""angular_error"": 0.0, ""implemented_theta"": 0.7853981633974483, ""observable"": ""X"", ""projector_fidelity"": 1.0, ""target_theta"": 0.7853981633974483}, ""Alice_2"": {""angular_error"": 0.0, ""implemented_theta"": 0.0, ""observable"": ""Z"", ""projector_fidelity"": 1.0, ""target_theta"": 0.0}, ""Alice_3"": {""angular_error"": 0.0, ""implemented_theta"": 0.7853981633974483, ""observable"": ""X"", ""projector_fidelity"": 1.0, ""target_theta"": 0.7853981633974483}, ""Bob_0"": {""angular_error"": 0.39269908169872414, ""implemented_theta"": 0.0, ""observable"": ""Z"", ""projector_fidelity"": 0.8535533905932737, ""target_theta"": 0.39269908169872414}, ""Bob_1"": {""angular_error"": 0.39269908169872414, ""implemented_theta"": 0.0, ""observable"": ""Z"", ""projector_fidelity"": 0.8535533905932737, ""target_theta"": -0.39269908169872414}, ""Bob_2"": {""angular_error"": 0.39269908169872414, ""implemented_theta"": 0.0, ""observable"": ""Z"", ""projector_fidelity"": 0.8535533905932737, ""target_theta"": 0.39269908169872414}, ""Bob_3"": {""angular_error"": 0.39269908169872414, ""implemented_theta"": 0.0, ""observable"": ""Z"", ""projector_fidelity"": 0.8535533905932737, ""target_theta"": -0.39269908169872414}}, ""player_grid_count"": 2, ""synthetic_scaling_point"": false, ""systems_per_player"": 100, ""tableau_array_bytes_per_player"": 40200, ""workload_seed_derivation"": ""SnaQ3-v2 master/n/repetition streams"", ""workload_sha256"": ""d95e34830842b492b7d5843777a0955237df0662fc2d0f5f779dddbaf8aa6119""}"
qutrit_tableau_clifford,10,100,100,11,20260930,4,0.0010452969945617951,COMPLETED,,False,,321600,34359738368,21600.0,1.0.1,"{""bell_backend"": ""QuickQudits Tableau d=2; H CX and Clifford observables"", ""grid_backend"": ""QuickQudits Tableau d=3; X only"", ""movement_backend"": ""QuickQudits Tableau d=2; H and S only"", ""observable_mapping"": {""Alice_0"": {""angular_error"": 0.0, ""implemented_theta"": 0.0, ""observable"": ""Z"", ""projector_fidelity"": 1.0, ""target_theta"": 0.0}, ""Alice_1"": {""angular_error"": 0.0, ""implemented_theta"": 0.7853981633974483, ""observable"": ""X"", ""projector_fidelity"": 1.0, ""target_theta"": 0.7853981633974483}, ""Alice_2"": {""angular_error"": 0.0, ""implemented_theta"": 0.0, ""observable"": ""Z"", ""projector_fidelity"": 1.0, ""target_theta"": 0.0}, ""Alice_3"": {""angular_error"": 0.0, ""implemented_theta"": 0.7853981633974483, ""observable"": ""X"", ""projector_fidelity"": 1.0, ""target_theta"": 0.7853981633974483}, ""Bob_0"": {""angular_error"": 0.39269908169872414, ""implemented_theta"": 0.0, ""observable"": ""Z"", ""projector_fidelity"": 0.8535533905932737, ""target_theta"": 0.39269908169872414}, ""Bob_1"": {""angular_error"": 0.39269908169872414, ""implemented_theta"": 0.0, ""observable"": ""Z"", ""projector_fidelity"": 0.8535533905932737, ""target_theta"": -0.39269908169872414}, ""Bob_2"": {""angular_error"": 0.39269908169872414, ""implemented_theta"": 0.0, ""observable"": ""Z"", ""projector_fidelity"": 0.8535533905932737, ""target_theta"": 0.39269908169872414}, ""Bob_3"": {""angular_error"": 0.39269908169872414, ""implemented_theta"": 0.0, ""observable"": ""Z"", ""projector_fidelity"": 0.8535533905932737, ""target_theta"": -0.39269908169872414}}, ""player_grid_count"": 2, ""synthetic_scaling_point"": false, ""systems_per_player"": 100, ""tableau_array_bytes_per_player"": 40200, ""workload_seed_derivation"": ""SnaQ3-v2 master/n/repetition streams"", ""workload_sha256"": ""4db1351ba22eef54bd91115d4d07ba64092dc8ccf5514894f426ea6781be66d2""}"
qutrit_tableau_clifford,10,100,100,12,20260930,4,0.001087534001271706,COMPLETED,,False,,321600,34359738368,21600.0,1.0.1,"{""bell_backend"": ""QuickQudits Tableau d=2; H CX and Clifford observables"", ""grid_backend"": ""QuickQudits Tableau d=3; X only"", ""movement_backend"": ""QuickQudits Tableau d=2; H and S only"", ""observable_mapping"": {""Alice_0"": {""angular_error"": 0.0, ""implemented_theta"": 0.0, ""observable"": ""Z"", ""projector_fidelity"": 1.0, ""target_theta"": 0.0}, ""Alice_1"": {""angular_error"": 0.0, ""implemented_theta"": 0.7853981633974483, ""observable"": ""X"", ""projector_fidelity"": 1.0, ""target_theta"": 0.7853981633974483}, ""Alice_2"": {""angular_error"": 0.0, ""implemented_theta"": 0.0, ""observable"": ""Z"", ""projector_fidelity"": 1.0, ""target_theta"": 0.0}, ""Alice_3"": {""angular_error"": 0.0, ""implemented_theta"": 0.7853981633974483, ""observable"": ""X"", ""projector_fidelity"": 1.0, ""target_theta"": 0.7853981633974483}, ""Bob_0"": {""angular_error"": 0.39269908169872414, ""implemented_theta"": 0.0, ""observable"": ""Z"", ""projector_fidelity"": 0.8535533905932737, ""target_theta"": 0.39269908169872414}, ""Bob_1"": {""angular_error"": 0.39269908169872414, ""implemented_theta"": 0.0, ""observable"": ""Z"", ""projector_fidelity"": 0.8535533905932737, ""target_theta"": -0.39269908169872414}, ""Bob_2"": {""angular_error"": 0.39269908169872414, ""implemented_theta"": 0.0, ""observable"": ""Z"", ""projector_fidelity"": 0.8535533905932737, ""target_theta"": 0.39269908169872414}, ""Bob_3"": {""angular_error"": 0.39269908169872414, ""implemented_theta"": 0.0, ""observable"": ""Z"", ""projector_fidelity"": 0.8535533905932737, ""target_theta"": -0.39269908169872414}}, ""player_grid_count"": 2, ""synthetic_scaling_point"": false, ""systems_per_player"": 100, ""tableau_array_bytes_per_player"": 40200, ""workload_seed_derivation"": ""SnaQ3-v2 master/n/repetition streams"", ""workload_sha256"": ""b6f9b49d3bc9395ae0ac08dbed71e4dd7524f24ae6a61e240dde11d56076c776""}"
qutrit_tableau_clifford,10,100,100,13,20260930,4,0.0010321629961254075,COMPLETED,,False,,321600,34359738368,21600.0,1.0.1,"{""bell_backend"": ""QuickQudits Tableau d=2; H CX and Clifford observables"", ""grid_backend"": ""QuickQudits Tableau d=3; X only"", ""movement_backend"": ""QuickQudits Tableau d=2; H and S only"", ""observable_mapping"": {""Alice_0"": {""angular_error"": 0.0, ""implemented_theta"": 0.0, ""observable"": ""Z"", ""projector_fidelity"": 1.0, ""target_theta"": 0.0}, ""Alice_1"": {""angular_error"": 0.0, ""implemented_theta"": 0.7853981633974483, ""observable"": ""X"", ""projector_fidelity"": 1.0, ""target_theta"": 0.7853981633974483}, ""Alice_2"": {""angular_error"": 0.0, ""implemented_theta"": 0.0, ""observable"": ""Z"", ""projector_fidelity"": 1.0, ""target_theta"": 0.0}, ""Alice_3"": {""angular_error"": 0.0, ""implemented_theta"": 0.7853981633974483, ""observable"": ""X"", ""projector_fidelity"": 1.0, ""target_theta"": 0.7853981633974483}, ""Bob_0"": {""angular_error"": 0.39269908169872414, ""implemented_theta"": 0.0, ""observable"": ""Z"", ""projector_fidelity"": 0.8535533905932737, ""target_theta"": 0.39269908169872414}, ""Bob_1"": {""angular_error"": 0.39269908169872414, ""implemented_theta"": 0.0, ""observable"": ""Z"", ""projector_fidelity"": 0.8535533905932737, ""target_theta"": -0.39269908169872414}, ""Bob_2"": {""angular_error"": 0.39269908169872414, ""implemented_theta"": 0.0, ""observable"": ""Z"", ""projector_fidelity"": 0.8535533905932737, ""target_theta"": 0.39269908169872414}, ""Bob_3"": {""angular_error"": 0.39269908169872414, ""implemented_theta"": 0.0, ""observable"": ""Z"", ""projector_fidelity"": 0.8535533905932737, ""target_theta"": -0.39269908169872414}}, ""player_grid_count"": 2, ""synthetic_scaling_point"": false, ""systems_per_player"": 100, ""tableau_array_bytes_per_player"": 40200, ""workload_seed_derivation"": ""SnaQ3-v2 master/n/repetition streams"", ""workload_sha256"": ""3c587c6f81f29a7ef5b5d940a39fe1e90e78214d52fdb7f73df987e799de9349""}"
qutrit_tableau_clifford,10,100,100,14,20260930,4,0.001128944000811316,COMPLETED,,False,,321600,34359738368,21600.0,1.0.1,"{""bell_backend"": ""QuickQudits Tableau d=2; H CX and Clifford observables"", ""grid_backend"": ""QuickQudits Tableau d=3; X only"", ""movement_backend"": ""QuickQudits Tableau d=2; H and S only"", ""observable_mapping"": {""Alice_0"": {""angular_error"": 0.0, ""implemented_theta"": 0.0, ""observable"": ""Z"", ""projector_fidelity"": 1.0, ""target_theta"": 0.0}, ""Alice_1"": {""angular_error"": 0.0, ""implemented_theta"": 0.7853981633974483, ""observable"": ""X"", ""projector_fidelity"": 1.0, ""target_theta"": 0.7853981633974483}, ""Alice_2"": {""angular_error"": 0.0, ""implemented_theta"": 0.0, ""observable"": ""Z"", ""projector_fidelity"": 1.0, ""target_theta"": 0.0}, ""Alice_3"": {""angular_error"": 0.0, ""implemented_theta"": 0.7853981633974483, ""observable"": ""X"", ""projector_fidelity"": 1.0, ""target_theta"": 0.7853981633974483}, ""Bob_0"": {""angular_error"": 0.39269908169872414, ""implemented_theta"": 0.0, ""observable"": ""Z"", ""projector_fidelity"": 0.8535533905932737, ""target_theta"": 0.39269908169872414}, ""Bob_1"": {""angular_error"": 0.39269908169872414, ""implemented_theta"": 0.0, ""observable"": ""Z"", ""projector_fidelity"": 0.8535533905932737, ""target_theta"": -0.39269908169872414}, ""Bob_2"": {""angular_error"": 0.39269908169872414, ""implemented_theta"": 0.0, ""observable"": ""Z"", ""projector_fidelity"": 0.8535533905932737, ""target_theta"": 0.39269908169872414}, ""Bob_3"": {""angular_error"": 0.39269908169872414, ""implemented_theta"": 0.0, ""observable"": ""Z"", ""projector_fidelity"": 0.8535533905932737, ""target_theta"": -0.39269908169872414}}, ""player_grid_count"": 2, ""synthetic_scaling_point"": false, ""systems_per_player"": 100, ""tableau_array_bytes_per_player"": 40200, ""workload_seed_derivation"": ""SnaQ3-v2 master/n/repetition streams"", ""workload_sha256"": ""188443ad832302e0961783ac308bd5f858d32394acacc7d385d7e1e854971cb5""}"
qutrit_tableau_clifford,10,100,100,15,20260930,4,0.0010275690001435578,COMPLETED,,False,,321600,34359738368,21600.0,1.0.1,"{""bell_backend"": ""QuickQudits Tableau d=2; H CX and Clifford observables"", ""grid_backend"": ""QuickQudits Tableau d=3; X only"", ""movement_backend"": ""QuickQudits Tableau d=2; H and S only"", ""observable_mapping"": {""Alice_0"": {""angular_error"": 0.0, ""implemented_theta"": 0.0, ""observable"": ""Z"", ""projector_fidelity"": 1.0, ""target_theta"": 0.0}, ""Alice_1"": {""angular_error"": 0.0, ""implemented_theta"": 0.7853981633974483, ""observable"": ""X"", ""projector_fidelity"": 1.0, ""target_theta"": 0.7853981633974483}, ""Alice_2"": {""angular_error"": 0.0, ""implemented_theta"": 0.0, ""observable"": ""Z"", ""projector_fidelity"": 1.0, ""target_theta"": 0.0}, ""Alice_3"": {""angular_error"": 0.0, ""implemented_theta"": 0.7853981633974483, ""observable"": ""X"", ""projector_fidelity"": 1.0, ""target_theta"": 0.7853981633974483}, ""Bob_0"": {""angular_error"": 0.39269908169872414, ""implemented_theta"": 0.0, ""observable"": ""Z"", ""projector_fidelity"": 0.8535533905932737, ""target_theta"": 0.39269908169872414}, ""Bob_1"": {""angular_error"": 0.39269908169872414, ""implemented_theta"": 0.0, ""observable"": ""Z"", ""projector_fidelity"": 0.8535533905932737, ""target_theta"": -0.39269908169872414}, ""Bob_2"": {""angular_error"": 0.39269908169872414, ""implemented_theta"": 0.0, ""observable"": ""Z"", ""projector_fidelity"": 0.8535533905932737, ""target_theta"": 0.39269908169872414}, ""Bob_3"": {""angular_error"": 0.39269908169872414, ""implemented_theta"": 0.0, ""observable"": ""Z"", ""projector_fidelity"": 0.8535533905932737, ""target_theta"": -0.39269908169872414}}, ""player_grid_count"": 2, ""synthetic_scaling_point"": false, ""systems_per_player"": 100, ""tableau_array_bytes_per_player"": 40200, ""workload_seed_derivation"": ""SnaQ3-v2 master/n/repetition streams"", ""workload_sha256"": ""8471e6282645cc139b3bbaa1fe904ff689cb7fc54a8f5c00cb68edb991dca2f2""}"
qutrit_tableau_clifford,10,100,100,16,20260930,4,0.001087323995307088,COMPLETED,,False,,321600,34359738368,21600.0,1.0.1,"{""bell_backend"": ""QuickQudits Tableau d=2; H CX and Clifford observables"", ""grid_backend"": ""QuickQudits Tableau d=3; X only"", ""movement_backend"": ""QuickQudits Tableau d=2; H and S only"", ""observable_mapping"": {""Alice_0"": {""angular_error"": 0.0, ""implemented_theta"": 0.0, ""observable"": ""Z"", ""projector_fidelity"": 1.0, ""target_theta"": 0.0}, ""Alice_1"": {""angular_error"": 0.0, ""implemented_theta"": 0.7853981633974483, ""observable"": ""X"", ""projector_fidelity"": 1.0, ""target_theta"": 0.7853981633974483}, ""Alice_2"": {""angular_error"": 0.0, ""implemented_theta"": 0.0, ""observable"": ""Z"", ""projector_fidelity"": 1.0, ""target_theta"": 0.0}, ""Alice_3"": {""angular_error"": 0.0, ""implemented_theta"": 0.7853981633974483, ""observable"": ""X"", ""projector_fidelity"": 1.0, ""target_theta"": 0.7853981633974483}, ""Bob_0"": {""angular_error"": 0.39269908169872414, ""implemented_theta"": 0.0, ""observable"": ""Z"", ""projector_fidelity"": 0.8535533905932737, ""target_theta"": 0.39269908169872414}, ""Bob_1"": {""angular_error"": 0.39269908169872414, ""implemented_theta"": 0.0, ""observable"": ""Z"", ""projector_fidelity"": 0.8535533905932737, ""target_theta"": -0.39269908169872414}, ""Bob_2"": {""angular_error"": 0.39269908169872414, ""implemented_theta"": 0.0, ""observable"": ""Z"", ""projector_fidelity"": 0.8535533905932737, ""target_theta"": 0.39269908169872414}, ""Bob_3"": {""angular_error"": 0.39269908169872414, ""implemented_theta"": 0.0, ""observable"": ""Z"", ""projector_fidelity"": 0.8535533905932737, ""target_theta"": -0.39269908169872414}}, ""player_grid_count"": 2, ""synthetic_scaling_point"": false, ""systems_per_player"": 100, ""tableau_array_bytes_per_player"": 40200, ""workload_seed_derivation"": ""SnaQ3-v2 master/n/repetition streams"", ""workload_sha256"": ""a544c6cfc5d30d03362819ddf73c292090ef9c041ef8e8a7dd90ad025d520d68""}"
qutrit_tableau_clifford,10,100,100,17,20260930,4,0.0010753610040410422,COMPLETED,,False,,321600,34359738368,21600.0,1.0.1,"{""bell_backend"": ""QuickQudits Tableau d=2; H CX and Clifford observables"", ""grid_backend"": ""QuickQudits Tableau d=3; X only"", ""movement_backend"": ""QuickQudits Tableau d=2; H and S only"", ""observable_mapping"": {""Alice_0"": {""angular_error"": 0.0, ""implemented_theta"": 0.0, ""observable"": ""Z"", ""projector_fidelity"": 1.0, ""target_theta"": 0.0}, ""Alice_1"": {""angular_error"": 0.0, ""implemented_theta"": 0.7853981633974483, ""observable"": ""X"", ""projector_fidelity"": 1.0, ""target_theta"": 0.7853981633974483}, ""Alice_2"": {""angular_error"": 0.0, ""implemented_theta"": 0.0, ""observable"": ""Z"", ""projector_fidelity"": 1.0, ""target_theta"": 0.0}, ""Alice_3"": {""angular_error"": 0.0, ""implemented_theta"": 0.7853981633974483, ""observable"": ""X"", ""projector_fidelity"": 1.0, ""target_theta"": 0.7853981633974483}, ""Bob_0"": {""angular_error"": 0.39269908169872414, ""implemented_theta"": 0.0, ""observable"": ""Z"", ""projector_fidelity"": 0.8535533905932737, ""target_theta"": 0.39269908169872414}, ""Bob_1"": {""angular_error"": 0.39269908169872414, ""implemented_theta"": 0.0, ""observable"": ""Z"", ""projector_fidelity"": 0.8535533905932737, ""target_theta"": -0.39269908169872414}, ""Bob_2"": {""angular_error"": 0.39269908169872414, ""implemented_theta"": 0.0, ""observable"": ""Z"", ""projector_fidelity"": 0.8535533905932737, ""target_theta"": 0.39269908169872414}, ""Bob_3"": {""angular_error"": 0.39269908169872414, ""implemented_theta"": 0.0, ""observable"": ""Z"", ""projector_fidelity"": 0.8535533905932737, ""target_theta"": -0.39269908169872414}}, ""player_grid_count"": 2, ""synthetic_scaling_point"": false, ""systems_per_player"": 100, ""tableau_array_bytes_per_player"": 40200, ""workload_seed_derivation"": ""SnaQ3-v2 master/n/repetition streams"", ""workload_sha256"": ""be4d53c5488e193633742d12a7f0202b3fb9ca58d52ebd7cd37cafe0f9465173""}"
qutrit_tableau_clifford,10,100,100,18,20260930,4,0.0010690950002754107,COMPLETED,,False,,321600,34359738368,21600.0,1.0.1,"{""bell_backend"": ""QuickQudits Tableau d=2; H CX and Clifford observables"", ""grid_backend"": ""QuickQudits Tableau d=3; X only"", ""movement_backend"": ""QuickQudits Tableau d=2; H and S only"", ""observable_mapping"": {""Alice_0"": {""angular_error"": 0.0, ""implemented_theta"": 0.0, ""observable"": ""Z"", ""projector_fidelity"": 1.0, ""target_theta"": 0.0}, ""Alice_1"": {""angular_error"": 0.0, ""implemented_theta"": 0.7853981633974483, ""observable"": ""X"", ""projector_fidelity"": 1.0, ""target_theta"": 0.7853981633974483}, ""Alice_2"": {""angular_error"": 0.0, ""implemented_theta"": 0.0, ""observable"": ""Z"", ""projector_fidelity"": 1.0, ""target_theta"": 0.0}, ""Alice_3"": {""angular_error"": 0.0, ""implemented_theta"": 0.7853981633974483, ""observable"": ""X"", ""projector_fidelity"": 1.0, ""target_theta"": 0.7853981633974483}, ""Bob_0"": {""angular_error"": 0.39269908169872414, ""implemented_theta"": 0.0, ""observable"": ""Z"", ""projector_fidelity"": 0.8535533905932737, ""target_theta"": 0.39269908169872414}, ""Bob_1"": {""angular_error"": 0.39269908169872414, ""implemented_theta"": 0.0, ""observable"": ""Z"", ""projector_fidelity"": 0.8535533905932737, ""target_theta"": -0.39269908169872414}, ""Bob_2"": {""angular_error"": 0.39269908169872414, ""implemented_theta"": 0.0, ""observable"": ""Z"", ""projector_fidelity"": 0.8535533905932737, ""target_theta"": 0.39269908169872414}, ""Bob_3"": {""angular_error"": 0.39269908169872414, ""implemented_theta"": 0.0, ""observable"": ""Z"", ""projector_fidelity"": 0.8535533905932737, ""target_theta"": -0.39269908169872414}}, ""player_grid_count"": 2, ""synthetic_scaling_point"": false, ""systems_per_player"": 100, ""tableau_array_bytes_per_player"": 40200, ""workload_seed_derivation"": ""SnaQ3-v2 master/n/repetition streams"", ""workload_sha256"": ""54cabc22538c6b56e7761dfec9a0bce90f5349ab8e51309b7a79f2f888a88d8d""}"
qutrit_tableau_clifford,10,100,100,19,20260930,4,0.0011169850040460005,COMPLETED,,False,,321600,34359738368,21600.0,1.0.1,"{""bell_backend"": ""QuickQudits Tableau d=2; H CX and Clifford observables"", ""grid_backend"": ""QuickQudits Tableau d=3; X only"", ""movement_backend"": ""QuickQudits Tableau d=2; H and S only"", ""observable_mapping"": {""Alice_0"": {""angular_error"": 0.0, ""implemented_theta"": 0.0, ""observable"": ""Z"", ""projector_fidelity"": 1.0, ""target_theta"": 0.0}, ""Alice_1"": {""angular_error"": 0.0, ""implemented_theta"": 0.7853981633974483, ""observable"": ""X"", ""projector_fidelity"": 1.0, ""target_theta"": 0.7853981633974483}, ""Alice_2"": {""angular_error"": 0.0, ""implemented_theta"": 0.0, ""observable"": ""Z"", ""projector_fidelity"": 1.0, ""target_theta"": 0.0}, ""Alice_3"": {""angular_error"": 0.0, ""implemented_theta"": 0.7853981633974483, ""observable"": ""X"", ""projector_fidelity"": 1.0, ""target_theta"": 0.7853981633974483}, ""Bob_0"": {""angular_error"": 0.39269908169872414, ""implemented_theta"": 0.0, ""observable"": ""Z"", ""projector_fidelity"": 0.8535533905932737, ""target_theta"": 0.39269908169872414}, ""Bob_1"": {""angular_error"": 0.39269908169872414, ""implemented_theta"": 0.0, ""observable"": ""Z"", ""projector_fidelity"": 0.8535533905932737, ""target_theta"": -0.39269908169872414}, ""Bob_2"": {""angular_error"": 0.39269908169872414, ""implemented_theta"": 0.0, ""observable"": ""Z"", ""projector_fidelity"": 0.8535533905932737, ""target_theta"": 0.39269908169872414}, ""Bob_3"": {""angular_error"": 0.39269908169872414, ""implemented_theta"": 0.0, ""observable"": ""Z"", ""projector_fidelity"": 0.8535533905932737, ""target_theta"": -0.39269908169872414}}, ""player_grid_count"": 2, ""synthetic_scaling_point"": false, ""systems_per_player"": 100, ""tableau_array_bytes_per_player"": 40200, ""workload_seed_derivation"": ""SnaQ3-v2 master/n/repetition streams"", ""workload_sha256"": ""a8713faddf23bbb1ec1ec8794cad70311c73ce02917a094282f014c09d204c03""}"
qubit_tableau_transpiled,10,100,200,0,20260930,4,0.0016036360029829666,COMPLETED,,False,,1283200,34359738368,21600.0,1.0.1,"{""bell_backend"": ""QuickQudits Tableau d=2; same Clifford Bell observables as qutrit_tableau_clifford"", ""dense_statevector"": false, ""encoding"": {""0"": ""00"", ""1"": ""01"", ""2"": ""10"", ""invalid"": ""11""}, ""grid_backend"": ""two full QuickQudits Tableau d=2 registers, 2m qubits each"", ""movement_backend"": ""QuickQudits Tableau d=2; H and S only"", ""observable_mapping"": {""Alice_0"": {""angular_error"": 0.0, ""implemented_theta"": 0.0, ""observable"": ""Z"", ""projector_fidelity"": 1.0, ""target_theta"": 0.0}, ""Alice_1"": {""angular_error"": 0.0, ""implemented_theta"": 0.7853981633974483, ""observable"": ""X"", ""projector_fidelity"": 1.0, ""target_theta"": 0.7853981633974483}, ""Alice_2"": {""angular_error"": 0.0, ""implemented_theta"": 0.0, ""observable"": ""Z"", ""projector_fidelity"": 1.0, ""target_theta"": 0.0}, ""Alice_3"": {""angular_error"": 0.0, ""implemented_theta"": 0.7853981633974483, ""observable"": ""X"", ""projector_fidelity"": 1.0, ""target_theta"": 0.7853981633974483}, ""Bob_0"": {""angular_error"": 0.39269908169872414, ""implemented_theta"": 0.0, ""observable"": ""Z"", ""projector_fidelity"": 0.8535533905932737, ""target_theta"": 0.39269908169872414}, ""Bob_1"": {""angular_error"": 0.39269908169872414, ""implemented_theta"": 0.0, ""observable"": ""Z"", ""projector_fidelity"": 0.8535533905932737, ""target_theta"": -0.39269908169872414}, ""Bob_2"": {""angular_error"": 0.39269908169872414, ""implemented_theta"": 0.0, ""observable"": ""Z"", ""projector_fidelity"": 0.8535533905932737, ""target_theta"": 0.39269908169872414}, ""Bob_3"": {""angular_error"": 0.39269908169872414, ""implemented_theta"": 0.0, ""observable"": ""Z"", ""projector_fidelity"": 0.8535533905932737, ""target_theta"": -0.39269908169872414}}, ""player_grid_count"": 2, ""qubits_per_player_grid"": 200, ""synthetic_scaling_point"": false, ""systems_per_player"": 200, ""tableau_array_bytes_per_player"": 160400, ""transpiled_gates"": ""qutrit X -> X(q0), CX(q0,q1), CX(q1,q0); invalid 11 fixed"", ""workload_seed_derivation"": ""SnaQ3-v2 master/n/repetition streams"", ""workload_sha256"": ""a829eb024e47206dc2ab73ea5210751ca65c27b88585044bc087dd5c3be0a4b0""}"
qubit_tableau_transpiled,10,100,200,1,20260930,4,0.0016678269967087545,COMPLETED,,False,,1283200,34359738368,21600.0,1.0.1,"{""bell_backend"": ""QuickQudits Tableau d=2; same Clifford Bell observables as qutrit_tableau_clifford"", ""dense_statevector"": false, ""encoding"": {""0"": ""00"", ""1"": ""01"", ""2"": ""10"", ""invalid"": ""11""}, ""grid_backend"": ""two full QuickQudits Tableau d=2 registers, 2m qubits each"", ""movement_backend"": ""QuickQudits Tableau d=2; H and S only"", ""observable_mapping"": {""Alice_0"": {""angular_error"": 0.0, ""implemented_theta"": 0.0, ""observable"": ""Z"", ""projector_fidelity"": 1.0, ""target_theta"": 0.0}, ""Alice_1"": {""angular_error"": 0.0, ""implemented_theta"": 0.7853981633974483, ""observable"": ""X"", ""projector_fidelity"": 1.0, ""target_theta"": 0.7853981633974483}, ""Alice_2"": {""angular_error"": 0.0, ""implemented_theta"": 0.0, ""observable"": ""Z"", ""projector_fidelity"": 1.0, ""target_theta"": 0.0}, ""Alice_3"": {""angular_error"": 0.0, ""implemented_theta"": 0.7853981633974483, ""observable"": ""X"", ""projector_fidelity"": 1.0, ""target_theta"": 0.7853981633974483}, ""Bob_0"": {""angular_error"": 0.39269908169872414, ""implemented_theta"": 0.0, ""observable"": ""Z"", ""projector_fidelity"": 0.8535533905932737, ""target_theta"": 0.39269908169872414}, ""Bob_1"": {""angular_error"": 0.39269908169872414, ""implemented_theta"": 0.0, ""observable"": ""Z"", ""projector_fidelity"": 0.8535533905932737, ""target_theta"": -0.39269908169872414}, ""Bob_2"": {""angular_error"": 0.39269908169872414, ""implemented_theta"": 0.0, ""observable"": ""Z"", ""projector_fidelity"": 0.8535533905932737, ""target_theta"": 0.39269908169872414}, ""Bob_3"": {""angular_error"": 0.39269908169872414, ""implemented_theta"": 0.0, ""observable"": ""Z"", ""projector_fidelity"": 0.8535533905932737, ""target_theta"": -0.39269908169872414}}, ""player_grid_count"": 2, ""qubits_per_player_grid"": 200, ""synthetic_scaling_point"": false, ""systems_per_player"": 200, ""tableau_array_bytes_per_player"": 160400, ""transpiled_gates"": ""qutrit X -> X(q0), CX(q0,q1), CX(q1,q0); invalid 11 fixed"", ""workload_seed_derivation"": ""SnaQ3-v2 master/n/repetition streams"", ""workload_sha256"": ""e4f8ac904c0d2c0af752a21cb4fef4b6a5d633de1a7e1d1d75de17a6a0999731""}"
qubit_tableau_transpiled,10,100,200,2,20260930,4,0.001654833999054972,COMPLETED,,False,,1283200,34359738368,21600.0,1.0.1,"{""bell_backend"": ""QuickQudits Tableau d=2; same Clifford Bell observables as qutrit_tableau_clifford"", ""dense_statevector"": false, ""encoding"": {""0"": ""00"", ""1"": ""01"", ""2"": ""10"", ""invalid"": ""11""}, ""grid_backend"": ""two full QuickQudits Tableau d=2 registers, 2m qubits each"", ""movement_backend"": ""QuickQudits Tableau d=2; H and S only"", ""observable_mapping"": {""Alice_0"": {""angular_error"": 0.0, ""implemented_theta"": 0.0, ""observable"": ""Z"", ""projector_fidelity"": 1.0, ""target_theta"": 0.0}, ""Alice_1"": {""angular_error"": 0.0, ""implemented_theta"": 0.7853981633974483, ""observable"": ""X"", ""projector_fidelity"": 1.0, ""target_theta"": 0.7853981633974483}, ""Alice_2"": {""angular_error"": 0.0, ""implemented_theta"": 0.0, ""observable"": ""Z"", ""projector_fidelity"": 1.0, ""target_theta"": 0.0}, ""Alice_3"": {""angular_error"": 0.0, ""implemented_theta"": 0.7853981633974483, ""observable"": ""X"", ""projector_fidelity"": 1.0, ""target_theta"": 0.7853981633974483}, ""Bob_0"": {""angular_error"": 0.39269908169872414, ""implemented_theta"": 0.0, ""observable"": ""Z"", ""projector_fidelity"": 0.8535533905932737, ""target_theta"": 0.39269908169872414}, ""Bob_1"": {""angular_error"": 0.39269908169872414, ""implemented_theta"": 0.0, ""observable"": ""Z"", ""projector_fidelity"": 0.8535533905932737, ""target_theta"": -0.39269908169872414}, ""Bob_2"": {""angular_error"": 0.39269908169872414, ""implemented_theta"": 0.0, ""observable"": ""Z"", ""projector_fidelity"": 0.8535533905932737, ""target_theta"": 0.39269908169872414}, ""Bob_3"": {""angular_error"": 0.39269908169872414, ""implemented_theta"": 0.0, ""observable"": ""Z"", ""projector_fidelity"": 0.8535533905932737, ""target_theta"": -0.39269908169872414}}, ""player_grid_count"": 2, ""qubits_per_player_grid"": 200, ""synthetic_scaling_point"": false, ""systems_per_player"": 200, ""tableau_array_bytes_per_player"": 160400, ""transpiled_gates"": ""qutrit X -> X(q0), CX(q0,q1), CX(q1,q0); invalid 11 fixed"", ""workload_seed_derivation"": ""SnaQ3-v2 master/n/repetition streams"", ""workload_sha256"": ""e703feb1cedf74a4082c3e6147f03c939023ba01c39d9626d02e67312585f8e1""}"
qubit_tableau_transpiled,10,100,200,3,20260930,4,0.0016254680012934841,COMPLETED,,False,,1283200,34359738368,21600.0,1.0.1,"{""bell_backend"": ""QuickQudits Tableau d=2; same Clifford Bell observables as qutrit_tableau_clifford"", ""dense_statevector"": false, ""encoding"": {""0"": ""00"", ""1"": ""01"", ""2"": ""10"", ""invalid"": ""11""}, ""grid_backend"": ""two full QuickQudits Tableau d=2 registers, 2m qubits each"", ""movement_backend"": ""QuickQudits Tableau d=2; H and S only"", ""observable_mapping"": {""Alice_0"": {""angular_error"": 0.0, ""implemented_theta"": 0.0, ""observable"": ""Z"", ""projector_fidelity"": 1.0, ""target_theta"": 0.0}, ""Alice_1"": {""angular_error"": 0.0, ""implemented_theta"": 0.7853981633974483, ""observable"": ""X"", ""projector_fidelity"": 1.0, ""target_theta"": 0.7853981633974483}, ""Alice_2"": {""angular_error"": 0.0, ""implemented_theta"": 0.0, ""observable"": ""Z"", ""projector_fidelity"": 1.0, ""target_theta"": 0.0}, ""Alice_3"": {""angular_error"": 0.0, ""implemented_theta"": 0.7853981633974483, ""observable"": ""X"", ""projector_fidelity"": 1.0, ""target_theta"": 0.7853981633974483}, ""Bob_0"": {""angular_error"": 0.39269908169872414, ""implemented_theta"": 0.0, ""observable"": ""Z"", ""projector_fidelity"": 0.8535533905932737, ""target_theta"": 0.39269908169872414}, ""Bob_1"": {""angular_error"": 0.39269908169872414, ""implemented_theta"": 0.0, ""observable"": ""Z"", ""projector_fidelity"": 0.8535533905932737, ""target_theta"": -0.39269908169872414}, ""Bob_2"": {""angular_error"": 0.39269908169872414, ""implemented_theta"": 0.0, ""observable"": ""Z"", ""projector_fidelity"": 0.8535533905932737, ""target_theta"": 0.39269908169872414}, ""Bob_3"": {""angular_error"": 0.39269908169872414, ""implemented_theta"": 0.0, ""observable"": ""Z"", ""projector_fidelity"": 0.8535533905932737, ""target_theta"": -0.39269908169872414}}, ""player_grid_count"": 2, ""qubits_per_player_grid"": 200, ""synthetic_scaling_point"": false, ""systems_per_player"": 200, ""tableau_array_bytes_per_player"": 160400, ""transpiled_gates"": ""qutrit X -> X(q0), CX(q0,q1), CX(q1,q0); invalid 11 fixed"", ""workload_seed_derivation"": ""SnaQ3-v2 master/n/repetition streams"", ""workload_sha256"": ""71bbdd4bb1261eb7ee61b449155f6a215bd590cd3090770d169bab9d7f9af3dd""}"
qubit_tableau_transpiled,10,100,200,4,20260930,4,0.001635925000300631,COMPLETED,,False,,1283200,34359738368,21600.0,1.0.1,"{""bell_backend"": ""QuickQudits Tableau d=2; same Clifford Bell observables as qutrit_tableau_clifford"", ""dense_statevector"": false, ""encoding"": {""0"": ""00"", ""1"": ""01"", ""2"": ""10"", ""invalid"": ""11""}, ""grid_backend"": ""two full QuickQudits Tableau d=2 registers, 2m qubits each"", ""movement_backend"": ""QuickQudits Tableau d=2; H and S only"", ""observable_mapping"": {""Alice_0"": {""angular_error"": 0.0, ""implemented_theta"": 0.0, ""observable"": ""Z"", ""projector_fidelity"": 1.0, ""target_theta"": 0.0}, ""Alice_1"": {""angular_error"": 0.0, ""implemented_theta"": 0.7853981633974483, ""observable"": ""X"", ""projector_fidelity"": 1.0, ""target_theta"": 0.7853981633974483}, ""Alice_2"": {""angular_error"": 0.0, ""implemented_theta"": 0.0, ""observable"": ""Z"", ""projector_fidelity"": 1.0, ""target_theta"": 0.0}, ""Alice_3"": {""angular_error"": 0.0, ""implemented_theta"": 0.7853981633974483, ""observable"": ""X"", ""projector_fidelity"": 1.0, ""target_theta"": 0.7853981633974483}, ""Bob_0"": {""angular_error"": 0.39269908169872414, ""implemented_theta"": 0.0, ""observable"": ""Z"", ""projector_fidelity"": 0.8535533905932737, ""target_theta"": 0.39269908169872414}, ""Bob_1"": {""angular_error"": 0.39269908169872414, ""implemented_theta"": 0.0, ""observable"": ""Z"", ""projector_fidelity"": 0.8535533905932737, ""target_theta"": -0.39269908169872414}, ""Bob_2"": {""angular_error"": 0.39269908169872414, ""implemented_theta"": 0.0, ""observable"": ""Z"", ""projector_fidelity"": 0.8535533905932737, ""target_theta"": 0.39269908169872414}, ""Bob_3"": {""angular_error"": 0.39269908169872414, ""implemented_theta"": 0.0, ""observable"": ""Z"", ""projector_fidelity"": 0.8535533905932737, ""target_theta"": -0.39269908169872414}}, ""player_grid_count"": 2, ""qubits_per_player_grid"": 200, ""synthetic_scaling_point"": false, ""systems_per_player"": 200, ""tableau_array_bytes_per_player"": 160400, ""transpiled_gates"": ""qutrit X -> X(q0), CX(q0,q1), CX(q1,q0); invalid 11 fixed"", ""workload_seed_derivation"": ""SnaQ3-v2 master/n/repetition streams"", ""workload_sha256"": ""50a5b6e55c5c9d249757950db782849f3ddb9ceae4228b562872f70e286def08""}"
qubit_tableau_transpiled,10,100,200,5,20260930,4,0.0016729890048736706,COMPLETED,,False,,1283200,34359738368,21600.0,1.0.1,"{""bell_backend"": ""QuickQudits Tableau d=2; same Clifford Bell observables as qutrit_tableau_clifford"", ""dense_statevector"": false, ""encoding"": {""0"": ""00"", ""1"": ""01"", ""2"": ""10"", ""invalid"": ""11""}, ""grid_backend"": ""two full QuickQudits Tableau d=2 registers, 2m qubits each"", ""movement_backend"": ""QuickQudits Tableau d=2; H and S only"", ""observable_mapping"": {""Alice_0"": {""angular_error"": 0.0, ""implemented_theta"": 0.0, ""observable"": ""Z"", ""projector_fidelity"": 1.0, ""target_theta"": 0.0}, ""Alice_1"": {""angular_error"": 0.0, ""implemented_theta"": 0.7853981633974483, ""observable"": ""X"", ""projector_fidelity"": 1.0, ""target_theta"": 0.7853981633974483}, ""Alice_2"": {""angular_error"": 0.0, ""implemented_theta"": 0.0, ""observable"": ""Z"", ""projector_fidelity"": 1.0, ""target_theta"": 0.0}, ""Alice_3"": {""angular_error"": 0.0, ""implemented_theta"": 0.7853981633974483, ""observable"": ""X"", ""projector_fidelity"": 1.0, ""target_theta"": 0.7853981633974483}, ""Bob_0"": {""angular_error"": 0.39269908169872414, ""implemented_theta"": 0.0, ""observable"": ""Z"", ""projector_fidelity"": 0.8535533905932737, ""target_theta"": 0.39269908169872414}, ""Bob_1"": {""angular_error"": 0.39269908169872414, ""implemented_theta"": 0.0, ""observable"": ""Z"", ""projector_fidelity"": 0.8535533905932737, ""target_theta"": -0.39269908169872414}, ""Bob_2"": {""angular_error"": 0.39269908169872414, ""implemented_theta"": 0.0, ""observable"": ""Z"", ""projector_fidelity"": 0.8535533905932737, ""target_theta"": 0.39269908169872414}, ""Bob_3"": {""angular_error"": 0.39269908169872414, ""implemented_theta"": 0.0, ""observable"": ""Z"", ""projector_fidelity"": 0.8535533905932737, ""target_theta"": -0.39269908169872414}}, ""player_grid_count"": 2, ""qubits_per_player_grid"": 200, ""synthetic_scaling_point"": false, ""systems_per_player"": 200, ""tableau_array_bytes_per_player"": 160400, ""transpiled_gates"": ""qutrit X -> X(q0), CX(q0,q1), CX(q1,q0); invalid 11 fixed"", ""workload_seed_derivation"": ""SnaQ3-v2 master/n/repetition streams"", ""workload_sha256"": ""18050393451ccae2796cc5e724f750b18b39ea744352585a00c3b54cc3455559""}"
qubit_tableau_transpiled,10,100,200,6,20260930,4,0.0017533259961055592,COMPLETED,,False,,1283200,34359738368,21600.0,1.0.1,"{""bell_backend"": ""QuickQudits Tableau d=2; same Clifford Bell observables as qutrit_tableau_clifford"", ""dense_statevector"": false, ""encoding"": {""0"": ""00"", ""1"": ""01"", ""2"": ""10"", ""invalid"": ""11""}, ""grid_backend"": ""two full QuickQudits Tableau d=2 registers, 2m qubits each"", ""movement_backend"": ""QuickQudits Tableau d=2; H and S only"", ""observable_mapping"": {""Alice_0"": {""angular_error"": 0.0, ""implemented_theta"": 0.0, ""observable"": ""Z"", ""projector_fidelity"": 1.0, ""target_theta"": 0.0}, ""Alice_1"": {""angular_error"": 0.0, ""implemented_theta"": 0.7853981633974483, ""observable"": ""X"", ""projector_fidelity"": 1.0, ""target_theta"": 0.7853981633974483}, ""Alice_2"": {""angular_error"": 0.0, ""implemented_theta"": 0.0, ""observable"": ""Z"", ""projector_fidelity"": 1.0, ""target_theta"": 0.0}, ""Alice_3"": {""angular_error"": 0.0, ""implemented_theta"": 0.7853981633974483, ""observable"": ""X"", ""projector_fidelity"": 1.0, ""target_theta"": 0.7853981633974483}, ""Bob_0"": {""angular_error"": 0.39269908169872414, ""implemented_theta"": 0.0, ""observable"": ""Z"", ""projector_fidelity"": 0.8535533905932737, ""target_theta"": 0.39269908169872414}, ""Bob_1"": {""angular_error"": 0.39269908169872414, ""implemented_theta"": 0.0, ""observable"": ""Z"", ""projector_fidelity"": 0.8535533905932737, ""target_theta"": -0.39269908169872414}, ""Bob_2"": {""angular_error"": 0.39269908169872414, ""implemented_theta"": 0.0, ""observable"": ""Z"", ""projector_fidelity"": 0.8535533905932737, ""target_theta"": 0.39269908169872414}, ""Bob_3"": {""angular_error"": 0.39269908169872414, ""implemented_theta"": 0.0, ""observable"": ""Z"", ""projector_fidelity"": 0.8535533905932737, ""target_theta"": -0.39269908169872414}}, ""player_grid_count"": 2, ""qubits_per_player_grid"": 200, ""synthetic_scaling_point"": false, ""systems_per_player"": 200, ""tableau_array_bytes_per_player"": 160400, ""transpiled_gates"": ""qutrit X -> X(q0), CX(q0,q1), CX(q1,q0); invalid 11 fixed"", ""workload_seed_derivation"": ""SnaQ3-v2 master/n/repetition streams"", ""workload_sha256"": ""7ee5cd249c71393a32b7214cb668a9cf999f608ecf2c38ecdff7f2399453d2b4""}"
qubit_tableau_transpiled,10,100,200,7,20260930,4,0.0015611210037604906,COMPLETED,,False,,1283200,34359738368,21600.0,1.0.1,"{""bell_backend"": ""QuickQudits Tableau d=2; same Clifford Bell observables as qutrit_tableau_clifford"", ""dense_statevector"": false, ""encoding"": {""0"": ""00"", ""1"": ""01"", ""2"": ""10"", ""invalid"": ""11""}, ""grid_backend"": ""two full QuickQudits Tableau d=2 registers, 2m qubits each"", ""movement_backend"": ""QuickQudits Tableau d=2; H and S only"", ""observable_mapping"": {""Alice_0"": {""angular_error"": 0.0, ""implemented_theta"": 0.0, ""observable"": ""Z"", ""projector_fidelity"": 1.0, ""target_theta"": 0.0}, ""Alice_1"": {""angular_error"": 0.0, ""implemented_theta"": 0.7853981633974483, ""observable"": ""X"", ""projector_fidelity"": 1.0, ""target_theta"": 0.7853981633974483}, ""Alice_2"": {""angular_error"": 0.0, ""implemented_theta"": 0.0, ""observable"": ""Z"", ""projector_fidelity"": 1.0, ""target_theta"": 0.0}, ""Alice_3"": {""angular_error"": 0.0, ""implemented_theta"": 0.7853981633974483, ""observable"": ""X"", ""projector_fidelity"": 1.0, ""target_theta"": 0.7853981633974483}, ""Bob_0"": {""angular_error"": 0.39269908169872414, ""implemented_theta"": 0.0, ""observable"": ""Z"", ""projector_fidelity"": 0.8535533905932737, ""target_theta"": 0.39269908169872414}, ""Bob_1"": {""angular_error"": 0.39269908169872414, ""implemented_theta"": 0.0, ""observable"": ""Z"", ""projector_fidelity"": 0.8535533905932737, ""target_theta"": -0.39269908169872414}, ""Bob_2"": {""angular_error"": 0.39269908169872414, ""implemented_theta"": 0.0, ""observable"": ""Z"", ""projector_fidelity"": 0.8535533905932737, ""target_theta"": 0.39269908169872414}, ""Bob_3"": {""angular_error"": 0.39269908169872414, ""implemented_theta"": 0.0, ""observable"": ""Z"", ""projector_fidelity"": 0.8535533905932737, ""target_theta"": -0.39269908169872414}}, ""player_grid_count"": 2, ""qubits_per_player_grid"": 200, ""synthetic_scaling_point"": false, ""systems_per_player"": 200, ""tableau_array_bytes_per_player"": 160400, ""transpiled_gates"": ""qutrit X -> X(q0), CX(q0,q1), CX(q1,q0); invalid 11 fixed"", ""workload_seed_derivation"": ""SnaQ3-v2 master/n/repetition streams"", ""workload_sha256"": ""429fa5785ab28ef71270b4c546816eb7bbaa7b0554d98aea13c7c2d28a583fbe""}"
qubit_tableau_transpiled,10,100,200,8,20260930,4,0.001609752005606424,COMPLETED,,False,,1283200,34359738368,21600.0,1.0.1,"{""bell_backend"": ""QuickQudits Tableau d=2; same Clifford Bell observables as qutrit_tableau_clifford"", ""dense_statevector"": false, ""encoding"": {""0"": ""00"", ""1"": ""01"", ""2"": ""10"", ""invalid"": ""11""}, ""grid_backend"": ""two full QuickQudits Tableau d=2 registers, 2m qubits each"", ""movement_backend"": ""QuickQudits Tableau d=2; H and S only"", ""observable_mapping"": {""Alice_0"": {""angular_error"": 0.0, ""implemented_theta"": 0.0, ""observable"": ""Z"", ""projector_fidelity"": 1.0, ""target_theta"": 0.0}, ""Alice_1"": {""angular_error"": 0.0, ""implemented_theta"": 0.7853981633974483, ""observable"": ""X"", ""projector_fidelity"": 1.0, ""target_theta"": 0.7853981633974483}, ""Alice_2"": {""angular_error"": 0.0, ""implemented_theta"": 0.0, ""observable"": ""Z"", ""projector_fidelity"": 1.0, ""target_theta"": 0.0}, ""Alice_3"": {""angular_error"": 0.0, ""implemented_theta"": 0.7853981633974483, ""observable"": ""X"", ""projector_fidelity"": 1.0, ""target_theta"": 0.7853981633974483}, ""Bob_0"": {""angular_error"": 0.39269908169872414, ""implemented_theta"": 0.0, ""observable"": ""Z"", ""projector_fidelity"": 0.8535533905932737, ""target_theta"": 0.39269908169872414}, ""Bob_1"": {""angular_error"": 0.39269908169872414, ""implemented_theta"": 0.0, ""observable"": ""Z"", ""projector_fidelity"": 0.8535533905932737, ""target_theta"": -0.39269908169872414}, ""Bob_2"": {""angular_error"": 0.39269908169872414, ""implemented_theta"": 0.0, ""observable"": ""Z"", ""projector_fidelity"": 0.8535533905932737, ""target_theta"": 0.39269908169872414}, ""Bob_3"": {""angular_error"": 0.39269908169872414, ""implemented_theta"": 0.0, ""observable"": ""Z"", ""projector_fidelity"": 0.8535533905932737, ""target_theta"": -0.39269908169872414}}, ""player_grid_count"": 2, ""qubits_per_player_grid"": 200, ""synthetic_scaling_point"": false, ""systems_per_player"": 200, ""tableau_array_bytes_per_player"": 160400, ""transpiled_gates"": ""qutrit X -> X(q0), CX(q0,q1), CX(q1,q0); invalid 11 fixed"", ""workload_seed_derivation"": ""SnaQ3-v2 master/n/repetition streams"", ""workload_sha256"": ""928945b75a35034ba35179e2e5badacae4f713edb18bdf6551d5e668ee8471f2""}"
qubit_tableau_transpiled,10,100,200,9,20260930,4,0.0016426629954366945,COMPLETED,,False,,1283200,34359738368,21600.0,1.0.1,"{""bell_backend"": ""QuickQudits Tableau d=2; same Clifford Bell observables as qutrit_tableau_clifford"", ""dense_statevector"": false, ""encoding"": {""0"": ""00"", ""1"": ""01"", ""2"": ""10"", ""invalid"": ""11""}, ""grid_backend"": ""two full QuickQudits Tableau d=2 registers, 2m qubits each"", ""movement_backend"": ""QuickQudits Tableau d=2; H and S only"", ""observable_mapping"": {""Alice_0"": {""angular_error"": 0.0, ""implemented_theta"": 0.0, ""observable"": ""Z"", ""projector_fidelity"": 1.0, ""target_theta"": 0.0}, ""Alice_1"": {""angular_error"": 0.0, ""implemented_theta"": 0.7853981633974483, ""observable"": ""X"", ""projector_fidelity"": 1.0, ""target_theta"": 0.7853981633974483}, ""Alice_2"": {""angular_error"": 0.0, ""implemented_theta"": 0.0, ""observable"": ""Z"", ""projector_fidelity"": 1.0, ""target_theta"": 0.0}, ""Alice_3"": {""angular_error"": 0.0, ""implemented_theta"": 0.7853981633974483, ""observable"": ""X"", ""projector_fidelity"": 1.0, ""target_theta"": 0.7853981633974483}, ""Bob_0"": {""angular_error"": 0.39269908169872414, ""implemented_theta"": 0.0, ""observable"": ""Z"", ""projector_fidelity"": 0.8535533905932737, ""target_theta"": 0.39269908169872414}, ""Bob_1"": {""angular_error"": 0.39269908169872414, ""implemented_theta"": 0.0, ""observable"": ""Z"", ""projector_fidelity"": 0.8535533905932737, ""target_theta"": -0.39269908169872414}, ""Bob_2"": {""angular_error"": 0.39269908169872414, ""implemented_theta"": 0.0, ""observable"": ""Z"", ""projector_fidelity"": 0.8535533905932737, ""target_theta"": 0.39269908169872414}, ""Bob_3"": {""angular_error"": 0.39269908169872414, ""implemented_theta"": 0.0, ""observable"": ""Z"", ""projector_fidelity"": 0.8535533905932737, ""target_theta"": -0.39269908169872414}}, ""player_grid_count"": 2, ""qubits_per_player_grid"": 200, ""synthetic_scaling_point"": false, ""systems_per_player"": 200, ""tableau_array_bytes_per_player"": 160400, ""transpiled_gates"": ""qutrit X -> X(q0), CX(q0,q1), CX(q1,q0); invalid 11 fixed"", ""workload_seed_derivation"": ""SnaQ3-v2 master/n/repetition streams"", ""workload_sha256"": ""73a3aaacf823b6c8371b42a3b32ac7bdd1857405db865adf94bdcbdba2b26758""}"
qubit_tableau_transpiled,10,100,200,10,20260930,4,0.001520999998319894,COMPLETED,,False,,1283200,34359738368,21600.0,1.0.1,"{""bell_backend"": ""QuickQudits Tableau d=2; same Clifford Bell observables as qutrit_tableau_clifford"", ""dense_statevector"": false, ""encoding"": {""0"": ""00"", ""1"": ""01"", ""2"": ""10"", ""invalid"": ""11""}, ""grid_backend"": ""two full QuickQudits Tableau d=2 registers, 2m qubits each"", ""movement_backend"": ""QuickQudits Tableau d=2; H and S only"", ""observable_mapping"": {""Alice_0"": {""angular_error"": 0.0, ""implemented_theta"": 0.0, ""observable"": ""Z"", ""projector_fidelity"": 1.0, ""target_theta"": 0.0}, ""Alice_1"": {""angular_error"": 0.0, ""implemented_theta"": 0.7853981633974483, ""observable"": ""X"", ""projector_fidelity"": 1.0, ""target_theta"": 0.7853981633974483}, ""Alice_2"": {""angular_error"": 0.0, ""implemented_theta"": 0.0, ""observable"": ""Z"", ""projector_fidelity"": 1.0, ""target_theta"": 0.0}, ""Alice_3"": {""angular_error"": 0.0, ""implemented_theta"": 0.7853981633974483, ""observable"": ""X"", ""projector_fidelity"": 1.0, ""target_theta"": 0.7853981633974483}, ""Bob_0"": {""angular_error"": 0.39269908169872414, ""implemented_theta"": 0.0, ""observable"": ""Z"", ""projector_fidelity"": 0.8535533905932737, ""target_theta"": 0.39269908169872414}, ""Bob_1"": {""angular_error"": 0.39269908169872414, ""implemented_theta"": 0.0, ""observable"": ""Z"", ""projector_fidelity"": 0.8535533905932737, ""target_theta"": -0.39269908169872414}, ""Bob_2"": {""angular_error"": 0.39269908169872414, ""implemented_theta"": 0.0, ""observable"": ""Z"", ""projector_fidelity"": 0.8535533905932737, ""target_theta"": 0.39269908169872414}, ""Bob_3"": {""angular_error"": 0.39269908169872414, ""implemented_theta"": 0.0, ""observable"": ""Z"", ""projector_fidelity"": 0.8535533905932737, ""target_theta"": -0.39269908169872414}}, ""player_grid_count"": 2, ""qubits_per_player_grid"": 200, ""synthetic_scaling_point"": false, ""systems_per_player"": 200, ""tableau_array_bytes_per_player"": 160400, ""transpiled_gates"": ""qutrit X -> X(q0), CX(q0,q1), CX(q1,q0); invalid 11 fixed"", ""workload_seed_derivation"": ""SnaQ3-v2 master/n/repetition streams"", ""workload_sha256"": ""d95e34830842b492b7d5843777a0955237df0662fc2d0f5f779dddbaf8aa6119""}"
qubit_tableau_transpiled,10,100,200,11,20260930,4,0.0015263160021277145,COMPLETED,,False,,1283200,34359738368,21600.0,1.0.1,"{""bell_backend"": ""QuickQudits Tableau d=2; same Clifford Bell observables as qutrit_tableau_clifford"", ""dense_statevector"": false, ""encoding"": {""0"": ""00"", ""1"": ""01"", ""2"": ""10"", ""invalid"": ""11""}, ""grid_backend"": ""two full QuickQudits Tableau d=2 registers, 2m qubits each"", ""movement_backend"": ""QuickQudits Tableau d=2; H and S only"", ""observable_mapping"": {""Alice_0"": {""angular_error"": 0.0, ""implemented_theta"": 0.0, ""observable"": ""Z"", ""projector_fidelity"": 1.0, ""target_theta"": 0.0}, ""Alice_1"": {""angular_error"": 0.0, ""implemented_theta"": 0.7853981633974483, ""observable"": ""X"", ""projector_fidelity"": 1.0, ""target_theta"": 0.7853981633974483}, ""Alice_2"": {""angular_error"": 0.0, ""implemented_theta"": 0.0, ""observable"": ""Z"", ""projector_fidelity"": 1.0, ""target_theta"": 0.0}, ""Alice_3"": {""angular_error"": 0.0, ""implemented_theta"": 0.7853981633974483, ""observable"": ""X"", ""projector_fidelity"": 1.0, ""target_theta"": 0.7853981633974483}, ""Bob_0"": {""angular_error"": 0.39269908169872414, ""implemented_theta"": 0.0, ""observable"": ""Z"", ""projector_fidelity"": 0.8535533905932737, ""target_theta"": 0.39269908169872414}, ""Bob_1"": {""angular_error"": 0.39269908169872414, ""implemented_theta"": 0.0, ""observable"": ""Z"", ""projector_fidelity"": 0.8535533905932737, ""target_theta"": -0.39269908169872414}, ""Bob_2"": {""angular_error"": 0.39269908169872414, ""implemented_theta"": 0.0, ""observable"": ""Z"", ""projector_fidelity"": 0.8535533905932737, ""target_theta"": 0.39269908169872414}, ""Bob_3"": {""angular_error"": 0.39269908169872414, ""implemented_theta"": 0.0, ""observable"": ""Z"", ""projector_fidelity"": 0.8535533905932737, ""target_theta"": -0.39269908169872414}}, ""player_grid_count"": 2, ""qubits_per_player_grid"": 200, ""synthetic_scaling_point"": false, ""systems_per_player"": 200, ""tableau_array_bytes_per_player"": 160400, ""transpiled_gates"": ""qutrit X -> X(q0), CX(q0,q1), CX(q1,q0); invalid 11 fixed"", ""workload_seed_derivation"": ""SnaQ3-v2 master/n/repetition streams"", ""workload_sha256"": ""4db1351ba22eef54bd91115d4d07ba64092dc8ccf5514894f426ea6781be66d2""}"
qubit_tableau_transpiled,10,100,200,12,20260930,4,0.0015906260014162399,COMPLETED,,False,,1283200,34359738368,21600.0,1.0.1,"{""bell_backend"": ""QuickQudits Tableau d=2; same Clifford Bell observables as qutrit_tableau_clifford"", ""dense_statevector"": false, ""encoding"": {""0"": ""00"", ""1"": ""01"", ""2"": ""10"", ""invalid"": ""11""}, ""grid_backend"": ""two full QuickQudits Tableau d=2 registers, 2m qubits each"", ""movement_backend"": ""QuickQudits Tableau d=2; H and S only"", ""observable_mapping"": {""Alice_0"": {""angular_error"": 0.0, ""implemented_theta"": 0.0, ""observable"": ""Z"", ""projector_fidelity"": 1.0, ""target_theta"": 0.0}, ""Alice_1"": {""angular_error"": 0.0, ""implemented_theta"": 0.7853981633974483, ""observable"": ""X"", ""projector_fidelity"": 1.0, ""target_theta"": 0.7853981633974483}, ""Alice_2"": {""angular_error"": 0.0, ""implemented_theta"": 0.0, ""observable"": ""Z"", ""projector_fidelity"": 1.0, ""target_theta"": 0.0}, ""Alice_3"": {""angular_error"": 0.0, ""implemented_theta"": 0.7853981633974483, ""observable"": ""X"", ""projector_fidelity"": 1.0, ""target_theta"": 0.7853981633974483}, ""Bob_0"": {""angular_error"": 0.39269908169872414, ""implemented_theta"": 0.0, ""observable"": ""Z"", ""projector_fidelity"": 0.8535533905932737, ""target_theta"": 0.39269908169872414}, ""Bob_1"": {""angular_error"": 0.39269908169872414, ""implemented_theta"": 0.0, ""observable"": ""Z"", ""projector_fidelity"": 0.8535533905932737, ""target_theta"": -0.39269908169872414}, ""Bob_2"": {""angular_error"": 0.39269908169872414, ""implemented_theta"": 0.0, ""observable"": ""Z"", ""projector_fidelity"": 0.8535533905932737, ""target_theta"": 0.39269908169872414}, ""Bob_3"": {""angular_error"": 0.39269908169872414, ""implemented_theta"": 0.0, ""observable"": ""Z"", ""projector_fidelity"": 0.8535533905932737, ""target_theta"": -0.39269908169872414}}, ""player_grid_count"": 2, ""qubits_per_player_grid"": 200, ""synthetic_scaling_point"": false, ""systems_per_player"": 200, ""tableau_array_bytes_per_player"": 160400, ""transpiled_gates"": ""qutrit X -> X(q0), CX(q0,q1), CX(q1,q0); invalid 11 fixed"", ""workload_seed_derivation"": ""SnaQ3-v2 master/n/repetition streams"", ""workload_sha256"": ""b6f9b49d3bc9395ae0ac08dbed71e4dd7524f24ae6a61e240dde11d56076c776""}"
qubit_tableau_transpiled,10,100,200,13,20260930,4,0.0015353150010923855,COMPLETED,,False,,1283200,34359738368,21600.0,1.0.1,"{""bell_backend"": ""QuickQudits Tableau d=2; same Clifford Bell observables as qutrit_tableau_clifford"", ""dense_statevector"": false, ""encoding"": {""0"": ""00"", ""1"": ""01"", ""2"": ""10"", ""invalid"": ""11""}, ""grid_backend"": ""two full QuickQudits Tableau d=2 registers, 2m qubits each"", ""movement_backend"": ""QuickQudits Tableau d=2; H and S only"", ""observable_mapping"": {""Alice_0"": {""angular_error"": 0.0, ""implemented_theta"": 0.0, ""observable"": ""Z"", ""projector_fidelity"": 1.0, ""target_theta"": 0.0}, ""Alice_1"": {""angular_error"": 0.0, ""implemented_theta"": 0.7853981633974483, ""observable"": ""X"", ""projector_fidelity"": 1.0, ""target_theta"": 0.7853981633974483}, ""Alice_2"": {""angular_error"": 0.0, ""implemented_theta"": 0.0, ""observable"": ""Z"", ""projector_fidelity"": 1.0, ""target_theta"": 0.0}, ""Alice_3"": {""angular_error"": 0.0, ""implemented_theta"": 0.7853981633974483, ""observable"": ""X"", ""projector_fidelity"": 1.0, ""target_theta"": 0.7853981633974483}, ""Bob_0"": {""angular_error"": 0.39269908169872414, ""implemented_theta"": 0.0, ""observable"": ""Z"", ""projector_fidelity"": 0.8535533905932737, ""target_theta"": 0.39269908169872414}, ""Bob_1"": {""angular_error"": 0.39269908169872414, ""implemented_theta"": 0.0, ""observable"": ""Z"", ""projector_fidelity"": 0.8535533905932737, ""target_theta"": -0.39269908169872414}, ""Bob_2"": {""angular_error"": 0.39269908169872414, ""implemented_theta"": 0.0, ""observable"": ""Z"", ""projector_fidelity"": 0.8535533905932737, ""target_theta"": 0.39269908169872414}, ""Bob_3"": {""angular_error"": 0.39269908169872414, ""implemented_theta"": 0.0, ""observable"": ""Z"", ""projector_fidelity"": 0.8535533905932737, ""target_theta"": -0.39269908169872414}}, ""player_grid_count"": 2, ""qubits_per_player_grid"": 200, ""synthetic_scaling_point"": false, ""systems_per_player"": 200, ""tableau_array_bytes_per_player"": 160400, ""transpiled_gates"": ""qutrit X -> X(q0), CX(q0,q1), CX(q1,q0); invalid 11 fixed"", ""workload_seed_derivation"": ""SnaQ3-v2 master/n/repetition streams"", ""workload_sha256"": ""3c587c6f81f29a7ef5b5d940a39fe1e90e78214d52fdb7f73df987e799de9349""}"
qubit_tableau_transpiled,10,100,200,14,20260930,4,0.001782305997039657,COMPLETED,,False,,1283200,34359738368,21600.0,1.0.1,"{""bell_backend"": ""QuickQudits Tableau d=2; same Clifford Bell observables as qutrit_tableau_clifford"", ""dense_statevector"": false, ""encoding"": {""0"": ""00"", ""1"": ""01"", ""2"": ""10"", ""invalid"": ""11""}, ""grid_backend"": ""two full QuickQudits Tableau d=2 registers, 2m qubits each"", ""movement_backend"": ""QuickQudits Tableau d=2; H and S only"", ""observable_mapping"": {""Alice_0"": {""angular_error"": 0.0, ""implemented_theta"": 0.0, ""observable"": ""Z"", ""projector_fidelity"": 1.0, ""target_theta"": 0.0}, ""Alice_1"": {""angular_error"": 0.0, ""implemented_theta"": 0.7853981633974483, ""observable"": ""X"", ""projector_fidelity"": 1.0, ""target_theta"": 0.7853981633974483}, ""Alice_2"": {""angular_error"": 0.0, ""implemented_theta"": 0.0, ""observable"": ""Z"", ""projector_fidelity"": 1.0, ""target_theta"": 0.0}, ""Alice_3"": {""angular_error"": 0.0, ""implemented_theta"": 0.7853981633974483, ""observable"": ""X"", ""projector_fidelity"": 1.0, ""target_theta"": 0.7853981633974483}, ""Bob_0"": {""angular_error"": 0.39269908169872414, ""implemented_theta"": 0.0, ""observable"": ""Z"", ""projector_fidelity"": 0.8535533905932737, ""target_theta"": 0.39269908169872414}, ""Bob_1"": {""angular_error"": 0.39269908169872414, ""implemented_theta"": 0.0, ""observable"": ""Z"", ""projector_fidelity"": 0.8535533905932737, ""target_theta"": -0.39269908169872414}, ""Bob_2"": {""angular_error"": 0.39269908169872414, ""implemented_theta"": 0.0, ""observable"": ""Z"", ""projector_fidelity"": 0.8535533905932737, ""target_theta"": 0.39269908169872414}, ""Bob_3"": {""angular_error"": 0.39269908169872414, ""implemented_theta"": 0.0, ""observable"": ""Z"", ""projector_fidelity"": 0.8535533905932737, ""target_theta"": -0.39269908169872414}}, ""player_grid_count"": 2, ""qubits_per_player_grid"": 200, ""synthetic_scaling_point"": false, ""systems_per_player"": 200, ""tableau_array_bytes_per_player"": 160400, ""transpiled_gates"": ""qutrit X -> X(q0), CX(q0,q1), CX(q1,q0); invalid 11 fixed"", ""workload_seed_derivation"": ""SnaQ3-v2 master/n/repetition streams"", ""workload_sha256"": ""188443ad832302e0961783ac308bd5f858d32394acacc7d385d7e1e854971cb5""}"
qubit_tableau_transpiled,10,100,200,15,20260930,4,0.0014839379946351983,COMPLETED,,False,,1283200,34359738368,21600.0,1.0.1,"{""bell_backend"": ""QuickQudits Tableau d=2; same Clifford Bell observables as qutrit_tableau_clifford"", ""dense_statevector"": false, ""encoding"": {""0"": ""00"", ""1"": ""01"", ""2"": ""10"", ""invalid"": ""11""}, ""grid_backend"": ""two full QuickQudits Tableau d=2 registers, 2m qubits each"", ""movement_backend"": ""QuickQudits Tableau d=2; H and S only"", ""observable_mapping"": {""Alice_0"": {""angular_error"": 0.0, ""implemented_theta"": 0.0, ""observable"": ""Z"", ""projector_fidelity"": 1.0, ""target_theta"": 0.0}, ""Alice_1"": {""angular_error"": 0.0, ""implemented_theta"": 0.7853981633974483, ""observable"": ""X"", ""projector_fidelity"": 1.0, ""target_theta"": 0.7853981633974483}, ""Alice_2"": {""angular_error"": 0.0, ""implemented_theta"": 0.0, ""observable"": ""Z"", ""projector_fidelity"": 1.0, ""target_theta"": 0.0}, ""Alice_3"": {""angular_error"": 0.0, ""implemented_theta"": 0.7853981633974483, ""observable"": ""X"", ""projector_fidelity"": 1.0, ""target_theta"": 0.7853981633974483}, ""Bob_0"": {""angular_error"": 0.39269908169872414, ""implemented_theta"": 0.0, ""observable"": ""Z"", ""projector_fidelity"": 0.8535533905932737, ""target_theta"": 0.39269908169872414}, ""Bob_1"": {""angular_error"": 0.39269908169872414, ""implemented_theta"": 0.0, ""observable"": ""Z"", ""projector_fidelity"": 0.8535533905932737, ""target_theta"": -0.39269908169872414}, ""Bob_2"": {""angular_error"": 0.39269908169872414, ""implemented_theta"": 0.0, ""observable"": ""Z"", ""projector_fidelity"": 0.8535533905932737, ""target_theta"": 0.39269908169872414}, ""Bob_3"": {""angular_error"": 0.39269908169872414, ""implemented_theta"": 0.0, ""observable"": ""Z"", ""projector_fidelity"": 0.8535533905932737, ""target_theta"": -0.39269908169872414}}, ""player_grid_count"": 2, ""qubits_per_player_grid"": 200, ""synthetic_scaling_point"": false, ""systems_per_player"": 200, ""tableau_array_bytes_per_player"": 160400, ""transpiled_gates"": ""qutrit X -> X(q0), CX(q0,q1), CX(q1,q0); invalid 11 fixed"", ""workload_seed_derivation"": ""SnaQ3-v2 master/n/repetition streams"", ""workload_sha256"": ""8471e6282645cc139b3bbaa1fe904ff689cb7fc54a8f5c00cb68edb991dca2f2""}"
qubit_tableau_transpiled,10,100,200,16,20260930,4,0.001681589004874695,COMPLETED,,False,,1283200,34359738368,21600.0,1.0.1,"{""bell_backend"": ""QuickQudits Tableau d=2; same Clifford Bell observables as qutrit_tableau_clifford"", ""dense_statevector"": false, ""encoding"": {""0"": ""00"", ""1"": ""01"", ""2"": ""10"", ""invalid"": ""11""}, ""grid_backend"": ""two full QuickQudits Tableau d=2 registers, 2m qubits each"", ""movement_backend"": ""QuickQudits Tableau d=2; H and S only"", ""observable_mapping"": {""Alice_0"": {""angular_error"": 0.0, ""implemented_theta"": 0.0, ""observable"": ""Z"", ""projector_fidelity"": 1.0, ""target_theta"": 0.0}, ""Alice_1"": {""angular_error"": 0.0, ""implemented_theta"": 0.7853981633974483, ""observable"": ""X"", ""projector_fidelity"": 1.0, ""target_theta"": 0.7853981633974483}, ""Alice_2"": {""angular_error"": 0.0, ""implemented_theta"": 0.0, ""observable"": ""Z"", ""projector_fidelity"": 1.0, ""target_theta"": 0.0}, ""Alice_3"": {""angular_error"": 0.0, ""implemented_theta"": 0.7853981633974483, ""observable"": ""X"", ""projector_fidelity"": 1.0, ""target_theta"": 0.7853981633974483}, ""Bob_0"": {""angular_error"": 0.39269908169872414, ""implemented_theta"": 0.0, ""observable"": ""Z"", ""projector_fidelity"": 0.8535533905932737, ""target_theta"": 0.39269908169872414}, ""Bob_1"": {""angular_error"": 0.39269908169872414, ""implemented_theta"": 0.0, ""observable"": ""Z"", ""projector_fidelity"": 0.8535533905932737, ""target_theta"": -0.39269908169872414}, ""Bob_2"": {""angular_error"": 0.39269908169872414, ""implemented_theta"": 0.0, ""observable"": ""Z"", ""projector_fidelity"": 0.8535533905932737, ""target_theta"": 0.39269908169872414}, ""Bob_3"": {""angular_error"": 0.39269908169872414, ""implemented_theta"": 0.0, ""observable"": ""Z"", ""projector_fidelity"": 0.8535533905932737, ""target_theta"": -0.39269908169872414}}, ""player_grid_count"": 2, ""qubits_per_player_grid"": 200, ""synthetic_scaling_point"": false, ""systems_per_player"": 200, ""tableau_array_bytes_per_player"": 160400, ""transpiled_gates"": ""qutrit X -> X(q0), CX(q0,q1), CX(q1,q0); invalid 11 fixed"", ""workload_seed_derivation"": ""SnaQ3-v2 master/n/repetition streams"", ""workload_sha256"": ""a544c6cfc5d30d03362819ddf73c292090ef9c041ef8e8a7dd90ad025d520d68""}"
qubit_tableau_transpiled,10,100,200,17,20260930,4,0.0017187460034620017,COMPLETED,,False,,1283200,34359738368,21600.0,1.0.1,"{""bell_backend"": ""QuickQudits Tableau d=2; same Clifford Bell observables as qutrit_tableau_clifford"", ""dense_statevector"": false, ""encoding"": {""0"": ""00"", ""1"": ""01"", ""2"": ""10"", ""invalid"": ""11""}, ""grid_backend"": ""two full QuickQudits Tableau d=2 registers, 2m qubits each"", ""movement_backend"": ""QuickQudits Tableau d=2; H and S only"", ""observable_mapping"": {""Alice_0"": {""angular_error"": 0.0, ""implemented_theta"": 0.0, ""observable"": ""Z"", ""projector_fidelity"": 1.0, ""target_theta"": 0.0}, ""Alice_1"": {""angular_error"": 0.0, ""implemented_theta"": 0.7853981633974483, ""observable"": ""X"", ""projector_fidelity"": 1.0, ""target_theta"": 0.7853981633974483}, ""Alice_2"": {""angular_error"": 0.0, ""implemented_theta"": 0.0, ""observable"": ""Z"", ""projector_fidelity"": 1.0, ""target_theta"": 0.0}, ""Alice_3"": {""angular_error"": 0.0, ""implemented_theta"": 0.7853981633974483, ""observable"": ""X"", ""projector_fidelity"": 1.0, ""target_theta"": 0.7853981633974483}, ""Bob_0"": {""angular_error"": 0.39269908169872414, ""implemented_theta"": 0.0, ""observable"": ""Z"", ""projector_fidelity"": 0.8535533905932737, ""target_theta"": 0.39269908169872414}, ""Bob_1"": {""angular_error"": 0.39269908169872414, ""implemented_theta"": 0.0, ""observable"": ""Z"", ""projector_fidelity"": 0.8535533905932737, ""target_theta"": -0.39269908169872414}, ""Bob_2"": {""angular_error"": 0.39269908169872414, ""implemented_theta"": 0.0, ""observable"": ""Z"", ""projector_fidelity"": 0.8535533905932737, ""target_theta"": 0.39269908169872414}, ""Bob_3"": {""angular_error"": 0.39269908169872414, ""implemented_theta"": 0.0, ""observable"": ""Z"", ""projector_fidelity"": 0.8535533905932737, ""target_theta"": -0.39269908169872414}}, ""player_grid_count"": 2, ""qubits_per_player_grid"": 200, ""synthetic_scaling_point"": false, ""systems_per_player"": 200, ""tableau_array_bytes_per_player"": 160400, ""transpiled_gates"": ""qutrit X -> X(q0), CX(q0,q1), CX(q1,q0); invalid 11 fixed"", ""workload_seed_derivation"": ""SnaQ3-v2 master/n/repetition streams"", ""workload_sha256"": ""be4d53c5488e193633742d12a7f0202b3fb9ca58d52ebd7cd37cafe0f9465173""}"
qubit_tableau_transpiled,10,100,200,18,20260930,4,0.0016842530021676794,COMPLETED,,False,,1283200,34359738368,21600.0,1.0.1,"{""bell_backend"": ""QuickQudits Tableau d=2; same Clifford Bell observables as qutrit_tableau_clifford"", ""dense_statevector"": false, ""encoding"": {""0"": ""00"", ""1"": ""01"", ""2"": ""10"", ""invalid"": ""11""}, ""grid_backend"": ""two full QuickQudits Tableau d=2 registers, 2m qubits each"", ""movement_backend"": ""QuickQudits Tableau d=2; H and S only"", ""observable_mapping"": {""Alice_0"": {""angular_error"": 0.0, ""implemented_theta"": 0.0, ""observable"": ""Z"", ""projector_fidelity"": 1.0, ""target_theta"": 0.0}, ""Alice_1"": {""angular_error"": 0.0, ""implemented_theta"": 0.7853981633974483, ""observable"": ""X"", ""projector_fidelity"": 1.0, ""target_theta"": 0.7853981633974483}, ""Alice_2"": {""angular_error"": 0.0, ""implemented_theta"": 0.0, ""observable"": ""Z"", ""projector_fidelity"": 1.0, ""target_theta"": 0.0}, ""Alice_3"": {""angular_error"": 0.0, ""implemented_theta"": 0.7853981633974483, ""observable"": ""X"", ""projector_fidelity"": 1.0, ""target_theta"": 0.7853981633974483}, ""Bob_0"": {""angular_error"": 0.39269908169872414, ""implemented_theta"": 0.0, ""observable"": ""Z"", ""projector_fidelity"": 0.8535533905932737, ""target_theta"": 0.39269908169872414}, ""Bob_1"": {""angular_error"": 0.39269908169872414, ""implemented_theta"": 0.0, ""observable"": ""Z"", ""projector_fidelity"": 0.8535533905932737, ""target_theta"": -0.39269908169872414}, ""Bob_2"": {""angular_error"": 0.39269908169872414, ""implemented_theta"": 0.0, ""observable"": ""Z"", ""projector_fidelity"": 0.8535533905932737, ""target_theta"": 0.39269908169872414}, ""Bob_3"": {""angular_error"": 0.39269908169872414, ""implemented_theta"": 0.0, ""observable"": ""Z"", ""projector_fidelity"": 0.8535533905932737, ""target_theta"": -0.39269908169872414}}, ""player_grid_count"": 2, ""qubits_per_player_grid"": 200, ""synthetic_scaling_point"": false, ""systems_per_player"": 200, ""tableau_array_bytes_per_player"": 160400, ""transpiled_gates"": ""qutrit X -> X(q0), CX(q0,q1), CX(q1,q0); invalid 11 fixed"", ""workload_seed_derivation"": ""SnaQ3-v2 master/n/repetition streams"", ""workload_sha256"": ""54cabc22538c6b56e7761dfec9a0bce90f5349ab8e51309b7a79f2f888a88d8d""}"
qubit_tableau_transpiled,10,100,200,19,20260930,4,0.0016896930028451607,COMPLETED,,False,,1283200,34359738368,21600.0,1.0.1,"{""bell_backend"": ""QuickQudits Tableau d=2; same Clifford Bell observables as qutrit_tableau_clifford"", ""dense_statevector"": false, ""encoding"": {""0"": ""00"", ""1"": ""01"", ""2"": ""10"", ""invalid"": ""11""}, ""grid_backend"": ""two full QuickQudits Tableau d=2 registers, 2m qubits each"", ""movement_backend"": ""QuickQudits Tableau d=2; H and S only"", ""observable_mapping"": {""Alice_0"": {""angular_error"": 0.0, ""implemented_theta"": 0.0, ""observable"": ""Z"", ""projector_fidelity"": 1.0, ""target_theta"": 0.0}, ""Alice_1"": {""angular_error"": 0.0, ""implemented_theta"": 0.7853981633974483, ""observable"": ""X"", ""projector_fidelity"": 1.0, ""target_theta"": 0.7853981633974483}, ""Alice_2"": {""angular_error"": 0.0, ""implemented_theta"": 0.0, ""observable"": ""Z"", ""projector_fidelity"": 1.0, ""target_theta"": 0.0}, ""Alice_3"": {""angular_error"": 0.0, ""implemented_theta"": 0.7853981633974483, ""observable"": ""X"", ""projector_fidelity"": 1.0, ""target_theta"": 0.7853981633974483}, ""Bob_0"": {""angular_error"": 0.39269908169872414, ""implemented_theta"": 0.0, ""observable"": ""Z"", ""projector_fidelity"": 0.8535533905932737, ""target_theta"": 0.39269908169872414}, ""Bob_1"": {""angular_error"": 0.39269908169872414, ""implemented_theta"": 0.0, ""observable"": ""Z"", ""projector_fidelity"": 0.8535533905932737, ""target_theta"": -0.39269908169872414}, ""Bob_2"": {""angular_error"": 0.39269908169872414, ""implemented_theta"": 0.0, ""observable"": ""Z"", ""projector_fidelity"": 0.8535533905932737, ""target_theta"": 0.39269908169872414}, ""Bob_3"": {""angular_error"": 0.39269908169872414, ""implemented_theta"": 0.0, ""observable"": ""Z"", ""projector_fidelity"": 0.8535533905932737, ""target_theta"": -0.39269908169872414}}, ""player_grid_count"": 2, ""qubits_per_player_grid"": 200, ""synthetic_scaling_point"": false, ""systems_per_player"": 200, ""tableau_array_bytes_per_player"": 160400, ""transpiled_gates"": ""qutrit X -> X(q0), CX(q0,q1), CX(q1,q0); invalid 11 fixed"", ""workload_seed_derivation"": ""SnaQ3-v2 master/n/repetition streams"", ""workload_sha256"": ""a8713faddf23bbb1ec1ec8794cad70311c73ce02917a094282f014c09d204c03""}"
qutrit_tableau_clifford,20,400,400,0,20260930,4,0.00171237500035204,COMPLETED,,False,,5126400,34359738368,21600.0,1.0.1,"{""bell_backend"": ""QuickQudits Tableau d=2; H CX and Clifford observables"", ""grid_backend"": ""QuickQudits Tableau d=3; X only"", ""movement_backend"": ""QuickQudits Tableau d=2; H and S only"", ""observable_mapping"": {""Alice_0"": {""angular_error"": 0.0, ""implemented_theta"": 0.0, ""observable"": ""Z"", ""projector_fidelity"": 1.0, ""target_theta"": 0.0}, ""Alice_1"": {""angular_error"": 0.0, ""implemented_theta"": 0.7853981633974483, ""observable"": ""X"", ""projector_fidelity"": 1.0, ""target_theta"": 0.7853981633974483}, ""Alice_2"": {""angular_error"": 0.0, ""implemented_theta"": 0.0, ""observable"": ""Z"", ""projector_fidelity"": 1.0, ""target_theta"": 0.0}, ""Alice_3"": {""angular_error"": 0.0, ""implemented_theta"": 0.7853981633974483, ""observable"": ""X"", ""projector_fidelity"": 1.0, ""target_theta"": 0.7853981633974483}, ""Bob_0"": {""angular_error"": 0.39269908169872414, ""implemented_theta"": 0.0, ""observable"": ""Z"", ""projector_fidelity"": 0.8535533905932737, ""target_theta"": 0.39269908169872414}, ""Bob_1"": {""angular_error"": 0.39269908169872414, ""implemented_theta"": 0.0, ""observable"": ""Z"", ""projector_fidelity"": 0.8535533905932737, ""target_theta"": -0.39269908169872414}, ""Bob_2"": {""angular_error"": 0.39269908169872414, ""implemented_theta"": 0.0, ""observable"": ""Z"", ""projector_fidelity"": 0.8535533905932737, ""target_theta"": 0.39269908169872414}, ""Bob_3"": {""angular_error"": 0.39269908169872414, ""implemented_theta"": 0.0, ""observable"": ""Z"", ""projector_fidelity"": 0.8535533905932737, ""target_theta"": -0.39269908169872414}}, ""player_grid_count"": 2, ""synthetic_scaling_point"": false, ""systems_per_player"": 400, ""tableau_array_bytes_per_player"": 640800, ""workload_seed_derivation"": ""SnaQ3-v2 master/n/repetition streams"", ""workload_sha256"": ""7f54b81dfd5f55da0dd551a66d2dfdd442f3293dc140aa71caeff364d239e530""}"
qutrit_tableau_clifford,20,400,400,1,20260930,4,0.0019044739965465851,COMPLETED,,False,,5126400,34359738368,21600.0,1.0.1,"{""bell_backend"": ""QuickQudits Tableau d=2; H CX and Clifford observables"", ""grid_backend"": ""QuickQudits Tableau d=3; X only"", ""movement_backend"": ""QuickQudits Tableau d=2; H and S only"", ""observable_mapping"": {""Alice_0"": {""angular_error"": 0.0, ""implemented_theta"": 0.0, ""observable"": ""Z"", ""projector_fidelity"": 1.0, ""target_theta"": 0.0}, ""Alice_1"": {""angular_error"": 0.0, ""implemented_theta"": 0.7853981633974483, ""observable"": ""X"", ""projector_fidelity"": 1.0, ""target_theta"": 0.7853981633974483}, ""Alice_2"": {""angular_error"": 0.0, ""implemented_theta"": 0.0, ""observable"": ""Z"", ""projector_fidelity"": 1.0, ""target_theta"": 0.0}, ""Alice_3"": {""angular_error"": 0.0, ""implemented_theta"": 0.7853981633974483, ""observable"": ""X"", ""projector_fidelity"": 1.0, ""target_theta"": 0.7853981633974483}, ""Bob_0"": {""angular_error"": 0.39269908169872414, ""implemented_theta"": 0.0, ""observable"": ""Z"", ""projector_fidelity"": 0.8535533905932737, ""target_theta"": 0.39269908169872414}, ""Bob_1"": {""angular_error"": 0.39269908169872414, ""implemented_theta"": 0.0, ""observable"": ""Z"", ""projector_fidelity"": 0.8535533905932737, ""target_theta"": -0.39269908169872414}, ""Bob_2"": {""angular_error"": 0.39269908169872414, ""implemented_theta"": 0.0, ""observable"": ""Z"", ""projector_fidelity"": 0.8535533905932737, ""target_theta"": 0.39269908169872414}, ""Bob_3"": {""angular_error"": 0.39269908169872414, ""implemented_theta"": 0.0, ""observable"": ""Z"", ""projector_fidelity"": 0.8535533905932737, ""target_theta"": -0.39269908169872414}}, ""player_grid_count"": 2, ""synthetic_scaling_point"": false, ""systems_per_player"": 400, ""tableau_array_bytes_per_player"": 640800, ""workload_seed_derivation"": ""SnaQ3-v2 master/n/repetition streams"", ""workload_sha256"": ""06c1c9163ec3fc9e7919625a7177208aea16df838e6dbcfd3562ac41bf2ffd69""}"
qutrit_tableau_clifford,20,400,400,2,20260930,4,0.0015838780018384568,COMPLETED,,False,,5126400,34359738368,21600.0,1.0.1,"{""bell_backend"": ""QuickQudits Tableau d=2; H CX and Clifford observables"", ""grid_backend"": ""QuickQudits Tableau d=3; X only"", ""movement_backend"": ""QuickQudits Tableau d=2; H and S only"", ""observable_mapping"": {""Alice_0"": {""angular_error"": 0.0, ""implemented_theta"": 0.0, ""observable"": ""Z"", ""projector_fidelity"": 1.0, ""target_theta"": 0.0}, ""Alice_1"": {""angular_error"": 0.0, ""implemented_theta"": 0.7853981633974483, ""observable"": ""X"", ""projector_fidelity"": 1.0, ""target_theta"": 0.7853981633974483}, ""Alice_2"": {""angular_error"": 0.0, ""implemented_theta"": 0.0, ""observable"": ""Z"", ""projector_fidelity"": 1.0, ""target_theta"": 0.0}, ""Alice_3"": {""angular_error"": 0.0, ""implemented_theta"": 0.7853981633974483, ""observable"": ""X"", ""projector_fidelity"": 1.0, ""target_theta"": 0.7853981633974483}, ""Bob_0"": {""angular_error"": 0.39269908169872414, ""implemented_theta"": 0.0, ""observable"": ""Z"", ""projector_fidelity"": 0.8535533905932737, ""target_theta"": 0.39269908169872414}, ""Bob_1"": {""angular_error"": 0.39269908169872414, ""implemented_theta"": 0.0, ""observable"": ""Z"", ""projector_fidelity"": 0.8535533905932737, ""target_theta"": -0.39269908169872414}, ""Bob_2"": {""angular_error"": 0.39269908169872414, ""implemented_theta"": 0.0, ""observable"": ""Z"", ""projector_fidelity"": 0.8535533905932737, ""target_theta"": 0.39269908169872414}, ""Bob_3"": {""angular_error"": 0.39269908169872414, ""implemented_theta"": 0.0, ""observable"": ""Z"", ""projector_fidelity"": 0.8535533905932737, ""target_theta"": -0.39269908169872414}}, ""player_grid_count"": 2, ""synthetic_scaling_point"": false, ""systems_per_player"": 400, ""tableau_array_bytes_per_player"": 640800, ""workload_seed_derivation"": ""SnaQ3-v2 master/n/repetition streams"", ""workload_sha256"": ""0185270d04743bd5f98b2ddd4fa599c51a0eb9d171bfac454909e381816d537a""}"
qutrit_tableau_clifford,20,400,400,3,20260930,4,0.0017122680001193658,COMPLETED,,False,,5126400,34359738368,21600.0,1.0.1,"{""bell_backend"": ""QuickQudits Tableau d=2; H CX and Clifford observables"", ""grid_backend"": ""QuickQudits Tableau d=3; X only"", ""movement_backend"": ""QuickQudits Tableau d=2; H and S only"", ""observable_mapping"": {""Alice_0"": {""angular_error"": 0.0, ""implemented_theta"": 0.0, ""observable"": ""Z"", ""projector_fidelity"": 1.0, ""target_theta"": 0.0}, ""Alice_1"": {""angular_error"": 0.0, ""implemented_theta"": 0.7853981633974483, ""observable"": ""X"", ""projector_fidelity"": 1.0, ""target_theta"": 0.7853981633974483}, ""Alice_2"": {""angular_error"": 0.0, ""implemented_theta"": 0.0, ""observable"": ""Z"", ""projector_fidelity"": 1.0, ""target_theta"": 0.0}, ""Alice_3"": {""angular_error"": 0.0, ""implemented_theta"": 0.7853981633974483, ""observable"": ""X"", ""projector_fidelity"": 1.0, ""target_theta"": 0.7853981633974483}, ""Bob_0"": {""angular_error"": 0.39269908169872414, ""implemented_theta"": 0.0, ""observable"": ""Z"", ""projector_fidelity"": 0.8535533905932737, ""target_theta"": 0.39269908169872414}, ""Bob_1"": {""angular_error"": 0.39269908169872414, ""implemented_theta"": 0.0, ""observable"": ""Z"", ""projector_fidelity"": 0.8535533905932737, ""target_theta"": -0.39269908169872414}, ""Bob_2"": {""angular_error"": 0.39269908169872414, ""implemented_theta"": 0.0, ""observable"": ""Z"", ""projector_fidelity"": 0.8535533905932737, ""target_theta"": 0.39269908169872414}, ""Bob_3"": {""angular_error"": 0.39269908169872414, ""implemented_theta"": 0.0, ""observable"": ""Z"", ""projector_fidelity"": 0.8535533905932737, ""target_theta"": -0.39269908169872414}}, ""player_grid_count"": 2, ""synthetic_scaling_point"": false, ""systems_per_player"": 400, ""tableau_array_bytes_per_player"": 640800, ""workload_seed_derivation"": ""SnaQ3-v2 master/n/repetition streams"", ""workload_sha256"": ""615ecbb95555b9ba18c647cc28bc65b036e6bcce04fb2f6c6877be37bca6c17c""}"
qutrit_tableau_clifford,20,400,400,4,20260930,4,0.0017378229968016967,COMPLETED,,False,,5126400,34359738368,21600.0,1.0.1,"{""bell_backend"": ""QuickQudits Tableau d=2; H CX and Clifford observables"", ""grid_backend"": ""QuickQudits Tableau d=3; X only"", ""movement_backend"": ""QuickQudits Tableau d=2; H and S only"", ""observable_mapping"": {""Alice_0"": {""angular_error"": 0.0, ""implemented_theta"": 0.0, ""observable"": ""Z"", ""projector_fidelity"": 1.0, ""target_theta"": 0.0}, ""Alice_1"": {""angular_error"": 0.0, ""implemented_theta"": 0.7853981633974483, ""observable"": ""X"", ""projector_fidelity"": 1.0, ""target_theta"": 0.7853981633974483}, ""Alice_2"": {""angular_error"": 0.0, ""implemented_theta"": 0.0, ""observable"": ""Z"", ""projector_fidelity"": 1.0, ""target_theta"": 0.0}, ""Alice_3"": {""angular_error"": 0.0, ""implemented_theta"": 0.7853981633974483, ""observable"": ""X"", ""projector_fidelity"": 1.0, ""target_theta"": 0.7853981633974483}, ""Bob_0"": {""angular_error"": 0.39269908169872414, ""implemented_theta"": 0.0, ""observable"": ""Z"", ""projector_fidelity"": 0.8535533905932737, ""target_theta"": 0.39269908169872414}, ""Bob_1"": {""angular_error"": 0.39269908169872414, ""implemented_theta"": 0.0, ""observable"": ""Z"", ""projector_fidelity"": 0.8535533905932737, ""target_theta"": -0.39269908169872414}, ""Bob_2"": {""angular_error"": 0.39269908169872414, ""implemented_theta"": 0.0, ""observable"": ""Z"", ""projector_fidelity"": 0.8535533905932737, ""target_theta"": 0.39269908169872414}, ""Bob_3"": {""angular_error"": 0.39269908169872414, ""implemented_theta"": 0.0, ""observable"": ""Z"", ""projector_fidelity"": 0.8535533905932737, ""target_theta"": -0.39269908169872414}}, ""player_grid_count"": 2, ""synthetic_scaling_point"": false, ""systems_per_player"": 400, ""tableau_array_bytes_per_player"": 640800, ""workload_seed_derivation"": ""SnaQ3-v2 master/n/repetition streams"", ""workload_sha256"": ""f0dde46161536efca0e501ffc7d60ab0c5267a0a895af82fcf154118a7f3196a""}"
qutrit_tableau_clifford,20,400,400,5,20260930,4,0.002131730994733516,COMPLETED,,False,,5126400,34359738368,21600.0,1.0.1,"{""bell_backend"": ""QuickQudits Tableau d=2; H CX and Clifford observables"", ""grid_backend"": ""QuickQudits Tableau d=3; X only"", ""movement_backend"": ""QuickQudits Tableau d=2; H and S only"", ""observable_mapping"": {""Alice_0"": {""angular_error"": 0.0, ""implemented_theta"": 0.0, ""observable"": ""Z"", ""projector_fidelity"": 1.0, ""target_theta"": 0.0}, ""Alice_1"": {""angular_error"": 0.0, ""implemented_theta"": 0.7853981633974483, ""observable"": ""X"", ""projector_fidelity"": 1.0, ""target_theta"": 0.7853981633974483}, ""Alice_2"": {""angular_error"": 0.0, ""implemented_theta"": 0.0, ""observable"": ""Z"", ""projector_fidelity"": 1.0, ""target_theta"": 0.0}, ""Alice_3"": {""angular_error"": 0.0, ""implemented_theta"": 0.7853981633974483, ""observable"": ""X"", ""projector_fidelity"": 1.0, ""target_theta"": 0.7853981633974483}, ""Bob_0"": {""angular_error"": 0.39269908169872414, ""implemented_theta"": 0.0, ""observable"": ""Z"", ""projector_fidelity"": 0.8535533905932737, ""target_theta"": 0.39269908169872414}, ""Bob_1"": {""angular_error"": 0.39269908169872414, ""implemented_theta"": 0.0, ""observable"": ""Z"", ""projector_fidelity"": 0.8535533905932737, ""target_theta"": -0.39269908169872414}, ""Bob_2"": {""angular_error"": 0.39269908169872414, ""implemented_theta"": 0.0, ""observable"": ""Z"", ""projector_fidelity"": 0.8535533905932737, ""target_theta"": 0.39269908169872414}, ""Bob_3"": {""angular_error"": 0.39269908169872414, ""implemented_theta"": 0.0, ""observable"": ""Z"", ""projector_fidelity"": 0.8535533905932737, ""target_theta"": -0.39269908169872414}}, ""player_grid_count"": 2, ""synthetic_scaling_point"": false, ""systems_per_player"": 400, ""tableau_array_bytes_per_player"": 640800, ""workload_seed_derivation"": ""SnaQ3-v2 master/n/repetition streams"", ""workload_sha256"": ""9f1b95d11bedcace10bb3eb74f3a4e4d86a83b866c5c93b11c532f52fa1b1d2d""}"
qutrit_tableau_clifford,20,400,400,6,20260930,4,0.0015465649994439445,COMPLETED,,False,,5126400,34359738368,21600.0,1.0.1,"{""bell_backend"": ""QuickQudits Tableau d=2; H CX and Clifford observables"", ""grid_backend"": ""QuickQudits Tableau d=3; X only"", ""movement_backend"": ""QuickQudits Tableau d=2; H and S only"", ""observable_mapping"": {""Alice_0"": {""angular_error"": 0.0, ""implemented_theta"": 0.0, ""observable"": ""Z"", ""projector_fidelity"": 1.0, ""target_theta"": 0.0}, ""Alice_1"": {""angular_error"": 0.0, ""implemented_theta"": 0.7853981633974483, ""observable"": ""X"", ""projector_fidelity"": 1.0, ""target_theta"": 0.7853981633974483}, ""Alice_2"": {""angular_error"": 0.0, ""implemented_theta"": 0.0, ""observable"": ""Z"", ""projector_fidelity"": 1.0, ""target_theta"": 0.0}, ""Alice_3"": {""angular_error"": 0.0, ""implemented_theta"": 0.7853981633974483, ""observable"": ""X"", ""projector_fidelity"": 1.0, ""target_theta"": 0.7853981633974483}, ""Bob_0"": {""angular_error"": 0.39269908169872414, ""implemented_theta"": 0.0, ""observable"": ""Z"", ""projector_fidelity"": 0.8535533905932737, ""target_theta"": 0.39269908169872414}, ""Bob_1"": {""angular_error"": 0.39269908169872414, ""implemented_theta"": 0.0, ""observable"": ""Z"", ""projector_fidelity"": 0.8535533905932737, ""target_theta"": -0.39269908169872414}, ""Bob_2"": {""angular_error"": 0.39269908169872414, ""implemented_theta"": 0.0, ""observable"": ""Z"", ""projector_fidelity"": 0.8535533905932737, ""target_theta"": 0.39269908169872414}, ""Bob_3"": {""angular_error"": 0.39269908169872414, ""implemented_theta"": 0.0, ""observable"": ""Z"", ""projector_fidelity"": 0.8535533905932737, ""target_theta"": -0.39269908169872414}}, ""player_grid_count"": 2, ""synthetic_scaling_point"": false, ""systems_per_player"": 400, ""tableau_array_bytes_per_player"": 640800, ""workload_seed_derivation"": ""SnaQ3-v2 master/n/repetition streams"", ""workload_sha256"": ""d837dcc4f3656c70f026ddf5431ddcf217f8bdca22d7b76d94c40d873667d7aa""}"
qutrit_tableau_clifford,20,400,400,7,20260930,4,0.0017406059996574186,COMPLETED,,False,,5126400,34359738368,21600.0,1.0.1,"{""bell_backend"": ""QuickQudits Tableau d=2; H CX and Clifford observables"", ""grid_backend"": ""QuickQudits Tableau d=3; X only"", ""movement_backend"": ""QuickQudits Tableau d=2; H and S only"", ""observable_mapping"": {""Alice_0"": {""angular_error"": 0.0, ""implemented_theta"": 0.0, ""observable"": ""Z"", ""projector_fidelity"": 1.0, ""target_theta"": 0.0}, ""Alice_1"": {""angular_error"": 0.0, ""implemented_theta"": 0.7853981633974483, ""observable"": ""X"", ""projector_fidelity"": 1.0, ""target_theta"": 0.7853981633974483}, ""Alice_2"": {""angular_error"": 0.0, ""implemented_theta"": 0.0, ""observable"": ""Z"", ""projector_fidelity"": 1.0, ""target_theta"": 0.0}, ""Alice_3"": {""angular_error"": 0.0, ""implemented_theta"": 0.7853981633974483, ""observable"": ""X"", ""projector_fidelity"": 1.0, ""target_theta"": 0.7853981633974483}, ""Bob_0"": {""angular_error"": 0.39269908169872414, ""implemented_theta"": 0.0, ""observable"": ""Z"", ""projector_fidelity"": 0.8535533905932737, ""target_theta"": 0.39269908169872414}, ""Bob_1"": {""angular_error"": 0.39269908169872414, ""implemented_theta"": 0.0, ""observable"": ""Z"", ""projector_fidelity"": 0.8535533905932737, ""target_theta"": -0.39269908169872414}, ""Bob_2"": {""angular_error"": 0.39269908169872414, ""implemented_theta"": 0.0, ""observable"": ""Z"", ""projector_fidelity"": 0.8535533905932737, ""target_theta"": 0.39269908169872414}, ""Bob_3"": {""angular_error"": 0.39269908169872414, ""implemented_theta"": 0.0, ""observable"": ""Z"", ""projector_fidelity"": 0.8535533905932737, ""target_theta"": -0.39269908169872414}}, ""player_grid_count"": 2, ""synthetic_scaling_point"": false, ""systems_per_player"": 400, ""tableau_array_bytes_per_player"": 640800, ""workload_seed_derivation"": ""SnaQ3-v2 master/n/repetition streams"", ""workload_sha256"": ""359e5d8918a4ba813ca9146a48a49c213ebcdccfe838fc41691813ebb4bccfcd""}"
qutrit_tableau_clifford,20,400,400,8,20260930,4,0.001571759996295441,COMPLETED,,False,,5126400,34359738368,21600.0,1.0.1,"{""bell_backend"": ""QuickQudits Tableau d=2; H CX and Clifford observables"", ""grid_backend"": ""QuickQudits Tableau d=3; X only"", ""movement_backend"": ""QuickQudits Tableau d=2; H and S only"", ""observable_mapping"": {""Alice_0"": {""angular_error"": 0.0, ""implemented_theta"": 0.0, ""observable"": ""Z"", ""projector_fidelity"": 1.0, ""target_theta"": 0.0}, ""Alice_1"": {""angular_error"": 0.0, ""implemented_theta"": 0.7853981633974483, ""observable"": ""X"", ""projector_fidelity"": 1.0, ""target_theta"": 0.7853981633974483}, ""Alice_2"": {""angular_error"": 0.0, ""implemented_theta"": 0.0, ""observable"": ""Z"", ""projector_fidelity"": 1.0, ""target_theta"": 0.0}, ""Alice_3"": {""angular_error"": 0.0, ""implemented_theta"": 0.7853981633974483, ""observable"": ""X"", ""projector_fidelity"": 1.0, ""target_theta"": 0.7853981633974483}, ""Bob_0"": {""angular_error"": 0.39269908169872414, ""implemented_theta"": 0.0, ""observable"": ""Z"", ""projector_fidelity"": 0.8535533905932737, ""target_theta"": 0.39269908169872414}, ""Bob_1"": {""angular_error"": 0.39269908169872414, ""implemented_theta"": 0.0, ""observable"": ""Z"", ""projector_fidelity"": 0.8535533905932737, ""target_theta"": -0.39269908169872414}, ""Bob_2"": {""angular_error"": 0.39269908169872414, ""implemented_theta"": 0.0, ""observable"": ""Z"", ""projector_fidelity"": 0.8535533905932737, ""target_theta"": 0.39269908169872414}, ""Bob_3"": {""angular_error"": 0.39269908169872414, ""implemented_theta"": 0.0, ""observable"": ""Z"", ""projector_fidelity"": 0.8535533905932737, ""target_theta"": -0.39269908169872414}}, ""player_grid_count"": 2, ""synthetic_scaling_point"": false, ""systems_per_player"": 400, ""tableau_array_bytes_per_player"": 640800, ""workload_seed_derivation"": ""SnaQ3-v2 master/n/repetition streams"", ""workload_sha256"": ""95fbca6b876fedc97b31133047cc55435900011188cb03a9939a71c82caadf34""}"
qutrit_tableau_clifford,20,400,400,9,20260930,4,0.0016480379999848083,COMPLETED,,False,,5126400,34359738368,21600.0,1.0.1,"{""bell_backend"": ""QuickQudits Tableau d=2; H CX and Clifford observables"", ""grid_backend"": ""QuickQudits Tableau d=3; X only"", ""movement_backend"": ""QuickQudits Tableau d=2; H and S only"", ""observable_mapping"": {""Alice_0"": {""angular_error"": 0.0, ""implemented_theta"": 0.0, ""observable"": ""Z"", ""projector_fidelity"": 1.0, ""target_theta"": 0.0}, ""Alice_1"": {""angular_error"": 0.0, ""implemented_theta"": 0.7853981633974483, ""observable"": ""X"", ""projector_fidelity"": 1.0, ""target_theta"": 0.7853981633974483}, ""Alice_2"": {""angular_error"": 0.0, ""implemented_theta"": 0.0, ""observable"": ""Z"", ""projector_fidelity"": 1.0, ""target_theta"": 0.0}, ""Alice_3"": {""angular_error"": 0.0, ""implemented_theta"": 0.7853981633974483, ""observable"": ""X"", ""projector_fidelity"": 1.0, ""target_theta"": 0.7853981633974483}, ""Bob_0"": {""angular_error"": 0.39269908169872414, ""implemented_theta"": 0.0, ""observable"": ""Z"", ""projector_fidelity"": 0.8535533905932737, ""target_theta"": 0.39269908169872414}, ""Bob_1"": {""angular_error"": 0.39269908169872414, ""implemented_theta"": 0.0, ""observable"": ""Z"", ""projector_fidelity"": 0.8535533905932737, ""target_theta"": -0.39269908169872414}, ""Bob_2"": {""angular_error"": 0.39269908169872414, ""implemented_theta"": 0.0, ""observable"": ""Z"", ""projector_fidelity"": 0.8535533905932737, ""target_theta"": 0.39269908169872414}, ""Bob_3"": {""angular_error"": 0.39269908169872414, ""implemented_theta"": 0.0, ""observable"": ""Z"", ""projector_fidelity"": 0.8535533905932737, ""target_theta"": -0.39269908169872414}}, ""player_grid_count"": 2, ""synthetic_scaling_point"": false, ""systems_per_player"": 400, ""tableau_array_bytes_per_player"": 640800, ""workload_seed_derivation"": ""SnaQ3-v2 master/n/repetition streams"", ""workload_sha256"": ""adce0b2075e2a10fd3c6dd38ab55be80e873277cdc7fc0db6e5bcc0b425722c5""}"
qutrit_tableau_clifford,20,400,400,10,20260930,4,0.0018468509952072054,COMPLETED,,False,,5126400,34359738368,21600.0,1.0.1,"{""bell_backend"": ""QuickQudits Tableau d=2; H CX and Clifford observables"", ""grid_backend"": ""QuickQudits Tableau d=3; X only"", ""movement_backend"": ""QuickQudits Tableau d=2; H and S only"", ""observable_mapping"": {""Alice_0"": {""angular_error"": 0.0, ""implemented_theta"": 0.0, ""observable"": ""Z"", ""projector_fidelity"": 1.0, ""target_theta"": 0.0}, ""Alice_1"": {""angular_error"": 0.0, ""implemented_theta"": 0.7853981633974483, ""observable"": ""X"", ""projector_fidelity"": 1.0, ""target_theta"": 0.7853981633974483}, ""Alice_2"": {""angular_error"": 0.0, ""implemented_theta"": 0.0, ""observable"": ""Z"", ""projector_fidelity"": 1.0, ""target_theta"": 0.0}, ""Alice_3"": {""angular_error"": 0.0, ""implemented_theta"": 0.7853981633974483, ""observable"": ""X"", ""projector_fidelity"": 1.0, ""target_theta"": 0.7853981633974483}, ""Bob_0"": {""angular_error"": 0.39269908169872414, ""implemented_theta"": 0.0, ""observable"": ""Z"", ""projector_fidelity"": 0.8535533905932737, ""target_theta"": 0.39269908169872414}, ""Bob_1"": {""angular_error"": 0.39269908169872414, ""implemented_theta"": 0.0, ""observable"": ""Z"", ""projector_fidelity"": 0.8535533905932737, ""target_theta"": -0.39269908169872414}, ""Bob_2"": {""angular_error"": 0.39269908169872414, ""implemented_theta"": 0.0, ""observable"": ""Z"", ""projector_fidelity"": 0.8535533905932737, ""target_theta"": 0.39269908169872414}, ""Bob_3"": {""angular_error"": 0.39269908169872414, ""implemented_theta"": 0.0, ""observable"": ""Z"", ""projector_fidelity"": 0.8535533905932737, ""target_theta"": -0.39269908169872414}}, ""player_grid_count"": 2, ""synthetic_scaling_point"": false, ""systems_per_player"": 400, ""tableau_array_bytes_per_player"": 640800, ""workload_seed_derivation"": ""SnaQ3-v2 master/n/repetition streams"", ""workload_sha256"": ""961957201542068f4b8d80d8417e8625174faa10bc16673d24a2d98cd1bc463f""}"
qutrit_tableau_clifford,20,400,400,11,20260930,4,0.001818185999582056,COMPLETED,,False,,5126400,34359738368,21600.0,1.0.1,"{""bell_backend"": ""QuickQudits Tableau d=2; H CX and Clifford observables"", ""grid_backend"": ""QuickQudits Tableau d=3; X only"", ""movement_backend"": ""QuickQudits Tableau d=2; H and S only"", ""observable_mapping"": {""Alice_0"": {""angular_error"": 0.0, ""implemented_theta"": 0.0, ""observable"": ""Z"", ""projector_fidelity"": 1.0, ""target_theta"": 0.0}, ""Alice_1"": {""angular_error"": 0.0, ""implemented_theta"": 0.7853981633974483, ""observable"": ""X"", ""projector_fidelity"": 1.0, ""target_theta"": 0.7853981633974483}, ""Alice_2"": {""angular_error"": 0.0, ""implemented_theta"": 0.0, ""observable"": ""Z"", ""projector_fidelity"": 1.0, ""target_theta"": 0.0}, ""Alice_3"": {""angular_error"": 0.0, ""implemented_theta"": 0.7853981633974483, ""observable"": ""X"", ""projector_fidelity"": 1.0, ""target_theta"": 0.7853981633974483}, ""Bob_0"": {""angular_error"": 0.39269908169872414, ""implemented_theta"": 0.0, ""observable"": ""Z"", ""projector_fidelity"": 0.8535533905932737, ""target_theta"": 0.39269908169872414}, ""Bob_1"": {""angular_error"": 0.39269908169872414, ""implemented_theta"": 0.0, ""observable"": ""Z"", ""projector_fidelity"": 0.8535533905932737, ""target_theta"": -0.39269908169872414}, ""Bob_2"": {""angular_error"": 0.39269908169872414, ""implemented_theta"": 0.0, ""observable"": ""Z"", ""projector_fidelity"": 0.8535533905932737, ""target_theta"": 0.39269908169872414}, ""Bob_3"": {""angular_error"": 0.39269908169872414, ""implemented_theta"": 0.0, ""observable"": ""Z"", ""projector_fidelity"": 0.8535533905932737, ""target_theta"": -0.39269908169872414}}, ""player_grid_count"": 2, ""synthetic_scaling_point"": false, ""systems_per_player"": 400, ""tableau_array_bytes_per_player"": 640800, ""workload_seed_derivation"": ""SnaQ3-v2 master/n/repetition streams"", ""workload_sha256"": ""349b53766cfc5f0ae0cebaf44673b1c2f037d2d251469c68565b7ee0b108992a""}"
qutrit_tableau_clifford,20,400,400,12,20260930,4,0.0017690559980110265,COMPLETED,,False,,5126400,34359738368,21600.0,1.0.1,"{""bell_backend"": ""QuickQudits Tableau d=2; H CX and Clifford observables"", ""grid_backend"": ""QuickQudits Tableau d=3; X only"", ""movement_backend"": ""QuickQudits Tableau d=2; H and S only"", ""observable_mapping"": {""Alice_0"": {""angular_error"": 0.0, ""implemented_theta"": 0.0, ""observable"": ""Z"", ""projector_fidelity"": 1.0, ""target_theta"": 0.0}, ""Alice_1"": {""angular_error"": 0.0, ""implemented_theta"": 0.7853981633974483, ""observable"": ""X"", ""projector_fidelity"": 1.0, ""target_theta"": 0.7853981633974483}, ""Alice_2"": {""angular_error"": 0.0, ""implemented_theta"": 0.0, ""observable"": ""Z"", ""projector_fidelity"": 1.0, ""target_theta"": 0.0}, ""Alice_3"": {""angular_error"": 0.0, ""implemented_theta"": 0.7853981633974483, ""observable"": ""X"", ""projector_fidelity"": 1.0, ""target_theta"": 0.7853981633974483}, ""Bob_0"": {""angular_error"": 0.39269908169872414, ""implemented_theta"": 0.0, ""observable"": ""Z"", ""projector_fidelity"": 0.8535533905932737, ""target_theta"": 0.39269908169872414}, ""Bob_1"": {""angular_error"": 0.39269908169872414, ""implemented_theta"": 0.0, ""observable"": ""Z"", ""projector_fidelity"": 0.8535533905932737, ""target_theta"": -0.39269908169872414}, ""Bob_2"": {""angular_error"": 0.39269908169872414, ""implemented_theta"": 0.0, ""observable"": ""Z"", ""projector_fidelity"": 0.8535533905932737, ""target_theta"": 0.39269908169872414}, ""Bob_3"": {""angular_error"": 0.39269908169872414, ""implemented_theta"": 0.0, ""observable"": ""Z"", ""projector_fidelity"": 0.8535533905932737, ""target_theta"": -0.39269908169872414}}, ""player_grid_count"": 2, ""synthetic_scaling_point"": false, ""systems_per_player"": 400, ""tableau_array_bytes_per_player"": 640800, ""workload_seed_derivation"": ""SnaQ3-v2 master/n/repetition streams"", ""workload_sha256"": ""91d628820ff905bcaa86b8668f85730209a3cc422aec6d7208b7459f3749ee3b""}"
qutrit_tableau_clifford,20,400,400,13,20260930,4,0.0017926899963640608,COMPLETED,,False,,5126400,34359738368,21600.0,1.0.1,"{""bell_backend"": ""QuickQudits Tableau d=2; H CX and Clifford observables"", ""grid_backend"": ""QuickQudits Tableau d=3; X only"", ""movement_backend"": ""QuickQudits Tableau d=2; H and S only"", ""observable_mapping"": {""Alice_0"": {""angular_error"": 0.0, ""implemented_theta"": 0.0, ""observable"": ""Z"", ""projector_fidelity"": 1.0, ""target_theta"": 0.0}, ""Alice_1"": {""angular_error"": 0.0, ""implemented_theta"": 0.7853981633974483, ""observable"": ""X"", ""projector_fidelity"": 1.0, ""target_theta"": 0.7853981633974483}, ""Alice_2"": {""angular_error"": 0.0, ""implemented_theta"": 0.0, ""observable"": ""Z"", ""projector_fidelity"": 1.0, ""target_theta"": 0.0}, ""Alice_3"": {""angular_error"": 0.0, ""implemented_theta"": 0.7853981633974483, ""observable"": ""X"", ""projector_fidelity"": 1.0, ""target_theta"": 0.7853981633974483}, ""Bob_0"": {""angular_error"": 0.39269908169872414, ""implemented_theta"": 0.0, ""observable"": ""Z"", ""projector_fidelity"": 0.8535533905932737, ""target_theta"": 0.39269908169872414}, ""Bob_1"": {""angular_error"": 0.39269908169872414, ""implemented_theta"": 0.0, ""observable"": ""Z"", ""projector_fidelity"": 0.8535533905932737, ""target_theta"": -0.39269908169872414}, ""Bob_2"": {""angular_error"": 0.39269908169872414, ""implemented_theta"": 0.0, ""observable"": ""Z"", ""projector_fidelity"": 0.8535533905932737, ""target_theta"": 0.39269908169872414}, ""Bob_3"": {""angular_error"": 0.39269908169872414, ""implemented_theta"": 0.0, ""observable"": ""Z"", ""projector_fidelity"": 0.8535533905932737, ""target_theta"": -0.39269908169872414}}, ""player_grid_count"": 2, ""synthetic_scaling_point"": false, ""systems_per_player"": 400, ""tableau_array_bytes_per_player"": 640800, ""workload_seed_derivation"": ""SnaQ3-v2 master/n/repetition streams"", ""workload_sha256"": ""5621d54c2633d39202e64f9e6360fafde629741fa0a1ad25347a78468fea96fb""}"
qutrit_tableau_clifford,20,400,400,14,20260930,4,0.0037250019959174097,COMPLETED,,False,,5126400,34359738368,21600.0,1.0.1,"{""bell_backend"": ""QuickQudits Tableau d=2; H CX and Clifford observables"", ""grid_backend"": ""QuickQudits Tableau d=3; X only"", ""movement_backend"": ""QuickQudits Tableau d=2; H and S only"", ""observable_mapping"": {""Alice_0"": {""angular_error"": 0.0, ""implemented_theta"": 0.0, ""observable"": ""Z"", ""projector_fidelity"": 1.0, ""target_theta"": 0.0}, ""Alice_1"": {""angular_error"": 0.0, ""implemented_theta"": 0.7853981633974483, ""observable"": ""X"", ""projector_fidelity"": 1.0, ""target_theta"": 0.7853981633974483}, ""Alice_2"": {""angular_error"": 0.0, ""implemented_theta"": 0.0, ""observable"": ""Z"", ""projector_fidelity"": 1.0, ""target_theta"": 0.0}, ""Alice_3"": {""angular_error"": 0.0, ""implemented_theta"": 0.7853981633974483, ""observable"": ""X"", ""projector_fidelity"": 1.0, ""target_theta"": 0.7853981633974483}, ""Bob_0"": {""angular_error"": 0.39269908169872414, ""implemented_theta"": 0.0, ""observable"": ""Z"", ""projector_fidelity"": 0.8535533905932737, ""target_theta"": 0.39269908169872414}, ""Bob_1"": {""angular_error"": 0.39269908169872414, ""implemented_theta"": 0.0, ""observable"": ""Z"", ""projector_fidelity"": 0.8535533905932737, ""target_theta"": -0.39269908169872414}, ""Bob_2"": {""angular_error"": 0.39269908169872414, ""implemented_theta"": 0.0, ""observable"": ""Z"", ""projector_fidelity"": 0.8535533905932737, ""target_theta"": 0.39269908169872414}, ""Bob_3"": {""angular_error"": 0.39269908169872414, ""implemented_theta"": 0.0, ""observable"": ""Z"", ""projector_fidelity"": 0.8535533905932737, ""target_theta"": -0.39269908169872414}}, ""player_grid_count"": 2, ""synthetic_scaling_point"": false, ""systems_per_player"": 400, ""tableau_array_bytes_per_player"": 640800, ""workload_seed_derivation"": ""SnaQ3-v2 master/n/repetition streams"", ""workload_sha256"": ""8f85dae0de082bb110fcd47605824f8a4ee502507ecd23e848e67812657e9f43""}"
qutrit_tableau_clifford,20,400,400,15,20260930,4,0.0019180340023012832,COMPLETED,,False,,5126400,34359738368,21600.0,1.0.1,"{""bell_backend"": ""QuickQudits Tableau d=2; H CX and Clifford observables"", ""grid_backend"": ""QuickQudits Tableau d=3; X only"", ""movement_backend"": ""QuickQudits Tableau d=2; H and S only"", ""observable_mapping"": {""Alice_0"": {""angular_error"": 0.0, ""implemented_theta"": 0.0, ""observable"": ""Z"", ""projector_fidelity"": 1.0, ""target_theta"": 0.0}, ""Alice_1"": {""angular_error"": 0.0, ""implemented_theta"": 0.7853981633974483, ""observable"": ""X"", ""projector_fidelity"": 1.0, ""target_theta"": 0.7853981633974483}, ""Alice_2"": {""angular_error"": 0.0, ""implemented_theta"": 0.0, ""observable"": ""Z"", ""projector_fidelity"": 1.0, ""target_theta"": 0.0}, ""Alice_3"": {""angular_error"": 0.0, ""implemented_theta"": 0.7853981633974483, ""observable"": ""X"", ""projector_fidelity"": 1.0, ""target_theta"": 0.7853981633974483}, ""Bob_0"": {""angular_error"": 0.39269908169872414, ""implemented_theta"": 0.0, ""observable"": ""Z"", ""projector_fidelity"": 0.8535533905932737, ""target_theta"": 0.39269908169872414}, ""Bob_1"": {""angular_error"": 0.39269908169872414, ""implemented_theta"": 0.0, ""observable"": ""Z"", ""projector_fidelity"": 0.8535533905932737, ""target_theta"": -0.39269908169872414}, ""Bob_2"": {""angular_error"": 0.39269908169872414, ""implemented_theta"": 0.0, ""observable"": ""Z"", ""projector_fidelity"": 0.8535533905932737, ""target_theta"": 0.39269908169872414}, ""Bob_3"": {""angular_error"": 0.39269908169872414, ""implemented_theta"": 0.0, ""observable"": ""Z"", ""projector_fidelity"": 0.8535533905932737, ""target_theta"": -0.39269908169872414}}, ""player_grid_count"": 2, ""synthetic_scaling_point"": false, ""systems_per_player"": 400, ""tableau_array_bytes_per_player"": 640800, ""workload_seed_derivation"": ""SnaQ3-v2 master/n/repetition streams"", ""workload_sha256"": ""eb4dfa18ae227dd38bdd712dfab1b602473fbb6aa3012fc7d14067d351c54c61""}"
qutrit_tableau_clifford,20,400,400,16,20260930,4,0.0017803890004870482,COMPLETED,,False,,5126400,34359738368,21600.0,1.0.1,"{""bell_backend"": ""QuickQudits Tableau d=2; H CX and Clifford observables"", ""grid_backend"": ""QuickQudits Tableau d=3; X only"", ""movement_backend"": ""QuickQudits Tableau d=2; H and S only"", ""observable_mapping"": {""Alice_0"": {""angular_error"": 0.0, ""implemented_theta"": 0.0, ""observable"": ""Z"", ""projector_fidelity"": 1.0, ""target_theta"": 0.0}, ""Alice_1"": {""angular_error"": 0.0, ""implemented_theta"": 0.7853981633974483, ""observable"": ""X"", ""projector_fidelity"": 1.0, ""target_theta"": 0.7853981633974483}, ""Alice_2"": {""angular_error"": 0.0, ""implemented_theta"": 0.0, ""observable"": ""Z"", ""projector_fidelity"": 1.0, ""target_theta"": 0.0}, ""Alice_3"": {""angular_error"": 0.0, ""implemented_theta"": 0.7853981633974483, ""observable"": ""X"", ""projector_fidelity"": 1.0, ""target_theta"": 0.7853981633974483}, ""Bob_0"": {""angular_error"": 0.39269908169872414, ""implemented_theta"": 0.0, ""observable"": ""Z"", ""projector_fidelity"": 0.8535533905932737, ""target_theta"": 0.39269908169872414}, ""Bob_1"": {""angular_error"": 0.39269908169872414, ""implemented_theta"": 0.0, ""observable"": ""Z"", ""projector_fidelity"": 0.8535533905932737, ""target_theta"": -0.39269908169872414}, ""Bob_2"": {""angular_error"": 0.39269908169872414, ""implemented_theta"": 0.0, ""observable"": ""Z"", ""projector_fidelity"": 0.8535533905932737, ""target_theta"": 0.39269908169872414}, ""Bob_3"": {""angular_error"": 0.39269908169872414, ""implemented_theta"": 0.0, ""observable"": ""Z"", ""projector_fidelity"": 0.8535533905932737, ""target_theta"": -0.39269908169872414}}, ""player_grid_count"": 2, ""synthetic_scaling_point"": false, ""systems_per_player"": 400, ""tableau_array_bytes_per_player"": 640800, ""workload_seed_derivation"": ""SnaQ3-v2 master/n/repetition streams"", ""workload_sha256"": ""36ec19e45a4ed2aaa6ca00cdce1e97b39d169a355923d7e9a86abf3674cda64d""}"
qutrit_tableau_clifford,20,400,400,17,20260930,4,0.0020322380005382,COMPLETED,,False,,5126400,34359738368,21600.0,1.0.1,"{""bell_backend"": ""QuickQudits Tableau d=2; H CX and Clifford observables"", ""grid_backend"": ""QuickQudits Tableau d=3; X only"", ""movement_backend"": ""QuickQudits Tableau d=2; H and S only"", ""observable_mapping"": {""Alice_0"": {""angular_error"": 0.0, ""implemented_theta"": 0.0, ""observable"": ""Z"", ""projector_fidelity"": 1.0, ""target_theta"": 0.0}, ""Alice_1"": {""angular_error"": 0.0, ""implemented_theta"": 0.7853981633974483, ""observable"": ""X"", ""projector_fidelity"": 1.0, ""target_theta"": 0.7853981633974483}, ""Alice_2"": {""angular_error"": 0.0, ""implemented_theta"": 0.0, ""observable"": ""Z"", ""projector_fidelity"": 1.0, ""target_theta"": 0.0}, ""Alice_3"": {""angular_error"": 0.0, ""implemented_theta"": 0.7853981633974483, ""observable"": ""X"", ""projector_fidelity"": 1.0, ""target_theta"": 0.7853981633974483}, ""Bob_0"": {""angular_error"": 0.39269908169872414, ""implemented_theta"": 0.0, ""observable"": ""Z"", ""projector_fidelity"": 0.8535533905932737, ""target_theta"": 0.39269908169872414}, ""Bob_1"": {""angular_error"": 0.39269908169872414, ""implemented_theta"": 0.0, ""observable"": ""Z"", ""projector_fidelity"": 0.8535533905932737, ""target_theta"": -0.39269908169872414}, ""Bob_2"": {""angular_error"": 0.39269908169872414, ""implemented_theta"": 0.0, ""observable"": ""Z"", ""projector_fidelity"": 0.8535533905932737, ""target_theta"": 0.39269908169872414}, ""Bob_3"": {""angular_error"": 0.39269908169872414, ""implemented_theta"": 0.0, ""observable"": ""Z"", ""projector_fidelity"": 0.8535533905932737, ""target_theta"": -0.39269908169872414}}, ""player_grid_count"": 2, ""synthetic_scaling_point"": false, ""systems_per_player"": 400, ""tableau_array_bytes_per_player"": 640800, ""workload_seed_derivation"": ""SnaQ3-v2 master/n/repetition streams"", ""workload_sha256"": ""ebb3014274dc45b73b94845ffd2ac1a3b1bd77acb3a1ddd63ff55fb32e67cc98""}"
qutrit_tableau_clifford,20,400,400,18,20260930,4,0.001649985002586618,COMPLETED,,False,,5126400,34359738368,21600.0,1.0.1,"{""bell_backend"": ""QuickQudits Tableau d=2; H CX and Clifford observables"", ""grid_backend"": ""QuickQudits Tableau d=3; X only"", ""movement_backend"": ""QuickQudits Tableau d=2; H and S only"", ""observable_mapping"": {""Alice_0"": {""angular_error"": 0.0, ""implemented_theta"": 0.0, ""observable"": ""Z"", ""projector_fidelity"": 1.0, ""target_theta"": 0.0}, ""Alice_1"": {""angular_error"": 0.0, ""implemented_theta"": 0.7853981633974483, ""observable"": ""X"", ""projector_fidelity"": 1.0, ""target_theta"": 0.7853981633974483}, ""Alice_2"": {""angular_error"": 0.0, ""implemented_theta"": 0.0, ""observable"": ""Z"", ""projector_fidelity"": 1.0, ""target_theta"": 0.0}, ""Alice_3"": {""angular_error"": 0.0, ""implemented_theta"": 0.7853981633974483, ""observable"": ""X"", ""projector_fidelity"": 1.0, ""target_theta"": 0.7853981633974483}, ""Bob_0"": {""angular_error"": 0.39269908169872414, ""implemented_theta"": 0.0, ""observable"": ""Z"", ""projector_fidelity"": 0.8535533905932737, ""target_theta"": 0.39269908169872414}, ""Bob_1"": {""angular_error"": 0.39269908169872414, ""implemented_theta"": 0.0, ""observable"": ""Z"", ""projector_fidelity"": 0.8535533905932737, ""target_theta"": -0.39269908169872414}, ""Bob_2"": {""angular_error"": 0.39269908169872414, ""implemented_theta"": 0.0, ""observable"": ""Z"", ""projector_fidelity"": 0.8535533905932737, ""target_theta"": 0.39269908169872414}, ""Bob_3"": {""angular_error"": 0.39269908169872414, ""implemented_theta"": 0.0, ""observable"": ""Z"", ""projector_fidelity"": 0.8535533905932737, ""target_theta"": -0.39269908169872414}}, ""player_grid_count"": 2, ""synthetic_scaling_point"": false, ""systems_per_player"": 400, ""tableau_array_bytes_per_player"": 640800, ""workload_seed_derivation"": ""SnaQ3-v2 master/n/repetition streams"", ""workload_sha256"": ""f00ee7aced241ff68beeec506d73b957bf20d853f8d1791338790f5b194256af""}"
qutrit_tableau_clifford,20,400,400,19,20260930,4,0.0018862220022128895,COMPLETED,,False,,5126400,34359738368,21600.0,1.0.1,"{""bell_backend"": ""QuickQudits Tableau d=2; H CX and Clifford observables"", ""grid_backend"": ""QuickQudits Tableau d=3; X only"", ""movement_backend"": ""QuickQudits Tableau d=2; H and S only"", ""observable_mapping"": {""Alice_0"": {""angular_error"": 0.0, ""implemented_theta"": 0.0, ""observable"": ""Z"", ""projector_fidelity"": 1.0, ""target_theta"": 0.0}, ""Alice_1"": {""angular_error"": 0.0, ""implemented_theta"": 0.7853981633974483, ""observable"": ""X"", ""projector_fidelity"": 1.0, ""target_theta"": 0.7853981633974483}, ""Alice_2"": {""angular_error"": 0.0, ""implemented_theta"": 0.0, ""observable"": ""Z"", ""projector_fidelity"": 1.0, ""target_theta"": 0.0}, ""Alice_3"": {""angular_error"": 0.0, ""implemented_theta"": 0.7853981633974483, ""observable"": ""X"", ""projector_fidelity"": 1.0, ""target_theta"": 0.7853981633974483}, ""Bob_0"": {""angular_error"": 0.39269908169872414, ""implemented_theta"": 0.0, ""observable"": ""Z"", ""projector_fidelity"": 0.8535533905932737, ""target_theta"": 0.39269908169872414}, ""Bob_1"": {""angular_error"": 0.39269908169872414, ""implemented_theta"": 0.0, ""observable"": ""Z"", ""projector_fidelity"": 0.8535533905932737, ""target_theta"": -0.39269908169872414}, ""Bob_2"": {""angular_error"": 0.39269908169872414, ""implemented_theta"": 0.0, ""observable"": ""Z"", ""projector_fidelity"": 0.8535533905932737, ""target_theta"": 0.39269908169872414}, ""Bob_3"": {""angular_error"": 0.39269908169872414, ""implemented_theta"": 0.0, ""observable"": ""Z"", ""projector_fidelity"": 0.8535533905932737, ""target_theta"": -0.39269908169872414}}, ""player_grid_count"": 2, ""synthetic_scaling_point"": false, ""systems_per_player"": 400, ""tableau_array_bytes_per_player"": 640800, ""workload_seed_derivation"": ""SnaQ3-v2 master/n/repetition streams"", ""workload_sha256"": ""ab1dfd4907c4f0e4f1385a530f98e00bcff2ef3926b499b3a1b1666ac93ce599""}"
qubit_tableau_transpiled,20,400,800,0,20260930,4,0.004488378996029496,COMPLETED,,False,,20492800,34359738368,21600.0,1.0.1,"{""bell_backend"": ""QuickQudits Tableau d=2; same Clifford Bell observables as qutrit_tableau_clifford"", ""dense_statevector"": false, ""encoding"": {""0"": ""00"", ""1"": ""01"", ""2"": ""10"", ""invalid"": ""11""}, ""grid_backend"": ""two full QuickQudits Tableau d=2 registers, 2m qubits each"", ""movement_backend"": ""QuickQudits Tableau d=2; H and S only"", ""observable_mapping"": {""Alice_0"": {""angular_error"": 0.0, ""implemented_theta"": 0.0, ""observable"": ""Z"", ""projector_fidelity"": 1.0, ""target_theta"": 0.0}, ""Alice_1"": {""angular_error"": 0.0, ""implemented_theta"": 0.7853981633974483, ""observable"": ""X"", ""projector_fidelity"": 1.0, ""target_theta"": 0.7853981633974483}, ""Alice_2"": {""angular_error"": 0.0, ""implemented_theta"": 0.0, ""observable"": ""Z"", ""projector_fidelity"": 1.0, ""target_theta"": 0.0}, ""Alice_3"": {""angular_error"": 0.0, ""implemented_theta"": 0.7853981633974483, ""observable"": ""X"", ""projector_fidelity"": 1.0, ""target_theta"": 0.7853981633974483}, ""Bob_0"": {""angular_error"": 0.39269908169872414, ""implemented_theta"": 0.0, ""observable"": ""Z"", ""projector_fidelity"": 0.8535533905932737, ""target_theta"": 0.39269908169872414}, ""Bob_1"": {""angular_error"": 0.39269908169872414, ""implemented_theta"": 0.0, ""observable"": ""Z"", ""projector_fidelity"": 0.8535533905932737, ""target_theta"": -0.39269908169872414}, ""Bob_2"": {""angular_error"": 0.39269908169872414, ""implemented_theta"": 0.0, ""observable"": ""Z"", ""projector_fidelity"": 0.8535533905932737, ""target_theta"": 0.39269908169872414}, ""Bob_3"": {""angular_error"": 0.39269908169872414, ""implemented_theta"": 0.0, ""observable"": ""Z"", ""projector_fidelity"": 0.8535533905932737, ""target_theta"": -0.39269908169872414}}, ""player_grid_count"": 2, ""qubits_per_player_grid"": 800, ""synthetic_scaling_point"": false, ""systems_per_player"": 800, ""tableau_array_bytes_per_player"": 2561600, ""transpiled_gates"": ""qutrit X -> X(q0), CX(q0,q1), CX(q1,q0); invalid 11 fixed"", ""workload_seed_derivation"": ""SnaQ3-v2 master/n/repetition streams"", ""workload_sha256"": ""7f54b81dfd5f55da0dd551a66d2dfdd442f3293dc140aa71caeff364d239e530""}"
qubit_tableau_transpiled,20,400,800,1,20260930,4,0.004654413998650853,COMPLETED,,False,,20492800,34359738368,21600.0,1.0.1,"{""bell_backend"": ""QuickQudits Tableau d=2; same Clifford Bell observables as qutrit_tableau_clifford"", ""dense_statevector"": false, ""encoding"": {""0"": ""00"", ""1"": ""01"", ""2"": ""10"", ""invalid"": ""11""}, ""grid_backend"": ""two full QuickQudits Tableau d=2 registers, 2m qubits each"", ""movement_backend"": ""QuickQudits Tableau d=2; H and S only"", ""observable_mapping"": {""Alice_0"": {""angular_error"": 0.0, ""implemented_theta"": 0.0, ""observable"": ""Z"", ""projector_fidelity"": 1.0, ""target_theta"": 0.0}, ""Alice_1"": {""angular_error"": 0.0, ""implemented_theta"": 0.7853981633974483, ""observable"": ""X"", ""projector_fidelity"": 1.0, ""target_theta"": 0.7853981633974483}, ""Alice_2"": {""angular_error"": 0.0, ""implemented_theta"": 0.0, ""observable"": ""Z"", ""projector_fidelity"": 1.0, ""target_theta"": 0.0}, ""Alice_3"": {""angular_error"": 0.0, ""implemented_theta"": 0.7853981633974483, ""observable"": ""X"", ""projector_fidelity"": 1.0, ""target_theta"": 0.7853981633974483}, ""Bob_0"": {""angular_error"": 0.39269908169872414, ""implemented_theta"": 0.0, ""observable"": ""Z"", ""projector_fidelity"": 0.8535533905932737, ""target_theta"": 0.39269908169872414}, ""Bob_1"": {""angular_error"": 0.39269908169872414, ""implemented_theta"": 0.0, ""observable"": ""Z"", ""projector_fidelity"": 0.8535533905932737, ""target_theta"": -0.39269908169872414}, ""Bob_2"": {""angular_error"": 0.39269908169872414, ""implemented_theta"": 0.0, ""observable"": ""Z"", ""projector_fidelity"": 0.8535533905932737, ""target_theta"": 0.39269908169872414}, ""Bob_3"": {""angular_error"": 0.39269908169872414, ""implemented_theta"": 0.0, ""observable"": ""Z"", ""projector_fidelity"": 0.8535533905932737, ""target_theta"": -0.39269908169872414}}, ""player_grid_count"": 2, ""qubits_per_player_grid"": 800, ""synthetic_scaling_point"": false, ""systems_per_player"": 800, ""tableau_array_bytes_per_player"": 2561600, ""transpiled_gates"": ""qutrit X -> X(q0), CX(q0,q1), CX(q1,q0); invalid 11 fixed"", ""workload_seed_derivation"": ""SnaQ3-v2 master/n/repetition streams"", ""workload_sha256"": ""06c1c9163ec3fc9e7919625a7177208aea16df838e6dbcfd3562ac41bf2ffd69""}"
qubit_tableau_transpiled,20,400,800,2,20260930,4,0.00467668600322213,COMPLETED,,False,,20492800,34359738368,21600.0,1.0.1,"{""bell_backend"": ""QuickQudits Tableau d=2; same Clifford Bell observables as qutrit_tableau_clifford"", ""dense_statevector"": false, ""encoding"": {""0"": ""00"", ""1"": ""01"", ""2"": ""10"", ""invalid"": ""11""}, ""grid_backend"": ""two full QuickQudits Tableau d=2 registers, 2m qubits each"", ""movement_backend"": ""QuickQudits Tableau d=2; H and S only"", ""observable_mapping"": {""Alice_0"": {""angular_error"": 0.0, ""implemented_theta"": 0.0, ""observable"": ""Z"", ""projector_fidelity"": 1.0, ""target_theta"": 0.0}, ""Alice_1"": {""angular_error"": 0.0, ""implemented_theta"": 0.7853981633974483, ""observable"": ""X"", ""projector_fidelity"": 1.0, ""target_theta"": 0.7853981633974483}, ""Alice_2"": {""angular_error"": 0.0, ""implemented_theta"": 0.0, ""observable"": ""Z"", ""projector_fidelity"": 1.0, ""target_theta"": 0.0}, ""Alice_3"": {""angular_error"": 0.0, ""implemented_theta"": 0.7853981633974483, ""observable"": ""X"", ""projector_fidelity"": 1.0, ""target_theta"": 0.7853981633974483}, ""Bob_0"": {""angular_error"": 0.39269908169872414, ""implemented_theta"": 0.0, ""observable"": ""Z"", ""projector_fidelity"": 0.8535533905932737, ""target_theta"": 0.39269908169872414}, ""Bob_1"": {""angular_error"": 0.39269908169872414, ""implemented_theta"": 0.0, ""observable"": ""Z"", ""projector_fidelity"": 0.8535533905932737, ""target_theta"": -0.39269908169872414}, ""Bob_2"": {""angular_error"": 0.39269908169872414, ""implemented_theta"": 0.0, ""observable"": ""Z"", ""projector_fidelity"": 0.8535533905932737, ""target_theta"": 0.39269908169872414}, ""Bob_3"": {""angular_error"": 0.39269908169872414, ""implemented_theta"": 0.0, ""observable"": ""Z"", ""projector_fidelity"": 0.8535533905932737, ""target_theta"": -0.39269908169872414}}, ""player_grid_count"": 2, ""qubits_per_player_grid"": 800, ""synthetic_scaling_point"": false, ""systems_per_player"": 800, ""tableau_array_bytes_per_player"": 2561600, ""transpiled_gates"": ""qutrit X -> X(q0), CX(q0,q1), CX(q1,q0); invalid 11 fixed"", ""workload_seed_derivation"": ""SnaQ3-v2 master/n/repetition streams"", ""workload_sha256"": ""0185270d04743bd5f98b2ddd4fa599c51a0eb9d171bfac454909e381816d537a""}"
qubit_tableau_transpiled,20,400,800,3,20260930,4,0.004301016000681557,COMPLETED,,False,,20492800,34359738368,21600.0,1.0.1,"{""bell_backend"": ""QuickQudits Tableau d=2; same Clifford Bell observables as qutrit_tableau_clifford"", ""dense_statevector"": false, ""encoding"": {""0"": ""00"", ""1"": ""01"", ""2"": ""10"", ""invalid"": ""11""}, ""grid_backend"": ""two full QuickQudits Tableau d=2 registers, 2m qubits each"", ""movement_backend"": ""QuickQudits Tableau d=2; H and S only"", ""observable_mapping"": {""Alice_0"": {""angular_error"": 0.0, ""implemented_theta"": 0.0, ""observable"": ""Z"", ""projector_fidelity"": 1.0, ""target_theta"": 0.0}, ""Alice_1"": {""angular_error"": 0.0, ""implemented_theta"": 0.7853981633974483, ""observable"": ""X"", ""projector_fidelity"": 1.0, ""target_theta"": 0.7853981633974483}, ""Alice_2"": {""angular_error"": 0.0, ""implemented_theta"": 0.0, ""observable"": ""Z"", ""projector_fidelity"": 1.0, ""target_theta"": 0.0}, ""Alice_3"": {""angular_error"": 0.0, ""implemented_theta"": 0.7853981633974483, ""observable"": ""X"", ""projector_fidelity"": 1.0, ""target_theta"": 0.7853981633974483}, ""Bob_0"": {""angular_error"": 0.39269908169872414, ""implemented_theta"": 0.0, ""observable"": ""Z"", ""projector_fidelity"": 0.8535533905932737, ""target_theta"": 0.39269908169872414}, ""Bob_1"": {""angular_error"": 0.39269908169872414, ""implemented_theta"": 0.0, ""observable"": ""Z"", ""projector_fidelity"": 0.8535533905932737, ""target_theta"": -0.39269908169872414}, ""Bob_2"": {""angular_error"": 0.39269908169872414, ""implemented_theta"": 0.0, ""observable"": ""Z"", ""projector_fidelity"": 0.8535533905932737, ""target_theta"": 0.39269908169872414}, ""Bob_3"": {""angular_error"": 0.39269908169872414, ""implemented_theta"": 0.0, ""observable"": ""Z"", ""projector_fidelity"": 0.8535533905932737, ""target_theta"": -0.39269908169872414}}, ""player_grid_count"": 2, ""qubits_per_player_grid"": 800, ""synthetic_scaling_point"": false, ""systems_per_player"": 800, ""tableau_array_bytes_per_player"": 2561600, ""transpiled_gates"": ""qutrit X -> X(q0), CX(q0,q1), CX(q1,q0); invalid 11 fixed"", ""workload_seed_derivation"": ""SnaQ3-v2 master/n/repetition streams"", ""workload_sha256"": ""615ecbb95555b9ba18c647cc28bc65b036e6bcce04fb2f6c6877be37bca6c17c""}"
qubit_tableau_transpiled,20,400,800,4,20260930,4,0.004398567005409859,COMPLETED,,False,,20492800,34359738368,21600.0,1.0.1,"{""bell_backend"": ""QuickQudits Tableau d=2; same Clifford Bell observables as qutrit_tableau_clifford"", ""dense_statevector"": false, ""encoding"": {""0"": ""00"", ""1"": ""01"", ""2"": ""10"", ""invalid"": ""11""}, ""grid_backend"": ""two full QuickQudits Tableau d=2 registers, 2m qubits each"", ""movement_backend"": ""QuickQudits Tableau d=2; H and S only"", ""observable_mapping"": {""Alice_0"": {""angular_error"": 0.0, ""implemented_theta"": 0.0, ""observable"": ""Z"", ""projector_fidelity"": 1.0, ""target_theta"": 0.0}, ""Alice_1"": {""angular_error"": 0.0, ""implemented_theta"": 0.7853981633974483, ""observable"": ""X"", ""projector_fidelity"": 1.0, ""target_theta"": 0.7853981633974483}, ""Alice_2"": {""angular_error"": 0.0, ""implemented_theta"": 0.0, ""observable"": ""Z"", ""projector_fidelity"": 1.0, ""target_theta"": 0.0}, ""Alice_3"": {""angular_error"": 0.0, ""implemented_theta"": 0.7853981633974483, ""observable"": ""X"", ""projector_fidelity"": 1.0, ""target_theta"": 0.7853981633974483}, ""Bob_0"": {""angular_error"": 0.39269908169872414, ""implemented_theta"": 0.0, ""observable"": ""Z"", ""projector_fidelity"": 0.8535533905932737, ""target_theta"": 0.39269908169872414}, ""Bob_1"": {""angular_error"": 0.39269908169872414, ""implemented_theta"": 0.0, ""observable"": ""Z"", ""projector_fidelity"": 0.8535533905932737, ""target_theta"": -0.39269908169872414}, ""Bob_2"": {""angular_error"": 0.39269908169872414, ""implemented_theta"": 0.0, ""observable"": ""Z"", ""projector_fidelity"": 0.8535533905932737, ""target_theta"": 0.39269908169872414}, ""Bob_3"": {""angular_error"": 0.39269908169872414, ""implemented_theta"": 0.0, ""observable"": ""Z"", ""projector_fidelity"": 0.8535533905932737, ""target_theta"": -0.39269908169872414}}, ""player_grid_count"": 2, ""qubits_per_player_grid"": 800, ""synthetic_scaling_point"": false, ""systems_per_player"": 800, ""tableau_array_bytes_per_player"": 2561600, ""transpiled_gates"": ""qutrit X -> X(q0), CX(q0,q1), CX(q1,q0); invalid 11 fixed"", ""workload_seed_derivation"": ""SnaQ3-v2 master/n/repetition streams"", ""workload_sha256"": ""f0dde46161536efca0e501ffc7d60ab0c5267a0a895af82fcf154118a7f3196a""}"
qubit_tableau_transpiled,20,400,800,5,20260930,4,0.004693980001320597,COMPLETED,,False,,20492800,34359738368,21600.0,1.0.1,"{""bell_backend"": ""QuickQudits Tableau d=2; same Clifford Bell observables as qutrit_tableau_clifford"", ""dense_statevector"": false, ""encoding"": {""0"": ""00"", ""1"": ""01"", ""2"": ""10"", ""invalid"": ""11""}, ""grid_backend"": ""two full QuickQudits Tableau d=2 registers, 2m qubits each"", ""movement_backend"": ""QuickQudits Tableau d=2; H and S only"", ""observable_mapping"": {""Alice_0"": {""angular_error"": 0.0, ""implemented_theta"": 0.0, ""observable"": ""Z"", ""projector_fidelity"": 1.0, ""target_theta"": 0.0}, ""Alice_1"": {""angular_error"": 0.0, ""implemented_theta"": 0.7853981633974483, ""observable"": ""X"", ""projector_fidelity"": 1.0, ""target_theta"": 0.7853981633974483}, ""Alice_2"": {""angular_error"": 0.0, ""implemented_theta"": 0.0, ""observable"": ""Z"", ""projector_fidelity"": 1.0, ""target_theta"": 0.0}, ""Alice_3"": {""angular_error"": 0.0, ""implemented_theta"": 0.7853981633974483, ""observable"": ""X"", ""projector_fidelity"": 1.0, ""target_theta"": 0.7853981633974483}, ""Bob_0"": {""angular_error"": 0.39269908169872414, ""implemented_theta"": 0.0, ""observable"": ""Z"", ""projector_fidelity"": 0.8535533905932737, ""target_theta"": 0.39269908169872414}, ""Bob_1"": {""angular_error"": 0.39269908169872414, ""implemented_theta"": 0.0, ""observable"": ""Z"", ""projector_fidelity"": 0.8535533905932737, ""target_theta"": -0.39269908169872414}, ""Bob_2"": {""angular_error"": 0.39269908169872414, ""implemented_theta"": 0.0, ""observable"": ""Z"", ""projector_fidelity"": 0.8535533905932737, ""target_theta"": 0.39269908169872414}, ""Bob_3"": {""angular_error"": 0.39269908169872414, ""implemented_theta"": 0.0, ""observable"": ""Z"", ""projector_fidelity"": 0.8535533905932737, ""target_theta"": -0.39269908169872414}}, ""player_grid_count"": 2, ""qubits_per_player_grid"": 800, ""synthetic_scaling_point"": false, ""systems_per_player"": 800, ""tableau_array_bytes_per_player"": 2561600, ""transpiled_gates"": ""qutrit X -> X(q0), CX(q0,q1), CX(q1,q0); invalid 11 fixed"", ""workload_seed_derivation"": ""SnaQ3-v2 master/n/repetition streams"", ""workload_sha256"": ""9f1b95d11bedcace10bb3eb74f3a4e4d86a83b866c5c93b11c532f52fa1b1d2d""}"
qubit_tableau_transpiled,20,400,800,6,20260930,4,0.004467916005523875,COMPLETED,,False,,20492800,34359738368,21600.0,1.0.1,"{""bell_backend"": ""QuickQudits Tableau d=2; same Clifford Bell observables as qutrit_tableau_clifford"", ""dense_statevector"": false, ""encoding"": {""0"": ""00"", ""1"": ""01"", ""2"": ""10"", ""invalid"": ""11""}, ""grid_backend"": ""two full QuickQudits Tableau d=2 registers, 2m qubits each"", ""movement_backend"": ""QuickQudits Tableau d=2; H and S only"", ""observable_mapping"": {""Alice_0"": {""angular_error"": 0.0, ""implemented_theta"": 0.0, ""observable"": ""Z"", ""projector_fidelity"": 1.0, ""target_theta"": 0.0}, ""Alice_1"": {""angular_error"": 0.0, ""implemented_theta"": 0.7853981633974483, ""observable"": ""X"", ""projector_fidelity"": 1.0, ""target_theta"": 0.7853981633974483}, ""Alice_2"": {""angular_error"": 0.0, ""implemented_theta"": 0.0, ""observable"": ""Z"", ""projector_fidelity"": 1.0, ""target_theta"": 0.0}, ""Alice_3"": {""angular_error"": 0.0, ""implemented_theta"": 0.7853981633974483, ""observable"": ""X"", ""projector_fidelity"": 1.0, ""target_theta"": 0.7853981633974483}, ""Bob_0"": {""angular_error"": 0.39269908169872414, ""implemented_theta"": 0.0, ""observable"": ""Z"", ""projector_fidelity"": 0.8535533905932737, ""target_theta"": 0.39269908169872414}, ""Bob_1"": {""angular_error"": 0.39269908169872414, ""implemented_theta"": 0.0, ""observable"": ""Z"", ""projector_fidelity"": 0.8535533905932737, ""target_theta"": -0.39269908169872414}, ""Bob_2"": {""angular_error"": 0.39269908169872414, ""implemented_theta"": 0.0, ""observable"": ""Z"", ""projector_fidelity"": 0.8535533905932737, ""target_theta"": 0.39269908169872414}, ""Bob_3"": {""angular_error"": 0.39269908169872414, ""implemented_theta"": 0.0, ""observable"": ""Z"", ""projector_fidelity"": 0.8535533905932737, ""target_theta"": -0.39269908169872414}}, ""player_grid_count"": 2, ""qubits_per_player_grid"": 800, ""synthetic_scaling_point"": false, ""systems_per_player"": 800, ""tableau_array_bytes_per_player"": 2561600, ""transpiled_gates"": ""qutrit X -> X(q0), CX(q0,q1), CX(q1,q0); invalid 11 fixed"", ""workload_seed_derivation"": ""SnaQ3-v2 master/n/repetition streams"", ""workload_sha256"": ""d837dcc4f3656c70f026ddf5431ddcf217f8bdca22d7b76d94c40d873667d7aa""}"
qubit_tableau_transpiled,20,400,800,7,20260930,4,0.0044547039942699485,COMPLETED,,False,,20492800,34359738368,21600.0,1.0.1,"{""bell_backend"": ""QuickQudits Tableau d=2; same Clifford Bell observables as qutrit_tableau_clifford"", ""dense_statevector"": false, ""encoding"": {""0"": ""00"", ""1"": ""01"", ""2"": ""10"", ""invalid"": ""11""}, ""grid_backend"": ""two full QuickQudits Tableau d=2 registers, 2m qubits each"", ""movement_backend"": ""QuickQudits Tableau d=2; H and S only"", ""observable_mapping"": {""Alice_0"": {""angular_error"": 0.0, ""implemented_theta"": 0.0, ""observable"": ""Z"", ""projector_fidelity"": 1.0, ""target_theta"": 0.0}, ""Alice_1"": {""angular_error"": 0.0, ""implemented_theta"": 0.7853981633974483, ""observable"": ""X"", ""projector_fidelity"": 1.0, ""target_theta"": 0.7853981633974483}, ""Alice_2"": {""angular_error"": 0.0, ""implemented_theta"": 0.0, ""observable"": ""Z"", ""projector_fidelity"": 1.0, ""target_theta"": 0.0}, ""Alice_3"": {""angular_error"": 0.0, ""implemented_theta"": 0.7853981633974483, ""observable"": ""X"", ""projector_fidelity"": 1.0, ""target_theta"": 0.7853981633974483}, ""Bob_0"": {""angular_error"": 0.39269908169872414, ""implemented_theta"": 0.0, ""observable"": ""Z"", ""projector_fidelity"": 0.8535533905932737, ""target_theta"": 0.39269908169872414}, ""Bob_1"": {""angular_error"": 0.39269908169872414, ""implemented_theta"": 0.0, ""observable"": ""Z"", ""projector_fidelity"": 0.8535533905932737, ""target_theta"": -0.39269908169872414}, ""Bob_2"": {""angular_error"": 0.39269908169872414, ""implemented_theta"": 0.0, ""observable"": ""Z"", ""projector_fidelity"": 0.8535533905932737, ""target_theta"": 0.39269908169872414}, ""Bob_3"": {""angular_error"": 0.39269908169872414, ""implemented_theta"": 0.0, ""observable"": ""Z"", ""projector_fidelity"": 0.8535533905932737, ""target_theta"": -0.39269908169872414}}, ""player_grid_count"": 2, ""qubits_per_player_grid"": 800, ""synthetic_scaling_point"": false, ""systems_per_player"": 800, ""tableau_array_bytes_per_player"": 2561600, ""transpiled_gates"": ""qutrit X -> X(q0), CX(q0,q1), CX(q1,q0); invalid 11 fixed"", ""workload_seed_derivation"": ""SnaQ3-v2 master/n/repetition streams"", ""workload_sha256"": ""359e5d8918a4ba813ca9146a48a49c213ebcdccfe838fc41691813ebb4bccfcd""}"
qubit_tableau_transpiled,20,400,800,8,20260930,4,0.005033120003645308,COMPLETED,,False,,20492800,34359738368,21600.0,1.0.1,"{""bell_backend"": ""QuickQudits Tableau d=2; same Clifford Bell observables as qutrit_tableau_clifford"", ""dense_statevector"": false, ""encoding"": {""0"": ""00"", ""1"": ""01"", ""2"": ""10"", ""invalid"": ""11""}, ""grid_backend"": ""two full QuickQudits Tableau d=2 registers, 2m qubits each"", ""movement_backend"": ""QuickQudits Tableau d=2; H and S only"", ""observable_mapping"": {""Alice_0"": {""angular_error"": 0.0, ""implemented_theta"": 0.0, ""observable"": ""Z"", ""projector_fidelity"": 1.0, ""target_theta"": 0.0}, ""Alice_1"": {""angular_error"": 0.0, ""implemented_theta"": 0.7853981633974483, ""observable"": ""X"", ""projector_fidelity"": 1.0, ""target_theta"": 0.7853981633974483}, ""Alice_2"": {""angular_error"": 0.0, ""implemented_theta"": 0.0, ""observable"": ""Z"", ""projector_fidelity"": 1.0, ""target_theta"": 0.0}, ""Alice_3"": {""angular_error"": 0.0, ""implemented_theta"": 0.7853981633974483, ""observable"": ""X"", ""projector_fidelity"": 1.0, ""target_theta"": 0.7853981633974483}, ""Bob_0"": {""angular_error"": 0.39269908169872414, ""implemented_theta"": 0.0, ""observable"": ""Z"", ""projector_fidelity"": 0.8535533905932737, ""target_theta"": 0.39269908169872414}, ""Bob_1"": {""angular_error"": 0.39269908169872414, ""implemented_theta"": 0.0, ""observable"": ""Z"", ""projector_fidelity"": 0.8535533905932737, ""target_theta"": -0.39269908169872414}, ""Bob_2"": {""angular_error"": 0.39269908169872414, ""implemented_theta"": 0.0, ""observable"": ""Z"", ""projector_fidelity"": 0.8535533905932737, ""target_theta"": 0.39269908169872414}, ""Bob_3"": {""angular_error"": 0.39269908169872414, ""implemented_theta"": 0.0, ""observable"": ""Z"", ""projector_fidelity"": 0.8535533905932737, ""target_theta"": -0.39269908169872414}}, ""player_grid_count"": 2, ""qubits_per_player_grid"": 800, ""synthetic_scaling_point"": false, ""systems_per_player"": 800, ""tableau_array_bytes_per_player"": 2561600, ""transpiled_gates"": ""qutrit X -> X(q0), CX(q0,q1), CX(q1,q0); invalid 11 fixed"", ""workload_seed_derivation"": ""SnaQ3-v2 master/n/repetition streams"", ""workload_sha256"": ""95fbca6b876fedc97b31133047cc55435900011188cb03a9939a71c82caadf34""}"
qubit_tableau_transpiled,20,400,800,9,20260930,4,0.004221363000397105,COMPLETED,,False,,20492800,34359738368,21600.0,1.0.1,"{""bell_backend"": ""QuickQudits Tableau d=2; same Clifford Bell observables as qutrit_tableau_clifford"", ""dense_statevector"": false, ""encoding"": {""0"": ""00"", ""1"": ""01"", ""2"": ""10"", ""invalid"": ""11""}, ""grid_backend"": ""two full QuickQudits Tableau d=2 registers, 2m qubits each"", ""movement_backend"": ""QuickQudits Tableau d=2; H and S only"", ""observable_mapping"": {""Alice_0"": {""angular_error"": 0.0, ""implemented_theta"": 0.0, ""observable"": ""Z"", ""projector_fidelity"": 1.0, ""target_theta"": 0.0}, ""Alice_1"": {""angular_error"": 0.0, ""implemented_theta"": 0.7853981633974483, ""observable"": ""X"", ""projector_fidelity"": 1.0, ""target_theta"": 0.7853981633974483}, ""Alice_2"": {""angular_error"": 0.0, ""implemented_theta"": 0.0, ""observable"": ""Z"", ""projector_fidelity"": 1.0, ""target_theta"": 0.0}, ""Alice_3"": {""angular_error"": 0.0, ""implemented_theta"": 0.7853981633974483, ""observable"": ""X"", ""projector_fidelity"": 1.0, ""target_theta"": 0.7853981633974483}, ""Bob_0"": {""angular_error"": 0.39269908169872414, ""implemented_theta"": 0.0, ""observable"": ""Z"", ""projector_fidelity"": 0.8535533905932737, ""target_theta"": 0.39269908169872414}, ""Bob_1"": {""angular_error"": 0.39269908169872414, ""implemented_theta"": 0.0, ""observable"": ""Z"", ""projector_fidelity"": 0.8535533905932737, ""target_theta"": -0.39269908169872414}, ""Bob_2"": {""angular_error"": 0.39269908169872414, ""implemented_theta"": 0.0, ""observable"": ""Z"", ""projector_fidelity"": 0.8535533905932737, ""target_theta"": 0.39269908169872414}, ""Bob_3"": {""angular_error"": 0.39269908169872414, ""implemented_theta"": 0.0, ""observable"": ""Z"", ""projector_fidelity"": 0.8535533905932737, ""target_theta"": -0.39269908169872414}}, ""player_grid_count"": 2, ""qubits_per_player_grid"": 800, ""synthetic_scaling_point"": false, ""systems_per_player"": 800, ""tableau_array_bytes_per_player"": 2561600, ""transpiled_gates"": ""qutrit X -> X(q0), CX(q0,q1), CX(q1,q0); invalid 11 fixed"", ""workload_seed_derivation"": ""SnaQ3-v2 master/n/repetition streams"", ""workload_sha256"": ""adce0b2075e2a10fd3c6dd38ab55be80e873277cdc7fc0db6e5bcc0b425722c5""}"
qubit_tableau_transpiled,20,400,800,10,20260930,4,0.004364950997114647,COMPLETED,,False,,20492800,34359738368,21600.0,1.0.1,"{""bell_backend"": ""QuickQudits Tableau d=2; same Clifford Bell observables as qutrit_tableau_clifford"", ""dense_statevector"": false, ""encoding"": {""0"": ""00"", ""1"": ""01"", ""2"": ""10"", ""invalid"": ""11""}, ""grid_backend"": ""two full QuickQudits Tableau d=2 registers, 2m qubits each"", ""movement_backend"": ""QuickQudits Tableau d=2; H and S only"", ""observable_mapping"": {""Alice_0"": {""angular_error"": 0.0, ""implemented_theta"": 0.0, ""observable"": ""Z"", ""projector_fidelity"": 1.0, ""target_theta"": 0.0}, ""Alice_1"": {""angular_error"": 0.0, ""implemented_theta"": 0.7853981633974483, ""observable"": ""X"", ""projector_fidelity"": 1.0, ""target_theta"": 0.7853981633974483}, ""Alice_2"": {""angular_error"": 0.0, ""implemented_theta"": 0.0, ""observable"": ""Z"", ""projector_fidelity"": 1.0, ""target_theta"": 0.0}, ""Alice_3"": {""angular_error"": 0.0, ""implemented_theta"": 0.7853981633974483, ""observable"": ""X"", ""projector_fidelity"": 1.0, ""target_theta"": 0.7853981633974483}, ""Bob_0"": {""angular_error"": 0.39269908169872414, ""implemented_theta"": 0.0, ""observable"": ""Z"", ""projector_fidelity"": 0.8535533905932737, ""target_theta"": 0.39269908169872414}, ""Bob_1"": {""angular_error"": 0.39269908169872414, ""implemented_theta"": 0.0, ""observable"": ""Z"", ""projector_fidelity"": 0.8535533905932737, ""target_theta"": -0.39269908169872414}, ""Bob_2"": {""angular_error"": 0.39269908169872414, ""implemented_theta"": 0.0, ""observable"": ""Z"", ""projector_fidelity"": 0.8535533905932737, ""target_theta"": 0.39269908169872414}, ""Bob_3"": {""angular_error"": 0.39269908169872414, ""implemented_theta"": 0.0, ""observable"": ""Z"", ""projector_fidelity"": 0.8535533905932737, ""target_theta"": -0.39269908169872414}}, ""player_grid_count"": 2, ""qubits_per_player_grid"": 800, ""synthetic_scaling_point"": false, ""systems_per_player"": 800, ""tableau_array_bytes_per_player"": 2561600, ""transpiled_gates"": ""qutrit X -> X(q0), CX(q0,q1), CX(q1,q0); invalid 11 fixed"", ""workload_seed_derivation"": ""SnaQ3-v2 master/n/repetition streams"", ""workload_sha256"": ""961957201542068f4b8d80d8417e8625174faa10bc16673d24a2d98cd1bc463f""}"
qubit_tableau_transpiled,20,400,800,11,20260930,4,0.004301019005652051,COMPLETED,,False,,20492800,34359738368,21600.0,1.0.1,"{""bell_backend"": ""QuickQudits Tableau d=2; same Clifford Bell observables as qutrit_tableau_clifford"", ""dense_statevector"": false, ""encoding"": {""0"": ""00"", ""1"": ""01"", ""2"": ""10"", ""invalid"": ""11""}, ""grid_backend"": ""two full QuickQudits Tableau d=2 registers, 2m qubits each"", ""movement_backend"": ""QuickQudits Tableau d=2; H and S only"", ""observable_mapping"": {""Alice_0"": {""angular_error"": 0.0, ""implemented_theta"": 0.0, ""observable"": ""Z"", ""projector_fidelity"": 1.0, ""target_theta"": 0.0}, ""Alice_1"": {""angular_error"": 0.0, ""implemented_theta"": 0.7853981633974483, ""observable"": ""X"", ""projector_fidelity"": 1.0, ""target_theta"": 0.7853981633974483}, ""Alice_2"": {""angular_error"": 0.0, ""implemented_theta"": 0.0, ""observable"": ""Z"", ""projector_fidelity"": 1.0, ""target_theta"": 0.0}, ""Alice_3"": {""angular_error"": 0.0, ""implemented_theta"": 0.7853981633974483, ""observable"": ""X"", ""projector_fidelity"": 1.0, ""target_theta"": 0.7853981633974483}, ""Bob_0"": {""angular_error"": 0.39269908169872414, ""implemented_theta"": 0.0, ""observable"": ""Z"", ""projector_fidelity"": 0.8535533905932737, ""target_theta"": 0.39269908169872414}, ""Bob_1"": {""angular_error"": 0.39269908169872414, ""implemented_theta"": 0.0, ""observable"": ""Z"", ""projector_fidelity"": 0.8535533905932737, ""target_theta"": -0.39269908169872414}, ""Bob_2"": {""angular_error"": 0.39269908169872414, ""implemented_theta"": 0.0, ""observable"": ""Z"", ""projector_fidelity"": 0.8535533905932737, ""target_theta"": 0.39269908169872414}, ""Bob_3"": {""angular_error"": 0.39269908169872414, ""implemented_theta"": 0.0, ""observable"": ""Z"", ""projector_fidelity"": 0.8535533905932737, ""target_theta"": -0.39269908169872414}}, ""player_grid_count"": 2, ""qubits_per_player_grid"": 800, ""synthetic_scaling_point"": false, ""systems_per_player"": 800, ""tableau_array_bytes_per_player"": 2561600, ""transpiled_gates"": ""qutrit X -> X(q0), CX(q0,q1), CX(q1,q0); invalid 11 fixed"", ""workload_seed_derivation"": ""SnaQ3-v2 master/n/repetition streams"", ""workload_sha256"": ""349b53766cfc5f0ae0cebaf44673b1c2f037d2d251469c68565b7ee0b108992a""}"
qubit_tableau_transpiled,20,400,800,12,20260930,4,0.0043609009953797795,COMPLETED,,False,,20492800,34359738368,21600.0,1.0.1,"{""bell_backend"": ""QuickQudits Tableau d=2; same Clifford Bell observables as qutrit_tableau_clifford"", ""dense_statevector"": false, ""encoding"": {""0"": ""00"", ""1"": ""01"", ""2"": ""10"", ""invalid"": ""11""}, ""grid_backend"": ""two full QuickQudits Tableau d=2 registers, 2m qubits each"", ""movement_backend"": ""QuickQudits Tableau d=2; H and S only"", ""observable_mapping"": {""Alice_0"": {""angular_error"": 0.0, ""implemented_theta"": 0.0, ""observable"": ""Z"", ""projector_fidelity"": 1.0, ""target_theta"": 0.0}, ""Alice_1"": {""angular_error"": 0.0, ""implemented_theta"": 0.7853981633974483, ""observable"": ""X"", ""projector_fidelity"": 1.0, ""target_theta"": 0.7853981633974483}, ""Alice_2"": {""angular_error"": 0.0, ""implemented_theta"": 0.0, ""observable"": ""Z"", ""projector_fidelity"": 1.0, ""target_theta"": 0.0}, ""Alice_3"": {""angular_error"": 0.0, ""implemented_theta"": 0.7853981633974483, ""observable"": ""X"", ""projector_fidelity"": 1.0, ""target_theta"": 0.7853981633974483}, ""Bob_0"": {""angular_error"": 0.39269908169872414, ""implemented_theta"": 0.0, ""observable"": ""Z"", ""projector_fidelity"": 0.8535533905932737, ""target_theta"": 0.39269908169872414}, ""Bob_1"": {""angular_error"": 0.39269908169872414, ""implemented_theta"": 0.0, ""observable"": ""Z"", ""projector_fidelity"": 0.8535533905932737, ""target_theta"": -0.39269908169872414}, ""Bob_2"": {""angular_error"": 0.39269908169872414, ""implemented_theta"": 0.0, ""observable"": ""Z"", ""projector_fidelity"": 0.8535533905932737, ""target_theta"": 0.39269908169872414}, ""Bob_3"": {""angular_error"": 0.39269908169872414, ""implemented_theta"": 0.0, ""observable"": ""Z"", ""projector_fidelity"": 0.8535533905932737, ""target_theta"": -0.39269908169872414}}, ""player_grid_count"": 2, ""qubits_per_player_grid"": 800, ""synthetic_scaling_point"": false, ""systems_per_player"": 800, ""tableau_array_bytes_per_player"": 2561600, ""transpiled_gates"": ""qutrit X -> X(q0), CX(q0,q1), CX(q1,q0); invalid 11 fixed"", ""workload_seed_derivation"": ""SnaQ3-v2 master/n/repetition streams"", ""workload_sha256"": ""91d628820ff905bcaa86b8668f85730209a3cc422aec6d7208b7459f3749ee3b""}"
qubit_tableau_transpiled,20,400,800,13,20260930,4,0.0043088419988635,COMPLETED,,False,,20492800,34359738368,21600.0,1.0.1,"{""bell_backend"": ""QuickQudits Tableau d=2; same Clifford Bell observables as qutrit_tableau_clifford"", ""dense_statevector"": false, ""encoding"": {""0"": ""00"", ""1"": ""01"", ""2"": ""10"", ""invalid"": ""11""}, ""grid_backend"": ""two full QuickQudits Tableau d=2 registers, 2m qubits each"", ""movement_backend"": ""QuickQudits Tableau d=2; H and S only"", ""observable_mapping"": {""Alice_0"": {""angular_error"": 0.0, ""implemented_theta"": 0.0, ""observable"": ""Z"", ""projector_fidelity"": 1.0, ""target_theta"": 0.0}, ""Alice_1"": {""angular_error"": 0.0, ""implemented_theta"": 0.7853981633974483, ""observable"": ""X"", ""projector_fidelity"": 1.0, ""target_theta"": 0.7853981633974483}, ""Alice_2"": {""angular_error"": 0.0, ""implemented_theta"": 0.0, ""observable"": ""Z"", ""projector_fidelity"": 1.0, ""target_theta"": 0.0}, ""Alice_3"": {""angular_error"": 0.0, ""implemented_theta"": 0.7853981633974483, ""observable"": ""X"", ""projector_fidelity"": 1.0, ""target_theta"": 0.7853981633974483}, ""Bob_0"": {""angular_error"": 0.39269908169872414, ""implemented_theta"": 0.0, ""observable"": ""Z"", ""projector_fidelity"": 0.8535533905932737, ""target_theta"": 0.39269908169872414}, ""Bob_1"": {""angular_error"": 0.39269908169872414, ""implemented_theta"": 0.0, ""observable"": ""Z"", ""projector_fidelity"": 0.8535533905932737, ""target_theta"": -0.39269908169872414}, ""Bob_2"": {""angular_error"": 0.39269908169872414, ""implemented_theta"": 0.0, ""observable"": ""Z"", ""projector_fidelity"": 0.8535533905932737, ""target_theta"": 0.39269908169872414}, ""Bob_3"": {""angular_error"": 0.39269908169872414, ""implemented_theta"": 0.0, ""observable"": ""Z"", ""projector_fidelity"": 0.8535533905932737, ""target_theta"": -0.39269908169872414}}, ""player_grid_count"": 2, ""qubits_per_player_grid"": 800, ""synthetic_scaling_point"": false, ""systems_per_player"": 800, ""tableau_array_bytes_per_player"": 2561600, ""transpiled_gates"": ""qutrit X -> X(q0), CX(q0,q1), CX(q1,q0); invalid 11 fixed"", ""workload_seed_derivation"": ""SnaQ3-v2 master/n/repetition streams"", ""workload_sha256"": ""5621d54c2633d39202e64f9e6360fafde629741fa0a1ad25347a78468fea96fb""}"
qubit_tableau_transpiled,20,400,800,14,20260930,4,0.004112663998967037,COMPLETED,,False,,20492800,34359738368,21600.0,1.0.1,"{""bell_backend"": ""QuickQudits Tableau d=2; same Clifford Bell observables as qutrit_tableau_clifford"", ""dense_statevector"": false, ""encoding"": {""0"": ""00"", ""1"": ""01"", ""2"": ""10"", ""invalid"": ""11""}, ""grid_backend"": ""two full QuickQudits Tableau d=2 registers, 2m qubits each"", ""movement_backend"": ""QuickQudits Tableau d=2; H and S only"", ""observable_mapping"": {""Alice_0"": {""angular_error"": 0.0, ""implemented_theta"": 0.0, ""observable"": ""Z"", ""projector_fidelity"": 1.0, ""target_theta"": 0.0}, ""Alice_1"": {""angular_error"": 0.0, ""implemented_theta"": 0.7853981633974483, ""observable"": ""X"", ""projector_fidelity"": 1.0, ""target_theta"": 0.7853981633974483}, ""Alice_2"": {""angular_error"": 0.0, ""implemented_theta"": 0.0, ""observable"": ""Z"", ""projector_fidelity"": 1.0, ""target_theta"": 0.0}, ""Alice_3"": {""angular_error"": 0.0, ""implemented_theta"": 0.7853981633974483, ""observable"": ""X"", ""projector_fidelity"": 1.0, ""target_theta"": 0.7853981633974483}, ""Bob_0"": {""angular_error"": 0.39269908169872414, ""implemented_theta"": 0.0, ""observable"": ""Z"", ""projector_fidelity"": 0.8535533905932737, ""target_theta"": 0.39269908169872414}, ""Bob_1"": {""angular_error"": 0.39269908169872414, ""implemented_theta"": 0.0, ""observable"": ""Z"", ""projector_fidelity"": 0.8535533905932737, ""target_theta"": -0.39269908169872414}, ""Bob_2"": {""angular_error"": 0.39269908169872414, ""implemented_theta"": 0.0, ""observable"": ""Z"", ""projector_fidelity"": 0.8535533905932737, ""target_theta"": 0.39269908169872414}, ""Bob_3"": {""angular_error"": 0.39269908169872414, ""implemented_theta"": 0.0, ""observable"": ""Z"", ""projector_fidelity"": 0.8535533905932737, ""target_theta"": -0.39269908169872414}}, ""player_grid_count"": 2, ""qubits_per_player_grid"": 800, ""synthetic_scaling_point"": false, ""systems_per_player"": 800, ""tableau_array_bytes_per_player"": 2561600, ""transpiled_gates"": ""qutrit X -> X(q0), CX(q0,q1), CX(q1,q0); invalid 11 fixed"", ""workload_seed_derivation"": ""SnaQ3-v2 master/n/repetition streams"", ""workload_sha256"": ""8f85dae0de082bb110fcd47605824f8a4ee502507ecd23e848e67812657e9f43""}"
qubit_tableau_transpiled,20,400,800,15,20260930,4,0.004407967004226521,COMPLETED,,False,,20492800,34359738368,21600.0,1.0.1,"{""bell_backend"": ""QuickQudits Tableau d=2; same Clifford Bell observables as qutrit_tableau_clifford"", ""dense_statevector"": false, ""encoding"": {""0"": ""00"", ""1"": ""01"", ""2"": ""10"", ""invalid"": ""11""}, ""grid_backend"": ""two full QuickQudits Tableau d=2 registers, 2m qubits each"", ""movement_backend"": ""QuickQudits Tableau d=2; H and S only"", ""observable_mapping"": {""Alice_0"": {""angular_error"": 0.0, ""implemented_theta"": 0.0, ""observable"": ""Z"", ""projector_fidelity"": 1.0, ""target_theta"": 0.0}, ""Alice_1"": {""angular_error"": 0.0, ""implemented_theta"": 0.7853981633974483, ""observable"": ""X"", ""projector_fidelity"": 1.0, ""target_theta"": 0.7853981633974483}, ""Alice_2"": {""angular_error"": 0.0, ""implemented_theta"": 0.0, ""observable"": ""Z"", ""projector_fidelity"": 1.0, ""target_theta"": 0.0}, ""Alice_3"": {""angular_error"": 0.0, ""implemented_theta"": 0.7853981633974483, ""observable"": ""X"", ""projector_fidelity"": 1.0, ""target_theta"": 0.7853981633974483}, ""Bob_0"": {""angular_error"": 0.39269908169872414, ""implemented_theta"": 0.0, ""observable"": ""Z"", ""projector_fidelity"": 0.8535533905932737, ""target_theta"": 0.39269908169872414}, ""Bob_1"": {""angular_error"": 0.39269908169872414, ""implemented_theta"": 0.0, ""observable"": ""Z"", ""projector_fidelity"": 0.8535533905932737, ""target_theta"": -0.39269908169872414}, ""Bob_2"": {""angular_error"": 0.39269908169872414, ""implemented_theta"": 0.0, ""observable"": ""Z"", ""projector_fidelity"": 0.8535533905932737, ""target_theta"": 0.39269908169872414}, ""Bob_3"": {""angular_error"": 0.39269908169872414, ""implemented_theta"": 0.0, ""observable"": ""Z"", ""projector_fidelity"": 0.8535533905932737, ""target_theta"": -0.39269908169872414}}, ""player_grid_count"": 2, ""qubits_per_player_grid"": 800, ""synthetic_scaling_point"": false, ""systems_per_player"": 800, ""tableau_array_bytes_per_player"": 2561600, ""transpiled_gates"": ""qutrit X -> X(q0), CX(q0,q1), CX(q1,q0); invalid 11 fixed"", ""workload_seed_derivation"": ""SnaQ3-v2 master/n/repetition streams"", ""workload_sha256"": ""eb4dfa18ae227dd38bdd712dfab1b602473fbb6aa3012fc7d14067d351c54c61""}"
qubit_tableau_transpiled,20,400,800,16,20260930,4,0.004617933002009522,COMPLETED,,False,,20492800,34359738368,21600.0,1.0.1,"{""bell_backend"": ""QuickQudits Tableau d=2; same Clifford Bell observables as qutrit_tableau_clifford"", ""dense_statevector"": false, ""encoding"": {""0"": ""00"", ""1"": ""01"", ""2"": ""10"", ""invalid"": ""11""}, ""grid_backend"": ""two full QuickQudits Tableau d=2 registers, 2m qubits each"", ""movement_backend"": ""QuickQudits Tableau d=2; H and S only"", ""observable_mapping"": {""Alice_0"": {""angular_error"": 0.0, ""implemented_theta"": 0.0, ""observable"": ""Z"", ""projector_fidelity"": 1.0, ""target_theta"": 0.0}, ""Alice_1"": {""angular_error"": 0.0, ""implemented_theta"": 0.7853981633974483, ""observable"": ""X"", ""projector_fidelity"": 1.0, ""target_theta"": 0.7853981633974483}, ""Alice_2"": {""angular_error"": 0.0, ""implemented_theta"": 0.0, ""observable"": ""Z"", ""projector_fidelity"": 1.0, ""target_theta"": 0.0}, ""Alice_3"": {""angular_error"": 0.0, ""implemented_theta"": 0.7853981633974483, ""observable"": ""X"", ""projector_fidelity"": 1.0, ""target_theta"": 0.7853981633974483}, ""Bob_0"": {""angular_error"": 0.39269908169872414, ""implemented_theta"": 0.0, ""observable"": ""Z"", ""projector_fidelity"": 0.8535533905932737, ""target_theta"": 0.39269908169872414}, ""Bob_1"": {""angular_error"": 0.39269908169872414, ""implemented_theta"": 0.0, ""observable"": ""Z"", ""projector_fidelity"": 0.8535533905932737, ""target_theta"": -0.39269908169872414}, ""Bob_2"": {""angular_error"": 0.39269908169872414, ""implemented_theta"": 0.0, ""observable"": ""Z"", ""projector_fidelity"": 0.8535533905932737, ""target_theta"": 0.39269908169872414}, ""Bob_3"": {""angular_error"": 0.39269908169872414, ""implemented_theta"": 0.0, ""observable"": ""Z"", ""projector_fidelity"": 0.8535533905932737, ""target_theta"": -0.39269908169872414}}, ""player_grid_count"": 2, ""qubits_per_player_grid"": 800, ""synthetic_scaling_point"": false, ""systems_per_player"": 800, ""tableau_array_bytes_per_player"": 2561600, ""transpiled_gates"": ""qutrit X -> X(q0), CX(q0,q1), CX(q1,q0); invalid 11 fixed"", ""workload_seed_derivation"": ""SnaQ3-v2 master/n/repetition streams"", ""workload_sha256"": ""36ec19e45a4ed2aaa6ca00cdce1e97b39d169a355923d7e9a86abf3674cda64d""}"
qubit_tableau_transpiled,20,400,800,17,20260930,4,0.004262452996044885,COMPLETED,,False,,20492800,34359738368,21600.0,1.0.1,"{""bell_backend"": ""QuickQudits Tableau d=2; same Clifford Bell observables as qutrit_tableau_clifford"", ""dense_statevector"": false, ""encoding"": {""0"": ""00"", ""1"": ""01"", ""2"": ""10"", ""invalid"": ""11""}, ""grid_backend"": ""two full QuickQudits Tableau d=2 registers, 2m qubits each"", ""movement_backend"": ""QuickQudits Tableau d=2; H and S only"", ""observable_mapping"": {""Alice_0"": {""angular_error"": 0.0, ""implemented_theta"": 0.0, ""observable"": ""Z"", ""projector_fidelity"": 1.0, ""target_theta"": 0.0}, ""Alice_1"": {""angular_error"": 0.0, ""implemented_theta"": 0.7853981633974483, ""observable"": ""X"", ""projector_fidelity"": 1.0, ""target_theta"": 0.7853981633974483}, ""Alice_2"": {""angular_error"": 0.0, ""implemented_theta"": 0.0, ""observable"": ""Z"", ""projector_fidelity"": 1.0, ""target_theta"": 0.0}, ""Alice_3"": {""angular_error"": 0.0, ""implemented_theta"": 0.7853981633974483, ""observable"": ""X"", ""projector_fidelity"": 1.0, ""target_theta"": 0.7853981633974483}, ""Bob_0"": {""angular_error"": 0.39269908169872414, ""implemented_theta"": 0.0, ""observable"": ""Z"", ""projector_fidelity"": 0.8535533905932737, ""target_theta"": 0.39269908169872414}, ""Bob_1"": {""angular_error"": 0.39269908169872414, ""implemented_theta"": 0.0, ""observable"": ""Z"", ""projector_fidelity"": 0.8535533905932737, ""target_theta"": -0.39269908169872414}, ""Bob_2"": {""angular_error"": 0.39269908169872414, ""implemented_theta"": 0.0, ""observable"": ""Z"", ""projector_fidelity"": 0.8535533905932737, ""target_theta"": 0.39269908169872414}, ""Bob_3"": {""angular_error"": 0.39269908169872414, ""implemented_theta"": 0.0, ""observable"": ""Z"", ""projector_fidelity"": 0.8535533905932737, ""target_theta"": -0.39269908169872414}}, ""player_grid_count"": 2, ""qubits_per_player_grid"": 800, ""synthetic_scaling_point"": false, ""systems_per_player"": 800, ""tableau_array_bytes_per_player"": 2561600, ""transpiled_gates"": ""qutrit X -> X(q0), CX(q0,q1), CX(q1,q0); invalid 11 fixed"", ""workload_seed_derivation"": ""SnaQ3-v2 master/n/repetition streams"", ""workload_sha256"": ""ebb3014274dc45b73b94845ffd2ac1a3b1bd77acb3a1ddd63ff55fb32e67cc98""}"
qubit_tableau_transpiled,20,400,800,18,20260930,4,0.004373709001811221,COMPLETED,,False,,20492800,34359738368,21600.0,1.0.1,"{""bell_backend"": ""QuickQudits Tableau d=2; same Clifford Bell observables as qutrit_tableau_clifford"", ""dense_statevector"": false, ""encoding"": {""0"": ""00"", ""1"": ""01"", ""2"": ""10"", ""invalid"": ""11""}, ""grid_backend"": ""two full QuickQudits Tableau d=2 registers, 2m qubits each"", ""movement_backend"": ""QuickQudits Tableau d=2; H and S only"", ""observable_mapping"": {""Alice_0"": {""angular_error"": 0.0, ""implemented_theta"": 0.0, ""observable"": ""Z"", ""projector_fidelity"": 1.0, ""target_theta"": 0.0}, ""Alice_1"": {""angular_error"": 0.0, ""implemented_theta"": 0.7853981633974483, ""observable"": ""X"", ""projector_fidelity"": 1.0, ""target_theta"": 0.7853981633974483}, ""Alice_2"": {""angular_error"": 0.0, ""implemented_theta"": 0.0, ""observable"": ""Z"", ""projector_fidelity"": 1.0, ""target_theta"": 0.0}, ""Alice_3"": {""angular_error"": 0.0, ""implemented_theta"": 0.7853981633974483, ""observable"": ""X"", ""projector_fidelity"": 1.0, ""target_theta"": 0.7853981633974483}, ""Bob_0"": {""angular_error"": 0.39269908169872414, ""implemented_theta"": 0.0, ""observable"": ""Z"", ""projector_fidelity"": 0.8535533905932737, ""target_theta"": 0.39269908169872414}, ""Bob_1"": {""angular_error"": 0.39269908169872414, ""implemented_theta"": 0.0, ""observable"": ""Z"", ""projector_fidelity"": 0.8535533905932737, ""target_theta"": -0.39269908169872414}, ""Bob_2"": {""angular_error"": 0.39269908169872414, ""implemented_theta"": 0.0, ""observable"": ""Z"", ""projector_fidelity"": 0.8535533905932737, ""target_theta"": 0.39269908169872414}, ""Bob_3"": {""angular_error"": 0.39269908169872414, ""implemented_theta"": 0.0, ""observable"": ""Z"", ""projector_fidelity"": 0.8535533905932737, ""target_theta"": -0.39269908169872414}}, ""player_grid_count"": 2, ""qubits_per_player_grid"": 800, ""synthetic_scaling_point"": false, ""systems_per_player"": 800, ""tableau_array_bytes_per_player"": 2561600, ""transpiled_gates"": ""qutrit X -> X(q0), CX(q0,q1), CX(q1,q0); invalid 11 fixed"", ""workload_seed_derivation"": ""SnaQ3-v2 master/n/repetition streams"", ""workload_sha256"": ""f00ee7aced241ff68beeec506d73b957bf20d853f8d1791338790f5b194256af""}"
qubit_tableau_transpiled,20,400,800,19,20260930,4,0.0044236480025574565,COMPLETED,,False,,20492800,34359738368,21600.0,1.0.1,"{""bell_backend"": ""QuickQudits Tableau d=2; same Clifford Bell observables as qutrit_tableau_clifford"", ""dense_statevector"": false, ""encoding"": {""0"": ""00"", ""1"": ""01"", ""2"": ""10"", ""invalid"": ""11""}, ""grid_backend"": ""two full QuickQudits Tableau d=2 registers, 2m qubits each"", ""movement_backend"": ""QuickQudits Tableau d=2; H and S only"", ""observable_mapping"": {""Alice_0"": {""angular_error"": 0.0, ""implemented_theta"": 0.0, ""observable"": ""Z"", ""projector_fidelity"": 1.0, ""target_theta"": 0.0}, ""Alice_1"": {""angular_error"": 0.0, ""implemented_theta"": 0.7853981633974483, ""observable"": ""X"", ""projector_fidelity"": 1.0, ""target_theta"": 0.7853981633974483}, ""Alice_2"": {""angular_error"": 0.0, ""implemented_theta"": 0.0, ""observable"": ""Z"", ""projector_fidelity"": 1.0, ""target_theta"": 0.0}, ""Alice_3"": {""angular_error"": 0.0, ""implemented_theta"": 0.7853981633974483, ""observable"": ""X"", ""projector_fidelity"": 1.0, ""target_theta"": 0.7853981633974483}, ""Bob_0"": {""angular_error"": 0.39269908169872414, ""implemented_theta"": 0.0, ""observable"": ""Z"", ""projector_fidelity"": 0.8535533905932737, ""target_theta"": 0.39269908169872414}, ""Bob_1"": {""angular_error"": 0.39269908169872414, ""implemented_theta"": 0.0, ""observable"": ""Z"", ""projector_fidelity"": 0.8535533905932737, ""target_theta"": -0.39269908169872414}, ""Bob_2"": {""angular_error"": 0.39269908169872414, ""implemented_theta"": 0.0, ""observable"": ""Z"", ""projector_fidelity"": 0.8535533905932737, ""target_theta"": 0.39269908169872414}, ""Bob_3"": {""angular_error"": 0.39269908169872414, ""implemented_theta"": 0.0, ""observable"": ""Z"", ""projector_fidelity"": 0.8535533905932737, ""target_theta"": -0.39269908169872414}}, ""player_grid_count"": 2, ""qubits_per_player_grid"": 800, ""synthetic_scaling_point"": false, ""systems_per_player"": 800, ""tableau_array_bytes_per_player"": 2561600, ""transpiled_gates"": ""qutrit X -> X(q0), CX(q0,q1), CX(q1,q0); invalid 11 fixed"", ""workload_seed_derivation"": ""SnaQ3-v2 master/n/repetition streams"", ""workload_sha256"": ""ab1dfd4907c4f0e4f1385a530f98e00bcff2ef3926b499b3a1b1666ac93ce599""}"
qutrit_tableau_clifford,30,900,900,0,20260930,4,0.0031667319999542087,COMPLETED,,False,,25934400,34359738368,21600.0,1.0.1,"{""bell_backend"": ""QuickQudits Tableau d=2; H CX and Clifford observables"", ""grid_backend"": ""QuickQudits Tableau d=3; X only"", ""movement_backend"": ""QuickQudits Tableau d=2; H and S only"", ""observable_mapping"": {""Alice_0"": {""angular_error"": 0.0, ""implemented_theta"": 0.0, ""observable"": ""Z"", ""projector_fidelity"": 1.0, ""target_theta"": 0.0}, ""Alice_1"": {""angular_error"": 0.0, ""implemented_theta"": 0.7853981633974483, ""observable"": ""X"", ""projector_fidelity"": 1.0, ""target_theta"": 0.7853981633974483}, ""Alice_2"": {""angular_error"": 0.0, ""implemented_theta"": 0.0, ""observable"": ""Z"", ""projector_fidelity"": 1.0, ""target_theta"": 0.0}, ""Alice_3"": {""angular_error"": 0.0, ""implemented_theta"": 0.7853981633974483, ""observable"": ""X"", ""projector_fidelity"": 1.0, ""target_theta"": 0.7853981633974483}, ""Bob_0"": {""angular_error"": 0.39269908169872414, ""implemented_theta"": 0.0, ""observable"": ""Z"", ""projector_fidelity"": 0.8535533905932737, ""target_theta"": 0.39269908169872414}, ""Bob_1"": {""angular_error"": 0.39269908169872414, ""implemented_theta"": 0.0, ""observable"": ""Z"", ""projector_fidelity"": 0.8535533905932737, ""target_theta"": -0.39269908169872414}, ""Bob_2"": {""angular_error"": 0.39269908169872414, ""implemented_theta"": 0.0, ""observable"": ""Z"", ""projector_fidelity"": 0.8535533905932737, ""target_theta"": 0.39269908169872414}, ""Bob_3"": {""angular_error"": 0.39269908169872414, ""implemented_theta"": 0.0, ""observable"": ""Z"", ""projector_fidelity"": 0.8535533905932737, ""target_theta"": -0.39269908169872414}}, ""player_grid_count"": 2, ""synthetic_scaling_point"": false, ""systems_per_player"": 900, ""tableau_array_bytes_per_player"": 3241800, ""workload_seed_derivation"": ""SnaQ3-v2 master/n/repetition streams"", ""workload_sha256"": ""5ab7fc00fbb1d84cd86d8d2c7f9422672e8f5c1c9abd9f9130657fddb9228f63""}"
qutrit_tableau_clifford,30,900,900,1,20260930,4,0.003296249000413809,COMPLETED,,False,,25934400,34359738368,21600.0,1.0.1,"{""bell_backend"": ""QuickQudits Tableau d=2; H CX and Clifford observables"", ""grid_backend"": ""QuickQudits Tableau d=3; X only"", ""movement_backend"": ""QuickQudits Tableau d=2; H and S only"", ""observable_mapping"": {""Alice_0"": {""angular_error"": 0.0, ""implemented_theta"": 0.0, ""observable"": ""Z"", ""projector_fidelity"": 1.0, ""target_theta"": 0.0}, ""Alice_1"": {""angular_error"": 0.0, ""implemented_theta"": 0.7853981633974483, ""observable"": ""X"", ""projector_fidelity"": 1.0, ""target_theta"": 0.7853981633974483}, ""Alice_2"": {""angular_error"": 0.0, ""implemented_theta"": 0.0, ""observable"": ""Z"", ""projector_fidelity"": 1.0, ""target_theta"": 0.0}, ""Alice_3"": {""angular_error"": 0.0, ""implemented_theta"": 0.7853981633974483, ""observable"": ""X"", ""projector_fidelity"": 1.0, ""target_theta"": 0.7853981633974483}, ""Bob_0"": {""angular_error"": 0.39269908169872414, ""implemented_theta"": 0.0, ""observable"": ""Z"", ""projector_fidelity"": 0.8535533905932737, ""target_theta"": 0.39269908169872414}, ""Bob_1"": {""angular_error"": 0.39269908169872414, ""implemented_theta"": 0.0, ""observable"": ""Z"", ""projector_fidelity"": 0.8535533905932737, ""target_theta"": -0.39269908169872414}, ""Bob_2"": {""angular_error"": 0.39269908169872414, ""implemented_theta"": 0.0, ""observable"": ""Z"", ""projector_fidelity"": 0.8535533905932737, ""target_theta"": 0.39269908169872414}, ""Bob_3"": {""angular_error"": 0.39269908169872414, ""implemented_theta"": 0.0, ""observable"": ""Z"", ""projector_fidelity"": 0.8535533905932737, ""target_theta"": -0.39269908169872414}}, ""player_grid_count"": 2, ""synthetic_scaling_point"": false, ""systems_per_player"": 900, ""tableau_array_bytes_per_player"": 3241800, ""workload_seed_derivation"": ""SnaQ3-v2 master/n/repetition streams"", ""workload_sha256"": ""868f1edc7fa463c024959fc4e56a92bd12e7ddbe6b4ce4e88419a7c8d3a126da""}"
qutrit_tableau_clifford,30,900,900,2,20260930,4,0.0035380059998715296,COMPLETED,,False,,25934400,34359738368,21600.0,1.0.1,"{""bell_backend"": ""QuickQudits Tableau d=2; H CX and Clifford observables"", ""grid_backend"": ""QuickQudits Tableau d=3; X only"", ""movement_backend"": ""QuickQudits Tableau d=2; H and S only"", ""observable_mapping"": {""Alice_0"": {""angular_error"": 0.0, ""implemented_theta"": 0.0, ""observable"": ""Z"", ""projector_fidelity"": 1.0, ""target_theta"": 0.0}, ""Alice_1"": {""angular_error"": 0.0, ""implemented_theta"": 0.7853981633974483, ""observable"": ""X"", ""projector_fidelity"": 1.0, ""target_theta"": 0.7853981633974483}, ""Alice_2"": {""angular_error"": 0.0, ""implemented_theta"": 0.0, ""observable"": ""Z"", ""projector_fidelity"": 1.0, ""target_theta"": 0.0}, ""Alice_3"": {""angular_error"": 0.0, ""implemented_theta"": 0.7853981633974483, ""observable"": ""X"", ""projector_fidelity"": 1.0, ""target_theta"": 0.7853981633974483}, ""Bob_0"": {""angular_error"": 0.39269908169872414, ""implemented_theta"": 0.0, ""observable"": ""Z"", ""projector_fidelity"": 0.8535533905932737, ""target_theta"": 0.39269908169872414}, ""Bob_1"": {""angular_error"": 0.39269908169872414, ""implemented_theta"": 0.0, ""observable"": ""Z"", ""projector_fidelity"": 0.8535533905932737, ""target_theta"": -0.39269908169872414}, ""Bob_2"": {""angular_error"": 0.39269908169872414, ""implemented_theta"": 0.0, ""observable"": ""Z"", ""projector_fidelity"": 0.8535533905932737, ""target_theta"": 0.39269908169872414}, ""Bob_3"": {""angular_error"": 0.39269908169872414, ""implemented_theta"": 0.0, ""observable"": ""Z"", ""projector_fidelity"": 0.8535533905932737, ""target_theta"": -0.39269908169872414}}, ""player_grid_count"": 2, ""synthetic_scaling_point"": false, ""systems_per_player"": 900, ""tableau_array_bytes_per_player"": 3241800, ""workload_seed_derivation"": ""SnaQ3-v2 master/n/repetition streams"", ""workload_sha256"": ""99c576979fba6873b44b67212148fb34a8095a443dcbeb5e1c6fd795d69ecad0""}"
qutrit_tableau_clifford,30,900,900,3,20260930,4,0.0029586230011773296,COMPLETED,,False,,25934400,34359738368,21600.0,1.0.1,"{""bell_backend"": ""QuickQudits Tableau d=2; H CX and Clifford observables"", ""grid_backend"": ""QuickQudits Tableau d=3; X only"", ""movement_backend"": ""QuickQudits Tableau d=2; H and S only"", ""observable_mapping"": {""Alice_0"": {""angular_error"": 0.0, ""implemented_theta"": 0.0, ""observable"": ""Z"", ""projector_fidelity"": 1.0, ""target_theta"": 0.0}, ""Alice_1"": {""angular_error"": 0.0, ""implemented_theta"": 0.7853981633974483, ""observable"": ""X"", ""projector_fidelity"": 1.0, ""target_theta"": 0.7853981633974483}, ""Alice_2"": {""angular_error"": 0.0, ""implemented_theta"": 0.0, ""observable"": ""Z"", ""projector_fidelity"": 1.0, ""target_theta"": 0.0}, ""Alice_3"": {""angular_error"": 0.0, ""implemented_theta"": 0.7853981633974483, ""observable"": ""X"", ""projector_fidelity"": 1.0, ""target_theta"": 0.7853981633974483}, ""Bob_0"": {""angular_error"": 0.39269908169872414, ""implemented_theta"": 0.0, ""observable"": ""Z"", ""projector_fidelity"": 0.8535533905932737, ""target_theta"": 0.39269908169872414}, ""Bob_1"": {""angular_error"": 0.39269908169872414, ""implemented_theta"": 0.0, ""observable"": ""Z"", ""projector_fidelity"": 0.8535533905932737, ""target_theta"": -0.39269908169872414}, ""Bob_2"": {""angular_error"": 0.39269908169872414, ""implemented_theta"": 0.0, ""observable"": ""Z"", ""projector_fidelity"": 0.8535533905932737, ""target_theta"": 0.39269908169872414}, ""Bob_3"": {""angular_error"": 0.39269908169872414, ""implemented_theta"": 0.0, ""observable"": ""Z"", ""projector_fidelity"": 0.8535533905932737, ""target_theta"": -0.39269908169872414}}, ""player_grid_count"": 2, ""synthetic_scaling_point"": false, ""systems_per_player"": 900, ""tableau_array_bytes_per_player"": 3241800, ""workload_seed_derivation"": ""SnaQ3-v2 master/n/repetition streams"", ""workload_sha256"": ""3f2d8e43bda4b00af02bac212171756fbdcd56b7d4cc5a07fd377fae86f3031e""}"
qutrit_tableau_clifford,30,900,900,4,20260930,4,0.0029605329982587136,COMPLETED,,False,,25934400,34359738368,21600.0,1.0.1,"{""bell_backend"": ""QuickQudits Tableau d=2; H CX and Clifford observables"", ""grid_backend"": ""QuickQudits Tableau d=3; X only"", ""movement_backend"": ""QuickQudits Tableau d=2; H and S only"", ""observable_mapping"": {""Alice_0"": {""angular_error"": 0.0, ""implemented_theta"": 0.0, ""observable"": ""Z"", ""projector_fidelity"": 1.0, ""target_theta"": 0.0}, ""Alice_1"": {""angular_error"": 0.0, ""implemented_theta"": 0.7853981633974483, ""observable"": ""X"", ""projector_fidelity"": 1.0, ""target_theta"": 0.7853981633974483}, ""Alice_2"": {""angular_error"": 0.0, ""implemented_theta"": 0.0, ""observable"": ""Z"", ""projector_fidelity"": 1.0, ""target_theta"": 0.0}, ""Alice_3"": {""angular_error"": 0.0, ""implemented_theta"": 0.7853981633974483, ""observable"": ""X"", ""projector_fidelity"": 1.0, ""target_theta"": 0.7853981633974483}, ""Bob_0"": {""angular_error"": 0.39269908169872414, ""implemented_theta"": 0.0, ""observable"": ""Z"", ""projector_fidelity"": 0.8535533905932737, ""target_theta"": 0.39269908169872414}, ""Bob_1"": {""angular_error"": 0.39269908169872414, ""implemented_theta"": 0.0, ""observable"": ""Z"", ""projector_fidelity"": 0.8535533905932737, ""target_theta"": -0.39269908169872414}, ""Bob_2"": {""angular_error"": 0.39269908169872414, ""implemented_theta"": 0.0, ""observable"": ""Z"", ""projector_fidelity"": 0.8535533905932737, ""target_theta"": 0.39269908169872414}, ""Bob_3"": {""angular_error"": 0.39269908169872414, ""implemented_theta"": 0.0, ""observable"": ""Z"", ""projector_fidelity"": 0.8535533905932737, ""target_theta"": -0.39269908169872414}}, ""player_grid_count"": 2, ""synthetic_scaling_point"": false, ""systems_per_player"": 900, ""tableau_array_bytes_per_player"": 3241800, ""workload_seed_derivation"": ""SnaQ3-v2 master/n/repetition streams"", ""workload_sha256"": ""2a53e6256a7d051f694bffca1b7f9338674c2bff822a1339ff33a037024850a1""}"
qutrit_tableau_clifford,30,900,900,5,20260930,4,0.0030629809989477508,COMPLETED,,False,,25934400,34359738368,21600.0,1.0.1,"{""bell_backend"": ""QuickQudits Tableau d=2; H CX and Clifford observables"", ""grid_backend"": ""QuickQudits Tableau d=3; X only"", ""movement_backend"": ""QuickQudits Tableau d=2; H and S only"", ""observable_mapping"": {""Alice_0"": {""angular_error"": 0.0, ""implemented_theta"": 0.0, ""observable"": ""Z"", ""projector_fidelity"": 1.0, ""target_theta"": 0.0}, ""Alice_1"": {""angular_error"": 0.0, ""implemented_theta"": 0.7853981633974483, ""observable"": ""X"", ""projector_fidelity"": 1.0, ""target_theta"": 0.7853981633974483}, ""Alice_2"": {""angular_error"": 0.0, ""implemented_theta"": 0.0, ""observable"": ""Z"", ""projector_fidelity"": 1.0, ""target_theta"": 0.0}, ""Alice_3"": {""angular_error"": 0.0, ""implemented_theta"": 0.7853981633974483, ""observable"": ""X"", ""projector_fidelity"": 1.0, ""target_theta"": 0.7853981633974483}, ""Bob_0"": {""angular_error"": 0.39269908169872414, ""implemented_theta"": 0.0, ""observable"": ""Z"", ""projector_fidelity"": 0.8535533905932737, ""target_theta"": 0.39269908169872414}, ""Bob_1"": {""angular_error"": 0.39269908169872414, ""implemented_theta"": 0.0, ""observable"": ""Z"", ""projector_fidelity"": 0.8535533905932737, ""target_theta"": -0.39269908169872414}, ""Bob_2"": {""angular_error"": 0.39269908169872414, ""implemented_theta"": 0.0, ""observable"": ""Z"", ""projector_fidelity"": 0.8535533905932737, ""target_theta"": 0.39269908169872414}, ""Bob_3"": {""angular_error"": 0.39269908169872414, ""implemented_theta"": 0.0, ""observable"": ""Z"", ""projector_fidelity"": 0.8535533905932737, ""target_theta"": -0.39269908169872414}}, ""player_grid_count"": 2, ""synthetic_scaling_point"": false, ""systems_per_player"": 900, ""tableau_array_bytes_per_player"": 3241800, ""workload_seed_derivation"": ""SnaQ3-v2 master/n/repetition streams"", ""workload_sha256"": ""8fbfe27f94deca2a9106305d41d8616a61a6188e22ea9bb38d2a4729860c585f""}"
qutrit_tableau_clifford,30,900,900,6,20260930,4,0.003954017003707122,COMPLETED,,False,,25934400,34359738368,21600.0,1.0.1,"{""bell_backend"": ""QuickQudits Tableau d=2; H CX and Clifford observables"", ""grid_backend"": ""QuickQudits Tableau d=3; X only"", ""movement_backend"": ""QuickQudits Tableau d=2; H and S only"", ""observable_mapping"": {""Alice_0"": {""angular_error"": 0.0, ""implemented_theta"": 0.0, ""observable"": ""Z"", ""projector_fidelity"": 1.0, ""target_theta"": 0.0}, ""Alice_1"": {""angular_error"": 0.0, ""implemented_theta"": 0.7853981633974483, ""observable"": ""X"", ""projector_fidelity"": 1.0, ""target_theta"": 0.7853981633974483}, ""Alice_2"": {""angular_error"": 0.0, ""implemented_theta"": 0.0, ""observable"": ""Z"", ""projector_fidelity"": 1.0, ""target_theta"": 0.0}, ""Alice_3"": {""angular_error"": 0.0, ""implemented_theta"": 0.7853981633974483, ""observable"": ""X"", ""projector_fidelity"": 1.0, ""target_theta"": 0.7853981633974483}, ""Bob_0"": {""angular_error"": 0.39269908169872414, ""implemented_theta"": 0.0, ""observable"": ""Z"", ""projector_fidelity"": 0.8535533905932737, ""target_theta"": 0.39269908169872414}, ""Bob_1"": {""angular_error"": 0.39269908169872414, ""implemented_theta"": 0.0, ""observable"": ""Z"", ""projector_fidelity"": 0.8535533905932737, ""target_theta"": -0.39269908169872414}, ""Bob_2"": {""angular_error"": 0.39269908169872414, ""implemented_theta"": 0.0, ""observable"": ""Z"", ""projector_fidelity"": 0.8535533905932737, ""target_theta"": 0.39269908169872414}, ""Bob_3"": {""angular_error"": 0.39269908169872414, ""implemented_theta"": 0.0, ""observable"": ""Z"", ""projector_fidelity"": 0.8535533905932737, ""target_theta"": -0.39269908169872414}}, ""player_grid_count"": 2, ""synthetic_scaling_point"": false, ""systems_per_player"": 900, ""tableau_array_bytes_per_player"": 3241800, ""workload_seed_derivation"": ""SnaQ3-v2 master/n/repetition streams"", ""workload_sha256"": ""47f31b4bac71402ca10b5370db0a5e3cae541fedd990485d1e00be69eef5ffd6""}"
qutrit_tableau_clifford,30,900,900,7,20260930,4,0.0029171899950597435,COMPLETED,,False,,25934400,34359738368,21600.0,1.0.1,"{""bell_backend"": ""QuickQudits Tableau d=2; H CX and Clifford observables"", ""grid_backend"": ""QuickQudits Tableau d=3; X only"", ""movement_backend"": ""QuickQudits Tableau d=2; H and S only"", ""observable_mapping"": {""Alice_0"": {""angular_error"": 0.0, ""implemented_theta"": 0.0, ""observable"": ""Z"", ""projector_fidelity"": 1.0, ""target_theta"": 0.0}, ""Alice_1"": {""angular_error"": 0.0, ""implemented_theta"": 0.7853981633974483, ""observable"": ""X"", ""projector_fidelity"": 1.0, ""target_theta"": 0.7853981633974483}, ""Alice_2"": {""angular_error"": 0.0, ""implemented_theta"": 0.0, ""observable"": ""Z"", ""projector_fidelity"": 1.0, ""target_theta"": 0.0}, ""Alice_3"": {""angular_error"": 0.0, ""implemented_theta"": 0.7853981633974483, ""observable"": ""X"", ""projector_fidelity"": 1.0, ""target_theta"": 0.7853981633974483}, ""Bob_0"": {""angular_error"": 0.39269908169872414, ""implemented_theta"": 0.0, ""observable"": ""Z"", ""projector_fidelity"": 0.8535533905932737, ""target_theta"": 0.39269908169872414}, ""Bob_1"": {""angular_error"": 0.39269908169872414, ""implemented_theta"": 0.0, ""observable"": ""Z"", ""projector_fidelity"": 0.8535533905932737, ""target_theta"": -0.39269908169872414}, ""Bob_2"": {""angular_error"": 0.39269908169872414, ""implemented_theta"": 0.0, ""observable"": ""Z"", ""projector_fidelity"": 0.8535533905932737, ""target_theta"": 0.39269908169872414}, ""Bob_3"": {""angular_error"": 0.39269908169872414, ""implemented_theta"": 0.0, ""observable"": ""Z"", ""projector_fidelity"": 0.8535533905932737, ""target_theta"": -0.39269908169872414}}, ""player_grid_count"": 2, ""synthetic_scaling_point"": false, ""systems_per_player"": 900, ""tableau_array_bytes_per_player"": 3241800, ""workload_seed_derivation"": ""SnaQ3-v2 master/n/repetition streams"", ""workload_sha256"": ""c763e4fd280162f4cdebaab02d6d241f037ee75e9fdd48bf1747620837e4d648""}"
qutrit_tableau_clifford,30,900,900,8,20260930,4,0.0032630139976390637,COMPLETED,,False,,25934400,34359738368,21600.0,1.0.1,"{""bell_backend"": ""QuickQudits Tableau d=2; H CX and Clifford observables"", ""grid_backend"": ""QuickQudits Tableau d=3; X only"", ""movement_backend"": ""QuickQudits Tableau d=2; H and S only"", ""observable_mapping"": {""Alice_0"": {""angular_error"": 0.0, ""implemented_theta"": 0.0, ""observable"": ""Z"", ""projector_fidelity"": 1.0, ""target_theta"": 0.0}, ""Alice_1"": {""angular_error"": 0.0, ""implemented_theta"": 0.7853981633974483, ""observable"": ""X"", ""projector_fidelity"": 1.0, ""target_theta"": 0.7853981633974483}, ""Alice_2"": {""angular_error"": 0.0, ""implemented_theta"": 0.0, ""observable"": ""Z"", ""projector_fidelity"": 1.0, ""target_theta"": 0.0}, ""Alice_3"": {""angular_error"": 0.0, ""implemented_theta"": 0.7853981633974483, ""observable"": ""X"", ""projector_fidelity"": 1.0, ""target_theta"": 0.7853981633974483}, ""Bob_0"": {""angular_error"": 0.39269908169872414, ""implemented_theta"": 0.0, ""observable"": ""Z"", ""projector_fidelity"": 0.8535533905932737, ""target_theta"": 0.39269908169872414}, ""Bob_1"": {""angular_error"": 0.39269908169872414, ""implemented_theta"": 0.0, ""observable"": ""Z"", ""projector_fidelity"": 0.8535533905932737, ""target_theta"": -0.39269908169872414}, ""Bob_2"": {""angular_error"": 0.39269908169872414, ""implemented_theta"": 0.0, ""observable"": ""Z"", ""projector_fidelity"": 0.8535533905932737, ""target_theta"": 0.39269908169872414}, ""Bob_3"": {""angular_error"": 0.39269908169872414, ""implemented_theta"": 0.0, ""observable"": ""Z"", ""projector_fidelity"": 0.8535533905932737, ""target_theta"": -0.39269908169872414}}, ""player_grid_count"": 2, ""synthetic_scaling_point"": false, ""systems_per_player"": 900, ""tableau_array_bytes_per_player"": 3241800, ""workload_seed_derivation"": ""SnaQ3-v2 master/n/repetition streams"", ""workload_sha256"": ""d9cc70a4083b33676502e27e003381abdeda196d0195a1ae27e5099ec273815d""}"
qutrit_tableau_clifford,30,900,900,9,20260930,4,0.0032350910041714087,COMPLETED,,False,,25934400,34359738368,21600.0,1.0.1,"{""bell_backend"": ""QuickQudits Tableau d=2; H CX and Clifford observables"", ""grid_backend"": ""QuickQudits Tableau d=3; X only"", ""movement_backend"": ""QuickQudits Tableau d=2; H and S only"", ""observable_mapping"": {""Alice_0"": {""angular_error"": 0.0, ""implemented_theta"": 0.0, ""observable"": ""Z"", ""projector_fidelity"": 1.0, ""target_theta"": 0.0}, ""Alice_1"": {""angular_error"": 0.0, ""implemented_theta"": 0.7853981633974483, ""observable"": ""X"", ""projector_fidelity"": 1.0, ""target_theta"": 0.7853981633974483}, ""Alice_2"": {""angular_error"": 0.0, ""implemented_theta"": 0.0, ""observable"": ""Z"", ""projector_fidelity"": 1.0, ""target_theta"": 0.0}, ""Alice_3"": {""angular_error"": 0.0, ""implemented_theta"": 0.7853981633974483, ""observable"": ""X"", ""projector_fidelity"": 1.0, ""target_theta"": 0.7853981633974483}, ""Bob_0"": {""angular_error"": 0.39269908169872414, ""implemented_theta"": 0.0, ""observable"": ""Z"", ""projector_fidelity"": 0.8535533905932737, ""target_theta"": 0.39269908169872414}, ""Bob_1"": {""angular_error"": 0.39269908169872414, ""implemented_theta"": 0.0, ""observable"": ""Z"", ""projector_fidelity"": 0.8535533905932737, ""target_theta"": -0.39269908169872414}, ""Bob_2"": {""angular_error"": 0.39269908169872414, ""implemented_theta"": 0.0, ""observable"": ""Z"", ""projector_fidelity"": 0.8535533905932737, ""target_theta"": 0.39269908169872414}, ""Bob_3"": {""angular_error"": 0.39269908169872414, ""implemented_theta"": 0.0, ""observable"": ""Z"", ""projector_fidelity"": 0.8535533905932737, ""target_theta"": -0.39269908169872414}}, ""player_grid_count"": 2, ""synthetic_scaling_point"": false, ""systems_per_player"": 900, ""tableau_array_bytes_per_player"": 3241800, ""workload_seed_derivation"": ""SnaQ3-v2 master/n/repetition streams"", ""workload_sha256"": ""c8f9492095254e745b750342d52a9294853de8751900c43d685dbcbc2382eb9b""}"
qutrit_tableau_clifford,30,900,900,10,20260930,4,0.003177439000864979,COMPLETED,,False,,25934400,34359738368,21600.0,1.0.1,"{""bell_backend"": ""QuickQudits Tableau d=2; H CX and Clifford observables"", ""grid_backend"": ""QuickQudits Tableau d=3; X only"", ""movement_backend"": ""QuickQudits Tableau d=2; H and S only"", ""observable_mapping"": {""Alice_0"": {""angular_error"": 0.0, ""implemented_theta"": 0.0, ""observable"": ""Z"", ""projector_fidelity"": 1.0, ""target_theta"": 0.0}, ""Alice_1"": {""angular_error"": 0.0, ""implemented_theta"": 0.7853981633974483, ""observable"": ""X"", ""projector_fidelity"": 1.0, ""target_theta"": 0.7853981633974483}, ""Alice_2"": {""angular_error"": 0.0, ""implemented_theta"": 0.0, ""observable"": ""Z"", ""projector_fidelity"": 1.0, ""target_theta"": 0.0}, ""Alice_3"": {""angular_error"": 0.0, ""implemented_theta"": 0.7853981633974483, ""observable"": ""X"", ""projector_fidelity"": 1.0, ""target_theta"": 0.7853981633974483}, ""Bob_0"": {""angular_error"": 0.39269908169872414, ""implemented_theta"": 0.0, ""observable"": ""Z"", ""projector_fidelity"": 0.8535533905932737, ""target_theta"": 0.39269908169872414}, ""Bob_1"": {""angular_error"": 0.39269908169872414, ""implemented_theta"": 0.0, ""observable"": ""Z"", ""projector_fidelity"": 0.8535533905932737, ""target_theta"": -0.39269908169872414}, ""Bob_2"": {""angular_error"": 0.39269908169872414, ""implemented_theta"": 0.0, ""observable"": ""Z"", ""projector_fidelity"": 0.8535533905932737, ""target_theta"": 0.39269908169872414}, ""Bob_3"": {""angular_error"": 0.39269908169872414, ""implemented_theta"": 0.0, ""observable"": ""Z"", ""projector_fidelity"": 0.8535533905932737, ""target_theta"": -0.39269908169872414}}, ""player_grid_count"": 2, ""synthetic_scaling_point"": false, ""systems_per_player"": 900, ""tableau_array_bytes_per_player"": 3241800, ""workload_seed_derivation"": ""SnaQ3-v2 master/n/repetition streams"", ""workload_sha256"": ""e78a65baab111186baeabda3b11b820c2a34c83efbdfc95ffa6fc0b12123c083""}"
qutrit_tableau_clifford,30,900,900,11,20260930,4,0.0029803240031469613,COMPLETED,,False,,25934400,34359738368,21600.0,1.0.1,"{""bell_backend"": ""QuickQudits Tableau d=2; H CX and Clifford observables"", ""grid_backend"": ""QuickQudits Tableau d=3; X only"", ""movement_backend"": ""QuickQudits Tableau d=2; H and S only"", ""observable_mapping"": {""Alice_0"": {""angular_error"": 0.0, ""implemented_theta"": 0.0, ""observable"": ""Z"", ""projector_fidelity"": 1.0, ""target_theta"": 0.0}, ""Alice_1"": {""angular_error"": 0.0, ""implemented_theta"": 0.7853981633974483, ""observable"": ""X"", ""projector_fidelity"": 1.0, ""target_theta"": 0.7853981633974483}, ""Alice_2"": {""angular_error"": 0.0, ""implemented_theta"": 0.0, ""observable"": ""Z"", ""projector_fidelity"": 1.0, ""target_theta"": 0.0}, ""Alice_3"": {""angular_error"": 0.0, ""implemented_theta"": 0.7853981633974483, ""observable"": ""X"", ""projector_fidelity"": 1.0, ""target_theta"": 0.7853981633974483}, ""Bob_0"": {""angular_error"": 0.39269908169872414, ""implemented_theta"": 0.0, ""observable"": ""Z"", ""projector_fidelity"": 0.8535533905932737, ""target_theta"": 0.39269908169872414}, ""Bob_1"": {""angular_error"": 0.39269908169872414, ""implemented_theta"": 0.0, ""observable"": ""Z"", ""projector_fidelity"": 0.8535533905932737, ""target_theta"": -0.39269908169872414}, ""Bob_2"": {""angular_error"": 0.39269908169872414, ""implemented_theta"": 0.0, ""observable"": ""Z"", ""projector_fidelity"": 0.8535533905932737, ""target_theta"": 0.39269908169872414}, ""Bob_3"": {""angular_error"": 0.39269908169872414, ""implemented_theta"": 0.0, ""observable"": ""Z"", ""projector_fidelity"": 0.8535533905932737, ""target_theta"": -0.39269908169872414}}, ""player_grid_count"": 2, ""synthetic_scaling_point"": false, ""systems_per_player"": 900, ""tableau_array_bytes_per_player"": 3241800, ""workload_seed_derivation"": ""SnaQ3-v2 master/n/repetition streams"", ""workload_sha256"": ""7deeec573911bda3f0f089d114e3c0933844050ef561182f3d1b82737afb68a0""}"
qutrit_tableau_clifford,30,900,900,12,20260930,4,0.003226166001695674,COMPLETED,,False,,25934400,34359738368,21600.0,1.0.1,"{""bell_backend"": ""QuickQudits Tableau d=2; H CX and Clifford observables"", ""grid_backend"": ""QuickQudits Tableau d=3; X only"", ""movement_backend"": ""QuickQudits Tableau d=2; H and S only"", ""observable_mapping"": {""Alice_0"": {""angular_error"": 0.0, ""implemented_theta"": 0.0, ""observable"": ""Z"", ""projector_fidelity"": 1.0, ""target_theta"": 0.0}, ""Alice_1"": {""angular_error"": 0.0, ""implemented_theta"": 0.7853981633974483, ""observable"": ""X"", ""projector_fidelity"": 1.0, ""target_theta"": 0.7853981633974483}, ""Alice_2"": {""angular_error"": 0.0, ""implemented_theta"": 0.0, ""observable"": ""Z"", ""projector_fidelity"": 1.0, ""target_theta"": 0.0}, ""Alice_3"": {""angular_error"": 0.0, ""implemented_theta"": 0.7853981633974483, ""observable"": ""X"", ""projector_fidelity"": 1.0, ""target_theta"": 0.7853981633974483}, ""Bob_0"": {""angular_error"": 0.39269908169872414, ""implemented_theta"": 0.0, ""observable"": ""Z"", ""projector_fidelity"": 0.8535533905932737, ""target_theta"": 0.39269908169872414}, ""Bob_1"": {""angular_error"": 0.39269908169872414, ""implemented_theta"": 0.0, ""observable"": ""Z"", ""projector_fidelity"": 0.8535533905932737, ""target_theta"": -0.39269908169872414}, ""Bob_2"": {""angular_error"": 0.39269908169872414, ""implemented_theta"": 0.0, ""observable"": ""Z"", ""projector_fidelity"": 0.8535533905932737, ""target_theta"": 0.39269908169872414}, ""Bob_3"": {""angular_error"": 0.39269908169872414, ""implemented_theta"": 0.0, ""observable"": ""Z"", ""projector_fidelity"": 0.8535533905932737, ""target_theta"": -0.39269908169872414}}, ""player_grid_count"": 2, ""synthetic_scaling_point"": false, ""systems_per_player"": 900, ""tableau_array_bytes_per_player"": 3241800, ""workload_seed_derivation"": ""SnaQ3-v2 master/n/repetition streams"", ""workload_sha256"": ""86c7068873bd0d99e41be4111795607a7781563292ffe4ebfb425014e9b75410""}"
qutrit_tableau_clifford,30,900,900,13,20260930,4,0.003117787004157435,COMPLETED,,False,,25934400,34359738368,21600.0,1.0.1,"{""bell_backend"": ""QuickQudits Tableau d=2; H CX and Clifford observables"", ""grid_backend"": ""QuickQudits Tableau d=3; X only"", ""movement_backend"": ""QuickQudits Tableau d=2; H and S only"", ""observable_mapping"": {""Alice_0"": {""angular_error"": 0.0, ""implemented_theta"": 0.0, ""observable"": ""Z"", ""projector_fidelity"": 1.0, ""target_theta"": 0.0}, ""Alice_1"": {""angular_error"": 0.0, ""implemented_theta"": 0.7853981633974483, ""observable"": ""X"", ""projector_fidelity"": 1.0, ""target_theta"": 0.7853981633974483}, ""Alice_2"": {""angular_error"": 0.0, ""implemented_theta"": 0.0, ""observable"": ""Z"", ""projector_fidelity"": 1.0, ""target_theta"": 0.0}, ""Alice_3"": {""angular_error"": 0.0, ""implemented_theta"": 0.7853981633974483, ""observable"": ""X"", ""projector_fidelity"": 1.0, ""target_theta"": 0.7853981633974483}, ""Bob_0"": {""angular_error"": 0.39269908169872414, ""implemented_theta"": 0.0, ""observable"": ""Z"", ""projector_fidelity"": 0.8535533905932737, ""target_theta"": 0.39269908169872414}, ""Bob_1"": {""angular_error"": 0.39269908169872414, ""implemented_theta"": 0.0, ""observable"": ""Z"", ""projector_fidelity"": 0.8535533905932737, ""target_theta"": -0.39269908169872414}, ""Bob_2"": {""angular_error"": 0.39269908169872414, ""implemented_theta"": 0.0, ""observable"": ""Z"", ""projector_fidelity"": 0.8535533905932737, ""target_theta"": 0.39269908169872414}, ""Bob_3"": {""angular_error"": 0.39269908169872414, ""implemented_theta"": 0.0, ""observable"": ""Z"", ""projector_fidelity"": 0.8535533905932737, ""target_theta"": -0.39269908169872414}}, ""player_grid_count"": 2, ""synthetic_scaling_point"": false, ""systems_per_player"": 900, ""tableau_array_bytes_per_player"": 3241800, ""workload_seed_derivation"": ""SnaQ3-v2 master/n/repetition streams"", ""workload_sha256"": ""983f6f89f83a9f7dc771a61f761669dbbd7ad1f0ab1f931edaa9e58d2e7a7092""}"
qutrit_tableau_clifford,30,900,900,14,20260930,4,0.003426885996304918,COMPLETED,,False,,25934400,34359738368,21600.0,1.0.1,"{""bell_backend"": ""QuickQudits Tableau d=2; H CX and Clifford observables"", ""grid_backend"": ""QuickQudits Tableau d=3; X only"", ""movement_backend"": ""QuickQudits Tableau d=2; H and S only"", ""observable_mapping"": {""Alice_0"": {""angular_error"": 0.0, ""implemented_theta"": 0.0, ""observable"": ""Z"", ""projector_fidelity"": 1.0, ""target_theta"": 0.0}, ""Alice_1"": {""angular_error"": 0.0, ""implemented_theta"": 0.7853981633974483, ""observable"": ""X"", ""projector_fidelity"": 1.0, ""target_theta"": 0.7853981633974483}, ""Alice_2"": {""angular_error"": 0.0, ""implemented_theta"": 0.0, ""observable"": ""Z"", ""projector_fidelity"": 1.0, ""target_theta"": 0.0}, ""Alice_3"": {""angular_error"": 0.0, ""implemented_theta"": 0.7853981633974483, ""observable"": ""X"", ""projector_fidelity"": 1.0, ""target_theta"": 0.7853981633974483}, ""Bob_0"": {""angular_error"": 0.39269908169872414, ""implemented_theta"": 0.0, ""observable"": ""Z"", ""projector_fidelity"": 0.8535533905932737, ""target_theta"": 0.39269908169872414}, ""Bob_1"": {""angular_error"": 0.39269908169872414, ""implemented_theta"": 0.0, ""observable"": ""Z"", ""projector_fidelity"": 0.8535533905932737, ""target_theta"": -0.39269908169872414}, ""Bob_2"": {""angular_error"": 0.39269908169872414, ""implemented_theta"": 0.0, ""observable"": ""Z"", ""projector_fidelity"": 0.8535533905932737, ""target_theta"": 0.39269908169872414}, ""Bob_3"": {""angular_error"": 0.39269908169872414, ""implemented_theta"": 0.0, ""observable"": ""Z"", ""projector_fidelity"": 0.8535533905932737, ""target_theta"": -0.39269908169872414}}, ""player_grid_count"": 2, ""synthetic_scaling_point"": false, ""systems_per_player"": 900, ""tableau_array_bytes_per_player"": 3241800, ""workload_seed_derivation"": ""SnaQ3-v2 master/n/repetition streams"", ""workload_sha256"": ""3e276af694f6ab6d1e35dbc06a2694607fa6e2fd2d74b9457680f93bc7df621c""}"
qutrit_tableau_clifford,30,900,900,15,20260930,4,0.00338669799384661,COMPLETED,,False,,25934400,34359738368,21600.0,1.0.1,"{""bell_backend"": ""QuickQudits Tableau d=2; H CX and Clifford observables"", ""grid_backend"": ""QuickQudits Tableau d=3; X only"", ""movement_backend"": ""QuickQudits Tableau d=2; H and S only"", ""observable_mapping"": {""Alice_0"": {""angular_error"": 0.0, ""implemented_theta"": 0.0, ""observable"": ""Z"", ""projector_fidelity"": 1.0, ""target_theta"": 0.0}, ""Alice_1"": {""angular_error"": 0.0, ""implemented_theta"": 0.7853981633974483, ""observable"": ""X"", ""projector_fidelity"": 1.0, ""target_theta"": 0.7853981633974483}, ""Alice_2"": {""angular_error"": 0.0, ""implemented_theta"": 0.0, ""observable"": ""Z"", ""projector_fidelity"": 1.0, ""target_theta"": 0.0}, ""Alice_3"": {""angular_error"": 0.0, ""implemented_theta"": 0.7853981633974483, ""observable"": ""X"", ""projector_fidelity"": 1.0, ""target_theta"": 0.7853981633974483}, ""Bob_0"": {""angular_error"": 0.39269908169872414, ""implemented_theta"": 0.0, ""observable"": ""Z"", ""projector_fidelity"": 0.8535533905932737, ""target_theta"": 0.39269908169872414}, ""Bob_1"": {""angular_error"": 0.39269908169872414, ""implemented_theta"": 0.0, ""observable"": ""Z"", ""projector_fidelity"": 0.8535533905932737, ""target_theta"": -0.39269908169872414}, ""Bob_2"": {""angular_error"": 0.39269908169872414, ""implemented_theta"": 0.0, ""observable"": ""Z"", ""projector_fidelity"": 0.8535533905932737, ""target_theta"": 0.39269908169872414}, ""Bob_3"": {""angular_error"": 0.39269908169872414, ""implemented_theta"": 0.0, ""observable"": ""Z"", ""projector_fidelity"": 0.8535533905932737, ""target_theta"": -0.39269908169872414}}, ""player_grid_count"": 2, ""synthetic_scaling_point"": false, ""systems_per_player"": 900, ""tableau_array_bytes_per_player"": 3241800, ""workload_seed_derivation"": ""SnaQ3-v2 master/n/repetition streams"", ""workload_sha256"": ""2cdc5afc339b10bf659b617ce387eafc2331da529b00846c97a949e77cb8b3c3""}"
qutrit_tableau_clifford,30,900,900,16,20260930,4,0.003472147000138648,COMPLETED,,False,,25934400,34359738368,21600.0,1.0.1,"{""bell_backend"": ""QuickQudits Tableau d=2; H CX and Clifford observables"", ""grid_backend"": ""QuickQudits Tableau d=3; X only"", ""movement_backend"": ""QuickQudits Tableau d=2; H and S only"", ""observable_mapping"": {""Alice_0"": {""angular_error"": 0.0, ""implemented_theta"": 0.0, ""observable"": ""Z"", ""projector_fidelity"": 1.0, ""target_theta"": 0.0}, ""Alice_1"": {""angular_error"": 0.0, ""implemented_theta"": 0.7853981633974483, ""observable"": ""X"", ""projector_fidelity"": 1.0, ""target_theta"": 0.7853981633974483}, ""Alice_2"": {""angular_error"": 0.0, ""implemented_theta"": 0.0, ""observable"": ""Z"", ""projector_fidelity"": 1.0, ""target_theta"": 0.0}, ""Alice_3"": {""angular_error"": 0.0, ""implemented_theta"": 0.7853981633974483, ""observable"": ""X"", ""projector_fidelity"": 1.0, ""target_theta"": 0.7853981633974483}, ""Bob_0"": {""angular_error"": 0.39269908169872414, ""implemented_theta"": 0.0, ""observable"": ""Z"", ""projector_fidelity"": 0.8535533905932737, ""target_theta"": 0.39269908169872414}, ""Bob_1"": {""angular_error"": 0.39269908169872414, ""implemented_theta"": 0.0, ""observable"": ""Z"", ""projector_fidelity"": 0.8535533905932737, ""target_theta"": -0.39269908169872414}, ""Bob_2"": {""angular_error"": 0.39269908169872414, ""implemented_theta"": 0.0, ""observable"": ""Z"", ""projector_fidelity"": 0.8535533905932737, ""target_theta"": 0.39269908169872414}, ""Bob_3"": {""angular_error"": 0.39269908169872414, ""implemented_theta"": 0.0, ""observable"": ""Z"", ""projector_fidelity"": 0.8535533905932737, ""target_theta"": -0.39269908169872414}}, ""player_grid_count"": 2, ""synthetic_scaling_point"": false, ""systems_per_player"": 900, ""tableau_array_bytes_per_player"": 3241800, ""workload_seed_derivation"": ""SnaQ3-v2 master/n/repetition streams"", ""workload_sha256"": ""2c66dbb3e50709fa157357b4c6d1c020d3c48b1bdd329c01e17e703eb77f2214""}"
qutrit_tableau_clifford,30,900,900,17,20260930,4,0.0032491029996890575,COMPLETED,,False,,25934400,34359738368,21600.0,1.0.1,"{""bell_backend"": ""QuickQudits Tableau d=2; H CX and Clifford observables"", ""grid_backend"": ""QuickQudits Tableau d=3; X only"", ""movement_backend"": ""QuickQudits Tableau d=2; H and S only"", ""observable_mapping"": {""Alice_0"": {""angular_error"": 0.0, ""implemented_theta"": 0.0, ""observable"": ""Z"", ""projector_fidelity"": 1.0, ""target_theta"": 0.0}, ""Alice_1"": {""angular_error"": 0.0, ""implemented_theta"": 0.7853981633974483, ""observable"": ""X"", ""projector_fidelity"": 1.0, ""target_theta"": 0.7853981633974483}, ""Alice_2"": {""angular_error"": 0.0, ""implemented_theta"": 0.0, ""observable"": ""Z"", ""projector_fidelity"": 1.0, ""target_theta"": 0.0}, ""Alice_3"": {""angular_error"": 0.0, ""implemented_theta"": 0.7853981633974483, ""observable"": ""X"", ""projector_fidelity"": 1.0, ""target_theta"": 0.7853981633974483}, ""Bob_0"": {""angular_error"": 0.39269908169872414, ""implemented_theta"": 0.0, ""observable"": ""Z"", ""projector_fidelity"": 0.8535533905932737, ""target_theta"": 0.39269908169872414}, ""Bob_1"": {""angular_error"": 0.39269908169872414, ""implemented_theta"": 0.0, ""observable"": ""Z"", ""projector_fidelity"": 0.8535533905932737, ""target_theta"": -0.39269908169872414}, ""Bob_2"": {""angular_error"": 0.39269908169872414, ""implemented_theta"": 0.0, ""observable"": ""Z"", ""projector_fidelity"": 0.8535533905932737, ""target_theta"": 0.39269908169872414}, ""Bob_3"": {""angular_error"": 0.39269908169872414, ""implemented_theta"": 0.0, ""observable"": ""Z"", ""projector_fidelity"": 0.8535533905932737, ""target_theta"": -0.39269908169872414}}, ""player_grid_count"": 2, ""synthetic_scaling_point"": false, ""systems_per_player"": 900, ""tableau_array_bytes_per_player"": 3241800, ""workload_seed_derivation"": ""SnaQ3-v2 master/n/repetition streams"", ""workload_sha256"": ""c96456c8d1c11830fbb02793811772e0111c07840d923549b8b010c41f7cdc19""}"
qutrit_tableau_clifford,30,900,900,18,20260930,4,0.0032013060044846497,COMPLETED,,False,,25934400,34359738368,21600.0,1.0.1,"{""bell_backend"": ""QuickQudits Tableau d=2; H CX and Clifford observables"", ""grid_backend"": ""QuickQudits Tableau d=3; X only"", ""movement_backend"": ""QuickQudits Tableau d=2; H and S only"", ""observable_mapping"": {""Alice_0"": {""angular_error"": 0.0, ""implemented_theta"": 0.0, ""observable"": ""Z"", ""projector_fidelity"": 1.0, ""target_theta"": 0.0}, ""Alice_1"": {""angular_error"": 0.0, ""implemented_theta"": 0.7853981633974483, ""observable"": ""X"", ""projector_fidelity"": 1.0, ""target_theta"": 0.7853981633974483}, ""Alice_2"": {""angular_error"": 0.0, ""implemented_theta"": 0.0, ""observable"": ""Z"", ""projector_fidelity"": 1.0, ""target_theta"": 0.0}, ""Alice_3"": {""angular_error"": 0.0, ""implemented_theta"": 0.7853981633974483, ""observable"": ""X"", ""projector_fidelity"": 1.0, ""target_theta"": 0.7853981633974483}, ""Bob_0"": {""angular_error"": 0.39269908169872414, ""implemented_theta"": 0.0, ""observable"": ""Z"", ""projector_fidelity"": 0.8535533905932737, ""target_theta"": 0.39269908169872414}, ""Bob_1"": {""angular_error"": 0.39269908169872414, ""implemented_theta"": 0.0, ""observable"": ""Z"", ""projector_fidelity"": 0.8535533905932737, ""target_theta"": -0.39269908169872414}, ""Bob_2"": {""angular_error"": 0.39269908169872414, ""implemented_theta"": 0.0, ""observable"": ""Z"", ""projector_fidelity"": 0.8535533905932737, ""target_theta"": 0.39269908169872414}, ""Bob_3"": {""angular_error"": 0.39269908169872414, ""implemented_theta"": 0.0, ""observable"": ""Z"", ""projector_fidelity"": 0.8535533905932737, ""target_theta"": -0.39269908169872414}}, ""player_grid_count"": 2, ""synthetic_scaling_point"": false, ""systems_per_player"": 900, ""tableau_array_bytes_per_player"": 3241800, ""workload_seed_derivation"": ""SnaQ3-v2 master/n/repetition streams"", ""workload_sha256"": ""0930be16083530bdb5d4cbe7bfc39d79d511825896731dc5d1ce32deb46e864e""}"
qutrit_tableau_clifford,30,900,900,19,20260930,4,0.0031042470000102185,COMPLETED,,False,,25934400,34359738368,21600.0,1.0.1,"{""bell_backend"": ""QuickQudits Tableau d=2; H CX and Clifford observables"", ""grid_backend"": ""QuickQudits Tableau d=3; X only"", ""movement_backend"": ""QuickQudits Tableau d=2; H and S only"", ""observable_mapping"": {""Alice_0"": {""angular_error"": 0.0, ""implemented_theta"": 0.0, ""observable"": ""Z"", ""projector_fidelity"": 1.0, ""target_theta"": 0.0}, ""Alice_1"": {""angular_error"": 0.0, ""implemented_theta"": 0.7853981633974483, ""observable"": ""X"", ""projector_fidelity"": 1.0, ""target_theta"": 0.7853981633974483}, ""Alice_2"": {""angular_error"": 0.0, ""implemented_theta"": 0.0, ""observable"": ""Z"", ""projector_fidelity"": 1.0, ""target_theta"": 0.0}, ""Alice_3"": {""angular_error"": 0.0, ""implemented_theta"": 0.7853981633974483, ""observable"": ""X"", ""projector_fidelity"": 1.0, ""target_theta"": 0.7853981633974483}, ""Bob_0"": {""angular_error"": 0.39269908169872414, ""implemented_theta"": 0.0, ""observable"": ""Z"", ""projector_fidelity"": 0.8535533905932737, ""target_theta"": 0.39269908169872414}, ""Bob_1"": {""angular_error"": 0.39269908169872414, ""implemented_theta"": 0.0, ""observable"": ""Z"", ""projector_fidelity"": 0.8535533905932737, ""target_theta"": -0.39269908169872414}, ""Bob_2"": {""angular_error"": 0.39269908169872414, ""implemented_theta"": 0.0, ""observable"": ""Z"", ""projector_fidelity"": 0.8535533905932737, ""target_theta"": 0.39269908169872414}, ""Bob_3"": {""angular_error"": 0.39269908169872414, ""implemented_theta"": 0.0, ""observable"": ""Z"", ""projector_fidelity"": 0.8535533905932737, ""target_theta"": -0.39269908169872414}}, ""player_grid_count"": 2, ""synthetic_scaling_point"": false, ""systems_per_player"": 900, ""tableau_array_bytes_per_player"": 3241800, ""workload_seed_derivation"": ""SnaQ3-v2 master/n/repetition streams"", ""workload_sha256"": ""ad4bd51162f98b69037f5a2e3f297ccb228eb7e2a8d0b345fa2a77cf60d0ed00""}"
qubit_tableau_transpiled,30,900,1800,0,20260930,4,0.009668587001215201,COMPLETED,,False,,103708800,34359738368,21600.0,1.0.1,"{""bell_backend"": ""QuickQudits Tableau d=2; same Clifford Bell observables as qutrit_tableau_clifford"", ""dense_statevector"": false, ""encoding"": {""0"": ""00"", ""1"": ""01"", ""2"": ""10"", ""invalid"": ""11""}, ""grid_backend"": ""two full QuickQudits Tableau d=2 registers, 2m qubits each"", ""movement_backend"": ""QuickQudits Tableau d=2; H and S only"", ""observable_mapping"": {""Alice_0"": {""angular_error"": 0.0, ""implemented_theta"": 0.0, ""observable"": ""Z"", ""projector_fidelity"": 1.0, ""target_theta"": 0.0}, ""Alice_1"": {""angular_error"": 0.0, ""implemented_theta"": 0.7853981633974483, ""observable"": ""X"", ""projector_fidelity"": 1.0, ""target_theta"": 0.7853981633974483}, ""Alice_2"": {""angular_error"": 0.0, ""implemented_theta"": 0.0, ""observable"": ""Z"", ""projector_fidelity"": 1.0, ""target_theta"": 0.0}, ""Alice_3"": {""angular_error"": 0.0, ""implemented_theta"": 0.7853981633974483, ""observable"": ""X"", ""projector_fidelity"": 1.0, ""target_theta"": 0.7853981633974483}, ""Bob_0"": {""angular_error"": 0.39269908169872414, ""implemented_theta"": 0.0, ""observable"": ""Z"", ""projector_fidelity"": 0.8535533905932737, ""target_theta"": 0.39269908169872414}, ""Bob_1"": {""angular_error"": 0.39269908169872414, ""implemented_theta"": 0.0, ""observable"": ""Z"", ""projector_fidelity"": 0.8535533905932737, ""target_theta"": -0.39269908169872414}, ""Bob_2"": {""angular_error"": 0.39269908169872414, ""implemented_theta"": 0.0, ""observable"": ""Z"", ""projector_fidelity"": 0.8535533905932737, ""target_theta"": 0.39269908169872414}, ""Bob_3"": {""angular_error"": 0.39269908169872414, ""implemented_theta"": 0.0, ""observable"": ""Z"", ""projector_fidelity"": 0.8535533905932737, ""target_theta"": -0.39269908169872414}}, ""player_grid_count"": 2, ""qubits_per_player_grid"": 1800, ""synthetic_scaling_point"": false, ""systems_per_player"": 1800, ""tableau_array_bytes_per_player"": 12963600, ""transpiled_gates"": ""qutrit X -> X(q0), CX(q0,q1), CX(q1,q0); invalid 11 fixed"", ""workload_seed_derivation"": ""SnaQ3-v2 master/n/repetition streams"", ""workload_sha256"": ""5ab7fc00fbb1d84cd86d8d2c7f9422672e8f5c1c9abd9f9130657fddb9228f63""}"
qubit_tableau_transpiled,30,900,1800,1,20260930,4,0.009170177996566053,COMPLETED,,False,,103708800,34359738368,21600.0,1.0.1,"{""bell_backend"": ""QuickQudits Tableau d=2; same Clifford Bell observables as qutrit_tableau_clifford"", ""dense_statevector"": false, ""encoding"": {""0"": ""00"", ""1"": ""01"", ""2"": ""10"", ""invalid"": ""11""}, ""grid_backend"": ""two full QuickQudits Tableau d=2 registers, 2m qubits each"", ""movement_backend"": ""QuickQudits Tableau d=2; H and S only"", ""observable_mapping"": {""Alice_0"": {""angular_error"": 0.0, ""implemented_theta"": 0.0, ""observable"": ""Z"", ""projector_fidelity"": 1.0, ""target_theta"": 0.0}, ""Alice_1"": {""angular_error"": 0.0, ""implemented_theta"": 0.7853981633974483, ""observable"": ""X"", ""projector_fidelity"": 1.0, ""target_theta"": 0.7853981633974483}, ""Alice_2"": {""angular_error"": 0.0, ""implemented_theta"": 0.0, ""observable"": ""Z"", ""projector_fidelity"": 1.0, ""target_theta"": 0.0}, ""Alice_3"": {""angular_error"": 0.0, ""implemented_theta"": 0.7853981633974483, ""observable"": ""X"", ""projector_fidelity"": 1.0, ""target_theta"": 0.7853981633974483}, ""Bob_0"": {""angular_error"": 0.39269908169872414, ""implemented_theta"": 0.0, ""observable"": ""Z"", ""projector_fidelity"": 0.8535533905932737, ""target_theta"": 0.39269908169872414}, ""Bob_1"": {""angular_error"": 0.39269908169872414, ""implemented_theta"": 0.0, ""observable"": ""Z"", ""projector_fidelity"": 0.8535533905932737, ""target_theta"": -0.39269908169872414}, ""Bob_2"": {""angular_error"": 0.39269908169872414, ""implemented_theta"": 0.0, ""observable"": ""Z"", ""projector_fidelity"": 0.8535533905932737, ""target_theta"": 0.39269908169872414}, ""Bob_3"": {""angular_error"": 0.39269908169872414, ""implemented_theta"": 0.0, ""observable"": ""Z"", ""projector_fidelity"": 0.8535533905932737, ""target_theta"": -0.39269908169872414}}, ""player_grid_count"": 2, ""qubits_per_player_grid"": 1800, ""synthetic_scaling_point"": false, ""systems_per_player"": 1800, ""tableau_array_bytes_per_player"": 12963600, ""transpiled_gates"": ""qutrit X -> X(q0), CX(q0,q1), CX(q1,q0); invalid 11 fixed"", ""workload_seed_derivation"": ""SnaQ3-v2 master/n/repetition streams"", ""workload_sha256"": ""868f1edc7fa463c024959fc4e56a92bd12e7ddbe6b4ce4e88419a7c8d3a126da""}"
qubit_tableau_transpiled,30,900,1800,2,20260930,4,0.009555112002999522,COMPLETED,,False,,103708800,34359738368,21600.0,1.0.1,"{""bell_backend"": ""QuickQudits Tableau d=2; same Clifford Bell observables as qutrit_tableau_clifford"", ""dense_statevector"": false, ""encoding"": {""0"": ""00"", ""1"": ""01"", ""2"": ""10"", ""invalid"": ""11""}, ""grid_backend"": ""two full QuickQudits Tableau d=2 registers, 2m qubits each"", ""movement_backend"": ""QuickQudits Tableau d=2; H and S only"", ""observable_mapping"": {""Alice_0"": {""angular_error"": 0.0, ""implemented_theta"": 0.0, ""observable"": ""Z"", ""projector_fidelity"": 1.0, ""target_theta"": 0.0}, ""Alice_1"": {""angular_error"": 0.0, ""implemented_theta"": 0.7853981633974483, ""observable"": ""X"", ""projector_fidelity"": 1.0, ""target_theta"": 0.7853981633974483}, ""Alice_2"": {""angular_error"": 0.0, ""implemented_theta"": 0.0, ""observable"": ""Z"", ""projector_fidelity"": 1.0, ""target_theta"": 0.0}, ""Alice_3"": {""angular_error"": 0.0, ""implemented_theta"": 0.7853981633974483, ""observable"": ""X"", ""projector_fidelity"": 1.0, ""target_theta"": 0.7853981633974483}, ""Bob_0"": {""angular_error"": 0.39269908169872414, ""implemented_theta"": 0.0, ""observable"": ""Z"", ""projector_fidelity"": 0.8535533905932737, ""target_theta"": 0.39269908169872414}, ""Bob_1"": {""angular_error"": 0.39269908169872414, ""implemented_theta"": 0.0, ""observable"": ""Z"", ""projector_fidelity"": 0.8535533905932737, ""target_theta"": -0.39269908169872414}, ""Bob_2"": {""angular_error"": 0.39269908169872414, ""implemented_theta"": 0.0, ""observable"": ""Z"", ""projector_fidelity"": 0.8535533905932737, ""target_theta"": 0.39269908169872414}, ""Bob_3"": {""angular_error"": 0.39269908169872414, ""implemented_theta"": 0.0, ""observable"": ""Z"", ""projector_fidelity"": 0.8535533905932737, ""target_theta"": -0.39269908169872414}}, ""player_grid_count"": 2, ""qubits_per_player_grid"": 1800, ""synthetic_scaling_point"": false, ""systems_per_player"": 1800, ""tableau_array_bytes_per_player"": 12963600, ""transpiled_gates"": ""qutrit X -> X(q0), CX(q0,q1), CX(q1,q0); invalid 11 fixed"", ""workload_seed_derivation"": ""SnaQ3-v2 master/n/repetition streams"", ""workload_sha256"": ""99c576979fba6873b44b67212148fb34a8095a443dcbeb5e1c6fd795d69ecad0""}"
qubit_tableau_transpiled,30,900,1800,3,20260930,4,0.009045020000485238,COMPLETED,,False,,103708800,34359738368,21600.0,1.0.1,"{""bell_backend"": ""QuickQudits Tableau d=2; same Clifford Bell observables as qutrit_tableau_clifford"", ""dense_statevector"": false, ""encoding"": {""0"": ""00"", ""1"": ""01"", ""2"": ""10"", ""invalid"": ""11""}, ""grid_backend"": ""two full QuickQudits Tableau d=2 registers, 2m qubits each"", ""movement_backend"": ""QuickQudits Tableau d=2; H and S only"", ""observable_mapping"": {""Alice_0"": {""angular_error"": 0.0, ""implemented_theta"": 0.0, ""observable"": ""Z"", ""projector_fidelity"": 1.0, ""target_theta"": 0.0}, ""Alice_1"": {""angular_error"": 0.0, ""implemented_theta"": 0.7853981633974483, ""observable"": ""X"", ""projector_fidelity"": 1.0, ""target_theta"": 0.7853981633974483}, ""Alice_2"": {""angular_error"": 0.0, ""implemented_theta"": 0.0, ""observable"": ""Z"", ""projector_fidelity"": 1.0, ""target_theta"": 0.0}, ""Alice_3"": {""angular_error"": 0.0, ""implemented_theta"": 0.7853981633974483, ""observable"": ""X"", ""projector_fidelity"": 1.0, ""target_theta"": 0.7853981633974483}, ""Bob_0"": {""angular_error"": 0.39269908169872414, ""implemented_theta"": 0.0, ""observable"": ""Z"", ""projector_fidelity"": 0.8535533905932737, ""target_theta"": 0.39269908169872414}, ""Bob_1"": {""angular_error"": 0.39269908169872414, ""implemented_theta"": 0.0, ""observable"": ""Z"", ""projector_fidelity"": 0.8535533905932737, ""target_theta"": -0.39269908169872414}, ""Bob_2"": {""angular_error"": 0.39269908169872414, ""implemented_theta"": 0.0, ""observable"": ""Z"", ""projector_fidelity"": 0.8535533905932737, ""target_theta"": 0.39269908169872414}, ""Bob_3"": {""angular_error"": 0.39269908169872414, ""implemented_theta"": 0.0, ""observable"": ""Z"", ""projector_fidelity"": 0.8535533905932737, ""target_theta"": -0.39269908169872414}}, ""player_grid_count"": 2, ""qubits_per_player_grid"": 1800, ""synthetic_scaling_point"": false, ""systems_per_player"": 1800, ""tableau_array_bytes_per_player"": 12963600, ""transpiled_gates"": ""qutrit X -> X(q0), CX(q0,q1), CX(q1,q0); invalid 11 fixed"", ""workload_seed_derivation"": ""SnaQ3-v2 master/n/repetition streams"", ""workload_sha256"": ""3f2d8e43bda4b00af02bac212171756fbdcd56b7d4cc5a07fd377fae86f3031e""}"
qubit_tableau_transpiled,30,900,1800,4,20260930,4,0.009319192002294585,COMPLETED,,False,,103708800,34359738368,21600.0,1.0.1,"{""bell_backend"": ""QuickQudits Tableau d=2; same Clifford Bell observables as qutrit_tableau_clifford"", ""dense_statevector"": false, ""encoding"": {""0"": ""00"", ""1"": ""01"", ""2"": ""10"", ""invalid"": ""11""}, ""grid_backend"": ""two full QuickQudits Tableau d=2 registers, 2m qubits each"", ""movement_backend"": ""QuickQudits Tableau d=2; H and S only"", ""observable_mapping"": {""Alice_0"": {""angular_error"": 0.0, ""implemented_theta"": 0.0, ""observable"": ""Z"", ""projector_fidelity"": 1.0, ""target_theta"": 0.0}, ""Alice_1"": {""angular_error"": 0.0, ""implemented_theta"": 0.7853981633974483, ""observable"": ""X"", ""projector_fidelity"": 1.0, ""target_theta"": 0.7853981633974483}, ""Alice_2"": {""angular_error"": 0.0, ""implemented_theta"": 0.0, ""observable"": ""Z"", ""projector_fidelity"": 1.0, ""target_theta"": 0.0}, ""Alice_3"": {""angular_error"": 0.0, ""implemented_theta"": 0.7853981633974483, ""observable"": ""X"", ""projector_fidelity"": 1.0, ""target_theta"": 0.7853981633974483}, ""Bob_0"": {""angular_error"": 0.39269908169872414, ""implemented_theta"": 0.0, ""observable"": ""Z"", ""projector_fidelity"": 0.8535533905932737, ""target_theta"": 0.39269908169872414}, ""Bob_1"": {""angular_error"": 0.39269908169872414, ""implemented_theta"": 0.0, ""observable"": ""Z"", ""projector_fidelity"": 0.8535533905932737, ""target_theta"": -0.39269908169872414}, ""Bob_2"": {""angular_error"": 0.39269908169872414, ""implemented_theta"": 0.0, ""observable"": ""Z"", ""projector_fidelity"": 0.8535533905932737, ""target_theta"": 0.39269908169872414}, ""Bob_3"": {""angular_error"": 0.39269908169872414, ""implemented_theta"": 0.0, ""observable"": ""Z"", ""projector_fidelity"": 0.8535533905932737, ""target_theta"": -0.39269908169872414}}, ""player_grid_count"": 2, ""qubits_per_player_grid"": 1800, ""synthetic_scaling_point"": false, ""systems_per_player"": 1800, ""tableau_array_bytes_per_player"": 12963600, ""transpiled_gates"": ""qutrit X -> X(q0), CX(q0,q1), CX(q1,q0); invalid 11 fixed"", ""workload_seed_derivation"": ""SnaQ3-v2 master/n/repetition streams"", ""workload_sha256"": ""2a53e6256a7d051f694bffca1b7f9338674c2bff822a1339ff33a037024850a1""}"
qubit_tableau_transpiled,30,900,1800,5,20260930,4,0.009391498002514709,COMPLETED,,False,,103708800,34359738368,21600.0,1.0.1,"{""bell_backend"": ""QuickQudits Tableau d=2; same Clifford Bell observables as qutrit_tableau_clifford"", ""dense_statevector"": false, ""encoding"": {""0"": ""00"", ""1"": ""01"", ""2"": ""10"", ""invalid"": ""11""}, ""grid_backend"": ""two full QuickQudits Tableau d=2 registers, 2m qubits each"", ""movement_backend"": ""QuickQudits Tableau d=2; H and S only"", ""observable_mapping"": {""Alice_0"": {""angular_error"": 0.0, ""implemented_theta"": 0.0, ""observable"": ""Z"", ""projector_fidelity"": 1.0, ""target_theta"": 0.0}, ""Alice_1"": {""angular_error"": 0.0, ""implemented_theta"": 0.7853981633974483, ""observable"": ""X"", ""projector_fidelity"": 1.0, ""target_theta"": 0.7853981633974483}, ""Alice_2"": {""angular_error"": 0.0, ""implemented_theta"": 0.0, ""observable"": ""Z"", ""projector_fidelity"": 1.0, ""target_theta"": 0.0}, ""Alice_3"": {""angular_error"": 0.0, ""implemented_theta"": 0.7853981633974483, ""observable"": ""X"", ""projector_fidelity"": 1.0, ""target_theta"": 0.7853981633974483}, ""Bob_0"": {""angular_error"": 0.39269908169872414, ""implemented_theta"": 0.0, ""observable"": ""Z"", ""projector_fidelity"": 0.8535533905932737, ""target_theta"": 0.39269908169872414}, ""Bob_1"": {""angular_error"": 0.39269908169872414, ""implemented_theta"": 0.0, ""observable"": ""Z"", ""projector_fidelity"": 0.8535533905932737, ""target_theta"": -0.39269908169872414}, ""Bob_2"": {""angular_error"": 0.39269908169872414, ""implemented_theta"": 0.0, ""observable"": ""Z"", ""projector_fidelity"": 0.8535533905932737, ""target_theta"": 0.39269908169872414}, ""Bob_3"": {""angular_error"": 0.39269908169872414, ""implemented_theta"": 0.0, ""observable"": ""Z"", ""projector_fidelity"": 0.8535533905932737, ""target_theta"": -0.39269908169872414}}, ""player_grid_count"": 2, ""qubits_per_player_grid"": 1800, ""synthetic_scaling_point"": false, ""systems_per_player"": 1800, ""tableau_array_bytes_per_player"": 12963600, ""transpiled_gates"": ""qutrit X -> X(q0), CX(q0,q1), CX(q1,q0); invalid 11 fixed"", ""workload_seed_derivation"": ""SnaQ3-v2 master/n/repetition streams"", ""workload_sha256"": ""8fbfe27f94deca2a9106305d41d8616a61a6188e22ea9bb38d2a4729860c585f""}"
qubit_tableau_transpiled,30,900,1800,6,20260930,4,0.009793923003599048,COMPLETED,,False,,103708800,34359738368,21600.0,1.0.1,"{""bell_backend"": ""QuickQudits Tableau d=2; same Clifford Bell observables as qutrit_tableau_clifford"", ""dense_statevector"": false, ""encoding"": {""0"": ""00"", ""1"": ""01"", ""2"": ""10"", ""invalid"": ""11""}, ""grid_backend"": ""two full QuickQudits Tableau d=2 registers, 2m qubits each"", ""movement_backend"": ""QuickQudits Tableau d=2; H and S only"", ""observable_mapping"": {""Alice_0"": {""angular_error"": 0.0, ""implemented_theta"": 0.0, ""observable"": ""Z"", ""projector_fidelity"": 1.0, ""target_theta"": 0.0}, ""Alice_1"": {""angular_error"": 0.0, ""implemented_theta"": 0.7853981633974483, ""observable"": ""X"", ""projector_fidelity"": 1.0, ""target_theta"": 0.7853981633974483}, ""Alice_2"": {""angular_error"": 0.0, ""implemented_theta"": 0.0, ""observable"": ""Z"", ""projector_fidelity"": 1.0, ""target_theta"": 0.0}, ""Alice_3"": {""angular_error"": 0.0, ""implemented_theta"": 0.7853981633974483, ""observable"": ""X"", ""projector_fidelity"": 1.0, ""target_theta"": 0.7853981633974483}, ""Bob_0"": {""angular_error"": 0.39269908169872414, ""implemented_theta"": 0.0, ""observable"": ""Z"", ""projector_fidelity"": 0.8535533905932737, ""target_theta"": 0.39269908169872414}, ""Bob_1"": {""angular_error"": 0.39269908169872414, ""implemented_theta"": 0.0, ""observable"": ""Z"", ""projector_fidelity"": 0.8535533905932737, ""target_theta"": -0.39269908169872414}, ""Bob_2"": {""angular_error"": 0.39269908169872414, ""implemented_theta"": 0.0, ""observable"": ""Z"", ""projector_fidelity"": 0.8535533905932737, ""target_theta"": 0.39269908169872414}, ""Bob_3"": {""angular_error"": 0.39269908169872414, ""implemented_theta"": 0.0, ""observable"": ""Z"", ""projector_fidelity"": 0.8535533905932737, ""target_theta"": -0.39269908169872414}}, ""player_grid_count"": 2, ""qubits_per_player_grid"": 1800, ""synthetic_scaling_point"": false, ""systems_per_player"": 1800, ""tableau_array_bytes_per_player"": 12963600, ""transpiled_gates"": ""qutrit X -> X(q0), CX(q0,q1), CX(q1,q0); invalid 11 fixed"", ""workload_seed_derivation"": ""SnaQ3-v2 master/n/repetition streams"", ""workload_sha256"": ""47f31b4bac71402ca10b5370db0a5e3cae541fedd990485d1e00be69eef5ffd6""}"
qubit_tableau_transpiled,30,900,1800,7,20260930,4,0.010273222003888804,COMPLETED,,False,,103708800,34359738368,21600.0,1.0.1,"{""bell_backend"": ""QuickQudits Tableau d=2; same Clifford Bell observables as qutrit_tableau_clifford"", ""dense_statevector"": false, ""encoding"": {""0"": ""00"", ""1"": ""01"", ""2"": ""10"", ""invalid"": ""11""}, ""grid_backend"": ""two full QuickQudits Tableau d=2 registers, 2m qubits each"", ""movement_backend"": ""QuickQudits Tableau d=2; H and S only"", ""observable_mapping"": {""Alice_0"": {""angular_error"": 0.0, ""implemented_theta"": 0.0, ""observable"": ""Z"", ""projector_fidelity"": 1.0, ""target_theta"": 0.0}, ""Alice_1"": {""angular_error"": 0.0, ""implemented_theta"": 0.7853981633974483, ""observable"": ""X"", ""projector_fidelity"": 1.0, ""target_theta"": 0.7853981633974483}, ""Alice_2"": {""angular_error"": 0.0, ""implemented_theta"": 0.0, ""observable"": ""Z"", ""projector_fidelity"": 1.0, ""target_theta"": 0.0}, ""Alice_3"": {""angular_error"": 0.0, ""implemented_theta"": 0.7853981633974483, ""observable"": ""X"", ""projector_fidelity"": 1.0, ""target_theta"": 0.7853981633974483}, ""Bob_0"": {""angular_error"": 0.39269908169872414, ""implemented_theta"": 0.0, ""observable"": ""Z"", ""projector_fidelity"": 0.8535533905932737, ""target_theta"": 0.39269908169872414}, ""Bob_1"": {""angular_error"": 0.39269908169872414, ""implemented_theta"": 0.0, ""observable"": ""Z"", ""projector_fidelity"": 0.8535533905932737, ""target_theta"": -0.39269908169872414}, ""Bob_2"": {""angular_error"": 0.39269908169872414, ""implemented_theta"": 0.0, ""observable"": ""Z"", ""projector_fidelity"": 0.8535533905932737, ""target_theta"": 0.39269908169872414}, ""Bob_3"": {""angular_error"": 0.39269908169872414, ""implemented_theta"": 0.0, ""observable"": ""Z"", ""projector_fidelity"": 0.8535533905932737, ""target_theta"": -0.39269908169872414}}, ""player_grid_count"": 2, ""qubits_per_player_grid"": 1800, ""synthetic_scaling_point"": false, ""systems_per_player"": 1800, ""tableau_array_bytes_per_player"": 12963600, ""transpiled_gates"": ""qutrit X -> X(q0), CX(q0,q1), CX(q1,q0); invalid 11 fixed"", ""workload_seed_derivation"": ""SnaQ3-v2 master/n/repetition streams"", ""workload_sha256"": ""c763e4fd280162f4cdebaab02d6d241f037ee75e9fdd48bf1747620837e4d648""}"
qubit_tableau_transpiled,30,900,1800,8,20260930,4,0.009743540002091322,COMPLETED,,False,,103708800,34359738368,21600.0,1.0.1,"{""bell_backend"": ""QuickQudits Tableau d=2; same Clifford Bell observables as qutrit_tableau_clifford"", ""dense_statevector"": false, ""encoding"": {""0"": ""00"", ""1"": ""01"", ""2"": ""10"", ""invalid"": ""11""}, ""grid_backend"": ""two full QuickQudits Tableau d=2 registers, 2m qubits each"", ""movement_backend"": ""QuickQudits Tableau d=2; H and S only"", ""observable_mapping"": {""Alice_0"": {""angular_error"": 0.0, ""implemented_theta"": 0.0, ""observable"": ""Z"", ""projector_fidelity"": 1.0, ""target_theta"": 0.0}, ""Alice_1"": {""angular_error"": 0.0, ""implemented_theta"": 0.7853981633974483, ""observable"": ""X"", ""projector_fidelity"": 1.0, ""target_theta"": 0.7853981633974483}, ""Alice_2"": {""angular_error"": 0.0, ""implemented_theta"": 0.0, ""observable"": ""Z"", ""projector_fidelity"": 1.0, ""target_theta"": 0.0}, ""Alice_3"": {""angular_error"": 0.0, ""implemented_theta"": 0.7853981633974483, ""observable"": ""X"", ""projector_fidelity"": 1.0, ""target_theta"": 0.7853981633974483}, ""Bob_0"": {""angular_error"": 0.39269908169872414, ""implemented_theta"": 0.0, ""observable"": ""Z"", ""projector_fidelity"": 0.8535533905932737, ""target_theta"": 0.39269908169872414}, ""Bob_1"": {""angular_error"": 0.39269908169872414, ""implemented_theta"": 0.0, ""observable"": ""Z"", ""projector_fidelity"": 0.8535533905932737, ""target_theta"": -0.39269908169872414}, ""Bob_2"": {""angular_error"": 0.39269908169872414, ""implemented_theta"": 0.0, ""observable"": ""Z"", ""projector_fidelity"": 0.8535533905932737, ""target_theta"": 0.39269908169872414}, ""Bob_3"": {""angular_error"": 0.39269908169872414, ""implemented_theta"": 0.0, ""observable"": ""Z"", ""projector_fidelity"": 0.8535533905932737, ""target_theta"": -0.39269908169872414}}, ""player_grid_count"": 2, ""qubits_per_player_grid"": 1800, ""synthetic_scaling_point"": false, ""systems_per_player"": 1800, ""tableau_array_bytes_per_player"": 12963600, ""transpiled_gates"": ""qutrit X -> X(q0), CX(q0,q1), CX(q1,q0); invalid 11 fixed"", ""workload_seed_derivation"": ""SnaQ3-v2 master/n/repetition streams"", ""workload_sha256"": ""d9cc70a4083b33676502e27e003381abdeda196d0195a1ae27e5099ec273815d""}"
qubit_tableau_transpiled,30,900,1800,9,20260930,4,0.009645463003835175,COMPLETED,,False,,103708800,34359738368,21600.0,1.0.1,"{""bell_backend"": ""QuickQudits Tableau d=2; same Clifford Bell observables as qutrit_tableau_clifford"", ""dense_statevector"": false, ""encoding"": {""0"": ""00"", ""1"": ""01"", ""2"": ""10"", ""invalid"": ""11""}, ""grid_backend"": ""two full QuickQudits Tableau d=2 registers, 2m qubits each"", ""movement_backend"": ""QuickQudits Tableau d=2; H and S only"", ""observable_mapping"": {""Alice_0"": {""angular_error"": 0.0, ""implemented_theta"": 0.0, ""observable"": ""Z"", ""projector_fidelity"": 1.0, ""target_theta"": 0.0}, ""Alice_1"": {""angular_error"": 0.0, ""implemented_theta"": 0.7853981633974483, ""observable"": ""X"", ""projector_fidelity"": 1.0, ""target_theta"": 0.7853981633974483}, ""Alice_2"": {""angular_error"": 0.0, ""implemented_theta"": 0.0, ""observable"": ""Z"", ""projector_fidelity"": 1.0, ""target_theta"": 0.0}, ""Alice_3"": {""angular_error"": 0.0, ""implemented_theta"": 0.7853981633974483, ""observable"": ""X"", ""projector_fidelity"": 1.0, ""target_theta"": 0.7853981633974483}, ""Bob_0"": {""angular_error"": 0.39269908169872414, ""implemented_theta"": 0.0, ""observable"": ""Z"", ""projector_fidelity"": 0.8535533905932737, ""target_theta"": 0.39269908169872414}, ""Bob_1"": {""angular_error"": 0.39269908169872414, ""implemented_theta"": 0.0, ""observable"": ""Z"", ""projector_fidelity"": 0.8535533905932737, ""target_theta"": -0.39269908169872414}, ""Bob_2"": {""angular_error"": 0.39269908169872414, ""implemented_theta"": 0.0, ""observable"": ""Z"", ""projector_fidelity"": 0.8535533905932737, ""target_theta"": 0.39269908169872414}, ""Bob_3"": {""angular_error"": 0.39269908169872414, ""implemented_theta"": 0.0, ""observable"": ""Z"", ""projector_fidelity"": 0.8535533905932737, ""target_theta"": -0.39269908169872414}}, ""player_grid_count"": 2, ""qubits_per_player_grid"": 1800, ""synthetic_scaling_point"": false, ""systems_per_player"": 1800, ""tableau_array_bytes_per_player"": 12963600, ""transpiled_gates"": ""qutrit X -> X(q0), CX(q0,q1), CX(q1,q0); invalid 11 fixed"", ""workload_seed_derivation"": ""SnaQ3-v2 master/n/repetition streams"", ""workload_sha256"": ""c8f9492095254e745b750342d52a9294853de8751900c43d685dbcbc2382eb9b""}"
qubit_tableau_transpiled,30,900,1800,10,20260930,4,0.01021213800413534,COMPLETED,,False,,103708800,34359738368,21600.0,1.0.1,"{""bell_backend"": ""QuickQudits Tableau d=2; same Clifford Bell observables as qutrit_tableau_clifford"", ""dense_statevector"": false, ""encoding"": {""0"": ""00"", ""1"": ""01"", ""2"": ""10"", ""invalid"": ""11""}, ""grid_backend"": ""two full QuickQudits Tableau d=2 registers, 2m qubits each"", ""movement_backend"": ""QuickQudits Tableau d=2; H and S only"", ""observable_mapping"": {""Alice_0"": {""angular_error"": 0.0, ""implemented_theta"": 0.0, ""observable"": ""Z"", ""projector_fidelity"": 1.0, ""target_theta"": 0.0}, ""Alice_1"": {""angular_error"": 0.0, ""implemented_theta"": 0.7853981633974483, ""observable"": ""X"", ""projector_fidelity"": 1.0, ""target_theta"": 0.7853981633974483}, ""Alice_2"": {""angular_error"": 0.0, ""implemented_theta"": 0.0, ""observable"": ""Z"", ""projector_fidelity"": 1.0, ""target_theta"": 0.0}, ""Alice_3"": {""angular_error"": 0.0, ""implemented_theta"": 0.7853981633974483, ""observable"": ""X"", ""projector_fidelity"": 1.0, ""target_theta"": 0.7853981633974483}, ""Bob_0"": {""angular_error"": 0.39269908169872414, ""implemented_theta"": 0.0, ""observable"": ""Z"", ""projector_fidelity"": 0.8535533905932737, ""target_theta"": 0.39269908169872414}, ""Bob_1"": {""angular_error"": 0.39269908169872414, ""implemented_theta"": 0.0, ""observable"": ""Z"", ""projector_fidelity"": 0.8535533905932737, ""target_theta"": -0.39269908169872414}, ""Bob_2"": {""angular_error"": 0.39269908169872414, ""implemented_theta"": 0.0, ""observable"": ""Z"", ""projector_fidelity"": 0.8535533905932737, ""target_theta"": 0.39269908169872414}, ""Bob_3"": {""angular_error"": 0.39269908169872414, ""implemented_theta"": 0.0, ""observable"": ""Z"", ""projector_fidelity"": 0.8535533905932737, ""target_theta"": -0.39269908169872414}}, ""player_grid_count"": 2, ""qubits_per_player_grid"": 1800, ""synthetic_scaling_point"": false, ""systems_per_player"": 1800, ""tableau_array_bytes_per_player"": 12963600, ""transpiled_gates"": ""qutrit X -> X(q0), CX(q0,q1), CX(q1,q0); invalid 11 fixed"", ""workload_seed_derivation"": ""SnaQ3-v2 master/n/repetition streams"", ""workload_sha256"": ""e78a65baab111186baeabda3b11b820c2a34c83efbdfc95ffa6fc0b12123c083""}"
qubit_tableau_transpiled,30,900,1800,11,20260930,4,0.010510084000998177,COMPLETED,,False,,103708800,34359738368,21600.0,1.0.1,"{""bell_backend"": ""QuickQudits Tableau d=2; same Clifford Bell observables as qutrit_tableau_clifford"", ""dense_statevector"": false, ""encoding"": {""0"": ""00"", ""1"": ""01"", ""2"": ""10"", ""invalid"": ""11""}, ""grid_backend"": ""two full QuickQudits Tableau d=2 registers, 2m qubits each"", ""movement_backend"": ""QuickQudits Tableau d=2; H and S only"", ""observable_mapping"": {""Alice_0"": {""angular_error"": 0.0, ""implemented_theta"": 0.0, ""observable"": ""Z"", ""projector_fidelity"": 1.0, ""target_theta"": 0.0}, ""Alice_1"": {""angular_error"": 0.0, ""implemented_theta"": 0.7853981633974483, ""observable"": ""X"", ""projector_fidelity"": 1.0, ""target_theta"": 0.7853981633974483}, ""Alice_2"": {""angular_error"": 0.0, ""implemented_theta"": 0.0, ""observable"": ""Z"", ""projector_fidelity"": 1.0, ""target_theta"": 0.0}, ""Alice_3"": {""angular_error"": 0.0, ""implemented_theta"": 0.7853981633974483, ""observable"": ""X"", ""projector_fidelity"": 1.0, ""target_theta"": 0.7853981633974483}, ""Bob_0"": {""angular_error"": 0.39269908169872414, ""implemented_theta"": 0.0, ""observable"": ""Z"", ""projector_fidelity"": 0.8535533905932737, ""target_theta"": 0.39269908169872414}, ""Bob_1"": {""angular_error"": 0.39269908169872414, ""implemented_theta"": 0.0, ""observable"": ""Z"", ""projector_fidelity"": 0.8535533905932737, ""target_theta"": -0.39269908169872414}, ""Bob_2"": {""angular_error"": 0.39269908169872414, ""implemented_theta"": 0.0, ""observable"": ""Z"", ""projector_fidelity"": 0.8535533905932737, ""target_theta"": 0.39269908169872414}, ""Bob_3"": {""angular_error"": 0.39269908169872414, ""implemented_theta"": 0.0, ""observable"": ""Z"", ""projector_fidelity"": 0.8535533905932737, ""target_theta"": -0.39269908169872414}}, ""player_grid_count"": 2, ""qubits_per_player_grid"": 1800, ""synthetic_scaling_point"": false, ""systems_per_player"": 1800, ""tableau_array_bytes_per_player"": 12963600, ""transpiled_gates"": ""qutrit X -> X(q0), CX(q0,q1), CX(q1,q0); invalid 11 fixed"", ""workload_seed_derivation"": ""SnaQ3-v2 master/n/repetition streams"", ""workload_sha256"": ""7deeec573911bda3f0f089d114e3c0933844050ef561182f3d1b82737afb68a0""}"
qubit_tableau_transpiled,30,900,1800,12,20260930,4,0.010025821000454016,COMPLETED,,False,,103708800,34359738368,21600.0,1.0.1,"{""bell_backend"": ""QuickQudits Tableau d=2; same Clifford Bell observables as qutrit_tableau_clifford"", ""dense_statevector"": false, ""encoding"": {""0"": ""00"", ""1"": ""01"", ""2"": ""10"", ""invalid"": ""11""}, ""grid_backend"": ""two full QuickQudits Tableau d=2 registers, 2m qubits each"", ""movement_backend"": ""QuickQudits Tableau d=2; H and S only"", ""observable_mapping"": {""Alice_0"": {""angular_error"": 0.0, ""implemented_theta"": 0.0, ""observable"": ""Z"", ""projector_fidelity"": 1.0, ""target_theta"": 0.0}, ""Alice_1"": {""angular_error"": 0.0, ""implemented_theta"": 0.7853981633974483, ""observable"": ""X"", ""projector_fidelity"": 1.0, ""target_theta"": 0.7853981633974483}, ""Alice_2"": {""angular_error"": 0.0, ""implemented_theta"": 0.0, ""observable"": ""Z"", ""projector_fidelity"": 1.0, ""target_theta"": 0.0}, ""Alice_3"": {""angular_error"": 0.0, ""implemented_theta"": 0.7853981633974483, ""observable"": ""X"", ""projector_fidelity"": 1.0, ""target_theta"": 0.7853981633974483}, ""Bob_0"": {""angular_error"": 0.39269908169872414, ""implemented_theta"": 0.0, ""observable"": ""Z"", ""projector_fidelity"": 0.8535533905932737, ""target_theta"": 0.39269908169872414}, ""Bob_1"": {""angular_error"": 0.39269908169872414, ""implemented_theta"": 0.0, ""observable"": ""Z"", ""projector_fidelity"": 0.8535533905932737, ""target_theta"": -0.39269908169872414}, ""Bob_2"": {""angular_error"": 0.39269908169872414, ""implemented_theta"": 0.0, ""observable"": ""Z"", ""projector_fidelity"": 0.8535533905932737, ""target_theta"": 0.39269908169872414}, ""Bob_3"": {""angular_error"": 0.39269908169872414, ""implemented_theta"": 0.0, ""observable"": ""Z"", ""projector_fidelity"": 0.8535533905932737, ""target_theta"": -0.39269908169872414}}, ""player_grid_count"": 2, ""qubits_per_player_grid"": 1800, ""synthetic_scaling_point"": false, ""systems_per_player"": 1800, ""tableau_array_bytes_per_player"": 12963600, ""transpiled_gates"": ""qutrit X -> X(q0), CX(q0,q1), CX(q1,q0); invalid 11 fixed"", ""workload_seed_derivation"": ""SnaQ3-v2 master/n/repetition streams"", ""workload_sha256"": ""86c7068873bd0d99e41be4111795607a7781563292ffe4ebfb425014e9b75410""}"
qubit_tableau_transpiled,30,900,1800,13,20260930,4,0.010019101995567326,COMPLETED,,False,,103708800,34359738368,21600.0,1.0.1,"{""bell_backend"": ""QuickQudits Tableau d=2; same Clifford Bell observables as qutrit_tableau_clifford"", ""dense_statevector"": false, ""encoding"": {""0"": ""00"", ""1"": ""01"", ""2"": ""10"", ""invalid"": ""11""}, ""grid_backend"": ""two full QuickQudits Tableau d=2 registers, 2m qubits each"", ""movement_backend"": ""QuickQudits Tableau d=2; H and S only"", ""observable_mapping"": {""Alice_0"": {""angular_error"": 0.0, ""implemented_theta"": 0.0, ""observable"": ""Z"", ""projector_fidelity"": 1.0, ""target_theta"": 0.0}, ""Alice_1"": {""angular_error"": 0.0, ""implemented_theta"": 0.7853981633974483, ""observable"": ""X"", ""projector_fidelity"": 1.0, ""target_theta"": 0.7853981633974483}, ""Alice_2"": {""angular_error"": 0.0, ""implemented_theta"": 0.0, ""observable"": ""Z"", ""projector_fidelity"": 1.0, ""target_theta"": 0.0}, ""Alice_3"": {""angular_error"": 0.0, ""implemented_theta"": 0.7853981633974483, ""observable"": ""X"", ""projector_fidelity"": 1.0, ""target_theta"": 0.7853981633974483}, ""Bob_0"": {""angular_error"": 0.39269908169872414, ""implemented_theta"": 0.0, ""observable"": ""Z"", ""projector_fidelity"": 0.8535533905932737, ""target_theta"": 0.39269908169872414}, ""Bob_1"": {""angular_error"": 0.39269908169872414, ""implemented_theta"": 0.0, ""observable"": ""Z"", ""projector_fidelity"": 0.8535533905932737, ""target_theta"": -0.39269908169872414}, ""Bob_2"": {""angular_error"": 0.39269908169872414, ""implemented_theta"": 0.0, ""observable"": ""Z"", ""projector_fidelity"": 0.8535533905932737, ""target_theta"": 0.39269908169872414}, ""Bob_3"": {""angular_error"": 0.39269908169872414, ""implemented_theta"": 0.0, ""observable"": ""Z"", ""projector_fidelity"": 0.8535533905932737, ""target_theta"": -0.39269908169872414}}, ""player_grid_count"": 2, ""qubits_per_player_grid"": 1800, ""synthetic_scaling_point"": false, ""systems_per_player"": 1800, ""tableau_array_bytes_per_player"": 12963600, ""transpiled_gates"": ""qutrit X -> X(q0), CX(q0,q1), CX(q1,q0); invalid 11 fixed"", ""workload_seed_derivation"": ""SnaQ3-v2 master/n/repetition streams"", ""workload_sha256"": ""983f6f89f83a9f7dc771a61f761669dbbd7ad1f0ab1f931edaa9e58d2e7a7092""}"
qubit_tableau_transpiled,30,900,1800,14,20260930,4,0.010198066003795248,COMPLETED,,False,,103708800,34359738368,21600.0,1.0.1,"{""bell_backend"": ""QuickQudits Tableau d=2; same Clifford Bell observables as qutrit_tableau_clifford"", ""dense_statevector"": false, ""encoding"": {""0"": ""00"", ""1"": ""01"", ""2"": ""10"", ""invalid"": ""11""}, ""grid_backend"": ""two full QuickQudits Tableau d=2 registers, 2m qubits each"", ""movement_backend"": ""QuickQudits Tableau d=2; H and S only"", ""observable_mapping"": {""Alice_0"": {""angular_error"": 0.0, ""implemented_theta"": 0.0, ""observable"": ""Z"", ""projector_fidelity"": 1.0, ""target_theta"": 0.0}, ""Alice_1"": {""angular_error"": 0.0, ""implemented_theta"": 0.7853981633974483, ""observable"": ""X"", ""projector_fidelity"": 1.0, ""target_theta"": 0.7853981633974483}, ""Alice_2"": {""angular_error"": 0.0, ""implemented_theta"": 0.0, ""observable"": ""Z"", ""projector_fidelity"": 1.0, ""target_theta"": 0.0}, ""Alice_3"": {""angular_error"": 0.0, ""implemented_theta"": 0.7853981633974483, ""observable"": ""X"", ""projector_fidelity"": 1.0, ""target_theta"": 0.7853981633974483}, ""Bob_0"": {""angular_error"": 0.39269908169872414, ""implemented_theta"": 0.0, ""observable"": ""Z"", ""projector_fidelity"": 0.8535533905932737, ""target_theta"": 0.39269908169872414}, ""Bob_1"": {""angular_error"": 0.39269908169872414, ""implemented_theta"": 0.0, ""observable"": ""Z"", ""projector_fidelity"": 0.8535533905932737, ""target_theta"": -0.39269908169872414}, ""Bob_2"": {""angular_error"": 0.39269908169872414, ""implemented_theta"": 0.0, ""observable"": ""Z"", ""projector_fidelity"": 0.8535533905932737, ""target_theta"": 0.39269908169872414}, ""Bob_3"": {""angular_error"": 0.39269908169872414, ""implemented_theta"": 0.0, ""observable"": ""Z"", ""projector_fidelity"": 0.8535533905932737, ""target_theta"": -0.39269908169872414}}, ""player_grid_count"": 2, ""qubits_per_player_grid"": 1800, ""synthetic_scaling_point"": false, ""systems_per_player"": 1800, ""tableau_array_bytes_per_player"": 12963600, ""transpiled_gates"": ""qutrit X -> X(q0), CX(q0,q1), CX(q1,q0); invalid 11 fixed"", ""workload_seed_derivation"": ""SnaQ3-v2 master/n/repetition streams"", ""workload_sha256"": ""3e276af694f6ab6d1e35dbc06a2694607fa6e2fd2d74b9457680f93bc7df621c""}"
qubit_tableau_transpiled,30,900,1800,15,20260930,4,0.010246422003547195,COMPLETED,,False,,103708800,34359738368,21600.0,1.0.1,"{""bell_backend"": ""QuickQudits Tableau d=2; same Clifford Bell observables as qutrit_tableau_clifford"", ""dense_statevector"": false, ""encoding"": {""0"": ""00"", ""1"": ""01"", ""2"": ""10"", ""invalid"": ""11""}, ""grid_backend"": ""two full QuickQudits Tableau d=2 registers, 2m qubits each"", ""movement_backend"": ""QuickQudits Tableau d=2; H and S only"", ""observable_mapping"": {""Alice_0"": {""angular_error"": 0.0, ""implemented_theta"": 0.0, ""observable"": ""Z"", ""projector_fidelity"": 1.0, ""target_theta"": 0.0}, ""Alice_1"": {""angular_error"": 0.0, ""implemented_theta"": 0.7853981633974483, ""observable"": ""X"", ""projector_fidelity"": 1.0, ""target_theta"": 0.7853981633974483}, ""Alice_2"": {""angular_error"": 0.0, ""implemented_theta"": 0.0, ""observable"": ""Z"", ""projector_fidelity"": 1.0, ""target_theta"": 0.0}, ""Alice_3"": {""angular_error"": 0.0, ""implemented_theta"": 0.7853981633974483, ""observable"": ""X"", ""projector_fidelity"": 1.0, ""target_theta"": 0.7853981633974483}, ""Bob_0"": {""angular_error"": 0.39269908169872414, ""implemented_theta"": 0.0, ""observable"": ""Z"", ""projector_fidelity"": 0.8535533905932737, ""target_theta"": 0.39269908169872414}, ""Bob_1"": {""angular_error"": 0.39269908169872414, ""implemented_theta"": 0.0, ""observable"": ""Z"", ""projector_fidelity"": 0.8535533905932737, ""target_theta"": -0.39269908169872414}, ""Bob_2"": {""angular_error"": 0.39269908169872414, ""implemented_theta"": 0.0, ""observable"": ""Z"", ""projector_fidelity"": 0.8535533905932737, ""target_theta"": 0.39269908169872414}, ""Bob_3"": {""angular_error"": 0.39269908169872414, ""implemented_theta"": 0.0, ""observable"": ""Z"", ""projector_fidelity"": 0.8535533905932737, ""target_theta"": -0.39269908169872414}}, ""player_grid_count"": 2, ""qubits_per_player_grid"": 1800, ""synthetic_scaling_point"": false, ""systems_per_player"": 1800, ""tableau_array_bytes_per_player"": 12963600, ""transpiled_gates"": ""qutrit X -> X(q0), CX(q0,q1), CX(q1,q0); invalid 11 fixed"", ""workload_seed_derivation"": ""SnaQ3-v2 master/n/repetition streams"", ""workload_sha256"": ""2cdc5afc339b10bf659b617ce387eafc2331da529b00846c97a949e77cb8b3c3""}"
qubit_tableau_transpiled,30,900,1800,16,20260930,4,0.009610895998775959,COMPLETED,,False,,103708800,34359738368,21600.0,1.0.1,"{""bell_backend"": ""QuickQudits Tableau d=2; same Clifford Bell observables as qutrit_tableau_clifford"", ""dense_statevector"": false, ""encoding"": {""0"": ""00"", ""1"": ""01"", ""2"": ""10"", ""invalid"": ""11""}, ""grid_backend"": ""two full QuickQudits Tableau d=2 registers, 2m qubits each"", ""movement_backend"": ""QuickQudits Tableau d=2; H and S only"", ""observable_mapping"": {""Alice_0"": {""angular_error"": 0.0, ""implemented_theta"": 0.0, ""observable"": ""Z"", ""projector_fidelity"": 1.0, ""target_theta"": 0.0}, ""Alice_1"": {""angular_error"": 0.0, ""implemented_theta"": 0.7853981633974483, ""observable"": ""X"", ""projector_fidelity"": 1.0, ""target_theta"": 0.7853981633974483}, ""Alice_2"": {""angular_error"": 0.0, ""implemented_theta"": 0.0, ""observable"": ""Z"", ""projector_fidelity"": 1.0, ""target_theta"": 0.0}, ""Alice_3"": {""angular_error"": 0.0, ""implemented_theta"": 0.7853981633974483, ""observable"": ""X"", ""projector_fidelity"": 1.0, ""target_theta"": 0.7853981633974483}, ""Bob_0"": {""angular_error"": 0.39269908169872414, ""implemented_theta"": 0.0, ""observable"": ""Z"", ""projector_fidelity"": 0.8535533905932737, ""target_theta"": 0.39269908169872414}, ""Bob_1"": {""angular_error"": 0.39269908169872414, ""implemented_theta"": 0.0, ""observable"": ""Z"", ""projector_fidelity"": 0.8535533905932737, ""target_theta"": -0.39269908169872414}, ""Bob_2"": {""angular_error"": 0.39269908169872414, ""implemented_theta"": 0.0, ""observable"": ""Z"", ""projector_fidelity"": 0.8535533905932737, ""target_theta"": 0.39269908169872414}, ""Bob_3"": {""angular_error"": 0.39269908169872414, ""implemented_theta"": 0.0, ""observable"": ""Z"", ""projector_fidelity"": 0.8535533905932737, ""target_theta"": -0.39269908169872414}}, ""player_grid_count"": 2, ""qubits_per_player_grid"": 1800, ""synthetic_scaling_point"": false, ""systems_per_player"": 1800, ""tableau_array_bytes_per_player"": 12963600, ""transpiled_gates"": ""qutrit X -> X(q0), CX(q0,q1), CX(q1,q0); invalid 11 fixed"", ""workload_seed_derivation"": ""SnaQ3-v2 master/n/repetition streams"", ""workload_sha256"": ""2c66dbb3e50709fa157357b4c6d1c020d3c48b1bdd329c01e17e703eb77f2214""}"
qubit_tableau_transpiled,30,900,1800,17,20260930,4,0.009458513995923568,COMPLETED,,False,,103708800,34359738368,21600.0,1.0.1,"{""bell_backend"": ""QuickQudits Tableau d=2; same Clifford Bell observables as qutrit_tableau_clifford"", ""dense_statevector"": false, ""encoding"": {""0"": ""00"", ""1"": ""01"", ""2"": ""10"", ""invalid"": ""11""}, ""grid_backend"": ""two full QuickQudits Tableau d=2 registers, 2m qubits each"", ""movement_backend"": ""QuickQudits Tableau d=2; H and S only"", ""observable_mapping"": {""Alice_0"": {""angular_error"": 0.0, ""implemented_theta"": 0.0, ""observable"": ""Z"", ""projector_fidelity"": 1.0, ""target_theta"": 0.0}, ""Alice_1"": {""angular_error"": 0.0, ""implemented_theta"": 0.7853981633974483, ""observable"": ""X"", ""projector_fidelity"": 1.0, ""target_theta"": 0.7853981633974483}, ""Alice_2"": {""angular_error"": 0.0, ""implemented_theta"": 0.0, ""observable"": ""Z"", ""projector_fidelity"": 1.0, ""target_theta"": 0.0}, ""Alice_3"": {""angular_error"": 0.0, ""implemented_theta"": 0.7853981633974483, ""observable"": ""X"", ""projector_fidelity"": 1.0, ""target_theta"": 0.7853981633974483}, ""Bob_0"": {""angular_error"": 0.39269908169872414, ""implemented_theta"": 0.0, ""observable"": ""Z"", ""projector_fidelity"": 0.8535533905932737, ""target_theta"": 0.39269908169872414}, ""Bob_1"": {""angular_error"": 0.39269908169872414, ""implemented_theta"": 0.0, ""observable"": ""Z"", ""projector_fidelity"": 0.8535533905932737, ""target_theta"": -0.39269908169872414}, ""Bob_2"": {""angular_error"": 0.39269908169872414, ""implemented_theta"": 0.0, ""observable"": ""Z"", ""projector_fidelity"": 0.8535533905932737, ""target_theta"": 0.39269908169872414}, ""Bob_3"": {""angular_error"": 0.39269908169872414, ""implemented_theta"": 0.0, ""observable"": ""Z"", ""projector_fidelity"": 0.8535533905932737, ""target_theta"": -0.39269908169872414}}, ""player_grid_count"": 2, ""qubits_per_player_grid"": 1800, ""synthetic_scaling_point"": false, ""systems_per_player"": 1800, ""tableau_array_bytes_per_player"": 12963600, ""transpiled_gates"": ""qutrit X -> X(q0), CX(q0,q1), CX(q1,q0); invalid 11 fixed"", ""workload_seed_derivation"": ""SnaQ3-v2 master/n/repetition streams"", ""workload_sha256"": ""c96456c8d1c11830fbb02793811772e0111c07840d923549b8b010c41f7cdc19""}"
qubit_tableau_transpiled,30,900,1800,18,20260930,4,0.011796670005423948,COMPLETED,,False,,103708800,34359738368,21600.0,1.0.1,"{""bell_backend"": ""QuickQudits Tableau d=2; same Clifford Bell observables as qutrit_tableau_clifford"", ""dense_statevector"": false, ""encoding"": {""0"": ""00"", ""1"": ""01"", ""2"": ""10"", ""invalid"": ""11""}, ""grid_backend"": ""two full QuickQudits Tableau d=2 registers, 2m qubits each"", ""movement_backend"": ""QuickQudits Tableau d=2; H and S only"", ""observable_mapping"": {""Alice_0"": {""angular_error"": 0.0, ""implemented_theta"": 0.0, ""observable"": ""Z"", ""projector_fidelity"": 1.0, ""target_theta"": 0.0}, ""Alice_1"": {""angular_error"": 0.0, ""implemented_theta"": 0.7853981633974483, ""observable"": ""X"", ""projector_fidelity"": 1.0, ""target_theta"": 0.7853981633974483}, ""Alice_2"": {""angular_error"": 0.0, ""implemented_theta"": 0.0, ""observable"": ""Z"", ""projector_fidelity"": 1.0, ""target_theta"": 0.0}, ""Alice_3"": {""angular_error"": 0.0, ""implemented_theta"": 0.7853981633974483, ""observable"": ""X"", ""projector_fidelity"": 1.0, ""target_theta"": 0.7853981633974483}, ""Bob_0"": {""angular_error"": 0.39269908169872414, ""implemented_theta"": 0.0, ""observable"": ""Z"", ""projector_fidelity"": 0.8535533905932737, ""target_theta"": 0.39269908169872414}, ""Bob_1"": {""angular_error"": 0.39269908169872414, ""implemented_theta"": 0.0, ""observable"": ""Z"", ""projector_fidelity"": 0.8535533905932737, ""target_theta"": -0.39269908169872414}, ""Bob_2"": {""angular_error"": 0.39269908169872414, ""implemented_theta"": 0.0, ""observable"": ""Z"", ""projector_fidelity"": 0.8535533905932737, ""target_theta"": 0.39269908169872414}, ""Bob_3"": {""angular_error"": 0.39269908169872414, ""implemented_theta"": 0.0, ""observable"": ""Z"", ""projector_fidelity"": 0.8535533905932737, ""target_theta"": -0.39269908169872414}}, ""player_grid_count"": 2, ""qubits_per_player_grid"": 1800, ""synthetic_scaling_point"": false, ""systems_per_player"": 1800, ""tableau_array_bytes_per_player"": 12963600, ""transpiled_gates"": ""qutrit X -> X(q0), CX(q0,q1), CX(q1,q0); invalid 11 fixed"", ""workload_seed_derivation"": ""SnaQ3-v2 master/n/repetition streams"", ""workload_sha256"": ""0930be16083530bdb5d4cbe7bfc39d79d511825896731dc5d1ce32deb46e864e""}"
qubit_tableau_transpiled,30,900,1800,19,20260930,4,0.011198341999261174,COMPLETED,,False,,103708800,34359738368,21600.0,1.0.1,"{""bell_backend"": ""QuickQudits Tableau d=2; same Clifford Bell observables as qutrit_tableau_clifford"", ""dense_statevector"": false, ""encoding"": {""0"": ""00"", ""1"": ""01"", ""2"": ""10"", ""invalid"": ""11""}, ""grid_backend"": ""two full QuickQudits Tableau d=2 registers, 2m qubits each"", ""movement_backend"": ""QuickQudits Tableau d=2; H and S only"", ""observable_mapping"": {""Alice_0"": {""angular_error"": 0.0, ""implemented_theta"": 0.0, ""observable"": ""Z"", ""projector_fidelity"": 1.0, ""target_theta"": 0.0}, ""Alice_1"": {""angular_error"": 0.0, ""implemented_theta"": 0.7853981633974483, ""observable"": ""X"", ""projector_fidelity"": 1.0, ""target_theta"": 0.7853981633974483}, ""Alice_2"": {""angular_error"": 0.0, ""implemented_theta"": 0.0, ""observable"": ""Z"", ""projector_fidelity"": 1.0, ""target_theta"": 0.0}, ""Alice_3"": {""angular_error"": 0.0, ""implemented_theta"": 0.7853981633974483, ""observable"": ""X"", ""projector_fidelity"": 1.0, ""target_theta"": 0.7853981633974483}, ""Bob_0"": {""angular_error"": 0.39269908169872414, ""implemented_theta"": 0.0, ""observable"": ""Z"", ""projector_fidelity"": 0.8535533905932737, ""target_theta"": 0.39269908169872414}, ""Bob_1"": {""angular_error"": 0.39269908169872414, ""implemented_theta"": 0.0, ""observable"": ""Z"", ""projector_fidelity"": 0.8535533905932737, ""target_theta"": -0.39269908169872414}, ""Bob_2"": {""angular_error"": 0.39269908169872414, ""implemented_theta"": 0.0, ""observable"": ""Z"", ""projector_fidelity"": 0.8535533905932737, ""target_theta"": 0.39269908169872414}, ""Bob_3"": {""angular_error"": 0.39269908169872414, ""implemented_theta"": 0.0, ""observable"": ""Z"", ""projector_fidelity"": 0.8535533905932737, ""target_theta"": -0.39269908169872414}}, ""player_grid_count"": 2, ""qubits_per_player_grid"": 1800, ""synthetic_scaling_point"": false, ""systems_per_player"": 1800, ""tableau_array_bytes_per_player"": 12963600, ""transpiled_gates"": ""qutrit X -> X(q0), CX(q0,q1), CX(q1,q0); invalid 11 fixed"", ""workload_seed_derivation"": ""SnaQ3-v2 master/n/repetition streams"", ""workload_sha256"": ""ad4bd51162f98b69037f5a2e3f297ccb228eb7e2a8d0b345fa2a77cf60d0ed00""}"
qutrit_tableau_clifford,60,3600,3600,0,20260930,4,0.017120475997217,COMPLETED,,False,,414777600,34359738368,21600.0,1.0.1,"{""bell_backend"": ""QuickQudits Tableau d=2; H CX and Clifford observables"", ""grid_backend"": ""QuickQudits Tableau d=3; X only"", ""movement_backend"": ""QuickQudits Tableau d=2; H and S only"", ""observable_mapping"": {""Alice_0"": {""angular_error"": 0.0, ""implemented_theta"": 0.0, ""observable"": ""Z"", ""projector_fidelity"": 1.0, ""target_theta"": 0.0}, ""Alice_1"": {""angular_error"": 0.0, ""implemented_theta"": 0.7853981633974483, ""observable"": ""X"", ""projector_fidelity"": 1.0, ""target_theta"": 0.7853981633974483}, ""Alice_2"": {""angular_error"": 0.0, ""implemented_theta"": 0.0, ""observable"": ""Z"", ""projector_fidelity"": 1.0, ""target_theta"": 0.0}, ""Alice_3"": {""angular_error"": 0.0, ""implemented_theta"": 0.7853981633974483, ""observable"": ""X"", ""projector_fidelity"": 1.0, ""target_theta"": 0.7853981633974483}, ""Bob_0"": {""angular_error"": 0.39269908169872414, ""implemented_theta"": 0.0, ""observable"": ""Z"", ""projector_fidelity"": 0.8535533905932737, ""target_theta"": 0.39269908169872414}, ""Bob_1"": {""angular_error"": 0.39269908169872414, ""implemented_theta"": 0.0, ""observable"": ""Z"", ""projector_fidelity"": 0.8535533905932737, ""target_theta"": -0.39269908169872414}, ""Bob_2"": {""angular_error"": 0.39269908169872414, ""implemented_theta"": 0.0, ""observable"": ""Z"", ""projector_fidelity"": 0.8535533905932737, ""target_theta"": 0.39269908169872414}, ""Bob_3"": {""angular_error"": 0.39269908169872414, ""implemented_theta"": 0.0, ""observable"": ""Z"", ""projector_fidelity"": 0.8535533905932737, ""target_theta"": -0.39269908169872414}}, ""player_grid_count"": 2, ""synthetic_scaling_point"": false, ""systems_per_player"": 3600, ""tableau_array_bytes_per_player"": 51847200, ""workload_seed_derivation"": ""SnaQ3-v2 master/n/repetition streams"", ""workload_sha256"": ""1532e98b21bbb5411b0bc3fca61b404b16c65eb099a8cdd81bbd2353276f4ac0""}"
qutrit_tableau_clifford,60,3600,3600,1,20260930,4,0.020097968001209665,COMPLETED,,False,,414777600,34359738368,21600.0,1.0.1,"{""bell_backend"": ""QuickQudits Tableau d=2; H CX and Clifford observables"", ""grid_backend"": ""QuickQudits Tableau d=3; X only"", ""movement_backend"": ""QuickQudits Tableau d=2; H and S only"", ""observable_mapping"": {""Alice_0"": {""angular_error"": 0.0, ""implemented_theta"": 0.0, ""observable"": ""Z"", ""projector_fidelity"": 1.0, ""target_theta"": 0.0}, ""Alice_1"": {""angular_error"": 0.0, ""implemented_theta"": 0.7853981633974483, ""observable"": ""X"", ""projector_fidelity"": 1.0, ""target_theta"": 0.7853981633974483}, ""Alice_2"": {""angular_error"": 0.0, ""implemented_theta"": 0.0, ""observable"": ""Z"", ""projector_fidelity"": 1.0, ""target_theta"": 0.0}, ""Alice_3"": {""angular_error"": 0.0, ""implemented_theta"": 0.7853981633974483, ""observable"": ""X"", ""projector_fidelity"": 1.0, ""target_theta"": 0.7853981633974483}, ""Bob_0"": {""angular_error"": 0.39269908169872414, ""implemented_theta"": 0.0, ""observable"": ""Z"", ""projector_fidelity"": 0.8535533905932737, ""target_theta"": 0.39269908169872414}, ""Bob_1"": {""angular_error"": 0.39269908169872414, ""implemented_theta"": 0.0, ""observable"": ""Z"", ""projector_fidelity"": 0.8535533905932737, ""target_theta"": -0.39269908169872414}, ""Bob_2"": {""angular_error"": 0.39269908169872414, ""implemented_theta"": 0.0, ""observable"": ""Z"", ""projector_fidelity"": 0.8535533905932737, ""target_theta"": 0.39269908169872414}, ""Bob_3"": {""angular_error"": 0.39269908169872414, ""implemented_theta"": 0.0, ""observable"": ""Z"", ""projector_fidelity"": 0.8535533905932737, ""target_theta"": -0.39269908169872414}}, ""player_grid_count"": 2, ""synthetic_scaling_point"": false, ""systems_per_player"": 3600, ""tableau_array_bytes_per_player"": 51847200, ""workload_seed_derivation"": ""SnaQ3-v2 master/n/repetition streams"", ""workload_sha256"": ""df045d064be3364bb9ce8b342dd0d5d6483497d014ca0947643dad57074f7a41""}"
qutrit_tableau_clifford,60,3600,3600,2,20260930,4,0.01719179400242865,COMPLETED,,False,,414777600,34359738368,21600.0,1.0.1,"{""bell_backend"": ""QuickQudits Tableau d=2; H CX and Clifford observables"", ""grid_backend"": ""QuickQudits Tableau d=3; X only"", ""movement_backend"": ""QuickQudits Tableau d=2; H and S only"", ""observable_mapping"": {""Alice_0"": {""angular_error"": 0.0, ""implemented_theta"": 0.0, ""observable"": ""Z"", ""projector_fidelity"": 1.0, ""target_theta"": 0.0}, ""Alice_1"": {""angular_error"": 0.0, ""implemented_theta"": 0.7853981633974483, ""observable"": ""X"", ""projector_fidelity"": 1.0, ""target_theta"": 0.7853981633974483}, ""Alice_2"": {""angular_error"": 0.0, ""implemented_theta"": 0.0, ""observable"": ""Z"", ""projector_fidelity"": 1.0, ""target_theta"": 0.0}, ""Alice_3"": {""angular_error"": 0.0, ""implemented_theta"": 0.7853981633974483, ""observable"": ""X"", ""projector_fidelity"": 1.0, ""target_theta"": 0.7853981633974483}, ""Bob_0"": {""angular_error"": 0.39269908169872414, ""implemented_theta"": 0.0, ""observable"": ""Z"", ""projector_fidelity"": 0.8535533905932737, ""target_theta"": 0.39269908169872414}, ""Bob_1"": {""angular_error"": 0.39269908169872414, ""implemented_theta"": 0.0, ""observable"": ""Z"", ""projector_fidelity"": 0.8535533905932737, ""target_theta"": -0.39269908169872414}, ""Bob_2"": {""angular_error"": 0.39269908169872414, ""implemented_theta"": 0.0, ""observable"": ""Z"", ""projector_fidelity"": 0.8535533905932737, ""target_theta"": 0.39269908169872414}, ""Bob_3"": {""angular_error"": 0.39269908169872414, ""implemented_theta"": 0.0, ""observable"": ""Z"", ""projector_fidelity"": 0.8535533905932737, ""target_theta"": -0.39269908169872414}}, ""player_grid_count"": 2, ""synthetic_scaling_point"": false, ""systems_per_player"": 3600, ""tableau_array_bytes_per_player"": 51847200, ""workload_seed_derivation"": ""SnaQ3-v2 master/n/repetition streams"", ""workload_sha256"": ""c2d0bb1a1acabdec1590d2b275fee207b4cc610ce231dbccd900c803e24e9b7b""}"
qutrit_tableau_clifford,60,3600,3600,3,20260930,4,0.016783854000095744,COMPLETED,,False,,414777600,34359738368,21600.0,1.0.1,"{""bell_backend"": ""QuickQudits Tableau d=2; H CX and Clifford observables"", ""grid_backend"": ""QuickQudits Tableau d=3; X only"", ""movement_backend"": ""QuickQudits Tableau d=2; H and S only"", ""observable_mapping"": {""Alice_0"": {""angular_error"": 0.0, ""implemented_theta"": 0.0, ""observable"": ""Z"", ""projector_fidelity"": 1.0, ""target_theta"": 0.0}, ""Alice_1"": {""angular_error"": 0.0, ""implemented_theta"": 0.7853981633974483, ""observable"": ""X"", ""projector_fidelity"": 1.0, ""target_theta"": 0.7853981633974483}, ""Alice_2"": {""angular_error"": 0.0, ""implemented_theta"": 0.0, ""observable"": ""Z"", ""projector_fidelity"": 1.0, ""target_theta"": 0.0}, ""Alice_3"": {""angular_error"": 0.0, ""implemented_theta"": 0.7853981633974483, ""observable"": ""X"", ""projector_fidelity"": 1.0, ""target_theta"": 0.7853981633974483}, ""Bob_0"": {""angular_error"": 0.39269908169872414, ""implemented_theta"": 0.0, ""observable"": ""Z"", ""projector_fidelity"": 0.8535533905932737, ""target_theta"": 0.39269908169872414}, ""Bob_1"": {""angular_error"": 0.39269908169872414, ""implemented_theta"": 0.0, ""observable"": ""Z"", ""projector_fidelity"": 0.8535533905932737, ""target_theta"": -0.39269908169872414}, ""Bob_2"": {""angular_error"": 0.39269908169872414, ""implemented_theta"": 0.0, ""observable"": ""Z"", ""projector_fidelity"": 0.8535533905932737, ""target_theta"": 0.39269908169872414}, ""Bob_3"": {""angular_error"": 0.39269908169872414, ""implemented_theta"": 0.0, ""observable"": ""Z"", ""projector_fidelity"": 0.8535533905932737, ""target_theta"": -0.39269908169872414}}, ""player_grid_count"": 2, ""synthetic_scaling_point"": false, ""systems_per_player"": 3600, ""tableau_array_bytes_per_player"": 51847200, ""workload_seed_derivation"": ""SnaQ3-v2 master/n/repetition streams"", ""workload_sha256"": ""8b7fd9cc02faca89fb2f0625d2a082dbb13574242932942486cc996416249909""}"
qutrit_tableau_clifford,60,3600,3600,4,20260930,4,0.016628353994747158,COMPLETED,,False,,414777600,34359738368,21600.0,1.0.1,"{""bell_backend"": ""QuickQudits Tableau d=2; H CX and Clifford observables"", ""grid_backend"": ""QuickQudits Tableau d=3; X only"", ""movement_backend"": ""QuickQudits Tableau d=2; H and S only"", ""observable_mapping"": {""Alice_0"": {""angular_error"": 0.0, ""implemented_theta"": 0.0, ""observable"": ""Z"", ""projector_fidelity"": 1.0, ""target_theta"": 0.0}, ""Alice_1"": {""angular_error"": 0.0, ""implemented_theta"": 0.7853981633974483, ""observable"": ""X"", ""projector_fidelity"": 1.0, ""target_theta"": 0.7853981633974483}, ""Alice_2"": {""angular_error"": 0.0, ""implemented_theta"": 0.0, ""observable"": ""Z"", ""projector_fidelity"": 1.0, ""target_theta"": 0.0}, ""Alice_3"": {""angular_error"": 0.0, ""implemented_theta"": 0.7853981633974483, ""observable"": ""X"", ""projector_fidelity"": 1.0, ""target_theta"": 0.7853981633974483}, ""Bob_0"": {""angular_error"": 0.39269908169872414, ""implemented_theta"": 0.0, ""observable"": ""Z"", ""projector_fidelity"": 0.8535533905932737, ""target_theta"": 0.39269908169872414}, ""Bob_1"": {""angular_error"": 0.39269908169872414, ""implemented_theta"": 0.0, ""observable"": ""Z"", ""projector_fidelity"": 0.8535533905932737, ""target_theta"": -0.39269908169872414}, ""Bob_2"": {""angular_error"": 0.39269908169872414, ""implemented_theta"": 0.0, ""observable"": ""Z"", ""projector_fidelity"": 0.8535533905932737, ""target_theta"": 0.39269908169872414}, ""Bob_3"": {""angular_error"": 0.39269908169872414, ""implemented_theta"": 0.0, ""observable"": ""Z"", ""projector_fidelity"": 0.8535533905932737, ""target_theta"": -0.39269908169872414}}, ""player_grid_count"": 2, ""synthetic_scaling_point"": false, ""systems_per_player"": 3600, ""tableau_array_bytes_per_player"": 51847200, ""workload_seed_derivation"": ""SnaQ3-v2 master/n/repetition streams"", ""workload_sha256"": ""e4a50cee280a4132dbed40413f2fbca8e8f1d9621ef56a109162c3daadcf35e0""}"
qutrit_tableau_clifford,60,3600,3600,5,20260930,4,0.015852258999075275,COMPLETED,,False,,414777600,34359738368,21600.0,1.0.1,"{""bell_backend"": ""QuickQudits Tableau d=2; H CX and Clifford observables"", ""grid_backend"": ""QuickQudits Tableau d=3; X only"", ""movement_backend"": ""QuickQudits Tableau d=2; H and S only"", ""observable_mapping"": {""Alice_0"": {""angular_error"": 0.0, ""implemented_theta"": 0.0, ""observable"": ""Z"", ""projector_fidelity"": 1.0, ""target_theta"": 0.0}, ""Alice_1"": {""angular_error"": 0.0, ""implemented_theta"": 0.7853981633974483, ""observable"": ""X"", ""projector_fidelity"": 1.0, ""target_theta"": 0.7853981633974483}, ""Alice_2"": {""angular_error"": 0.0, ""implemented_theta"": 0.0, ""observable"": ""Z"", ""projector_fidelity"": 1.0, ""target_theta"": 0.0}, ""Alice_3"": {""angular_error"": 0.0, ""implemented_theta"": 0.7853981633974483, ""observable"": ""X"", ""projector_fidelity"": 1.0, ""target_theta"": 0.7853981633974483}, ""Bob_0"": {""angular_error"": 0.39269908169872414, ""implemented_theta"": 0.0, ""observable"": ""Z"", ""projector_fidelity"": 0.8535533905932737, ""target_theta"": 0.39269908169872414}, ""Bob_1"": {""angular_error"": 0.39269908169872414, ""implemented_theta"": 0.0, ""observable"": ""Z"", ""projector_fidelity"": 0.8535533905932737, ""target_theta"": -0.39269908169872414}, ""Bob_2"": {""angular_error"": 0.39269908169872414, ""implemented_theta"": 0.0, ""observable"": ""Z"", ""projector_fidelity"": 0.8535533905932737, ""target_theta"": 0.39269908169872414}, ""Bob_3"": {""angular_error"": 0.39269908169872414, ""implemented_theta"": 0.0, ""observable"": ""Z"", ""projector_fidelity"": 0.8535533905932737, ""target_theta"": -0.39269908169872414}}, ""player_grid_count"": 2, ""synthetic_scaling_point"": false, ""systems_per_player"": 3600, ""tableau_array_bytes_per_player"": 51847200, ""workload_seed_derivation"": ""SnaQ3-v2 master/n/repetition streams"", ""workload_sha256"": ""18b30065f85cafc8604fc6c3b396b741cb572a76b7fb8809bb75b50f7e50cc59""}"
qutrit_tableau_clifford,60,3600,3600,6,20260930,4,0.016052824001235422,COMPLETED,,False,,414777600,34359738368,21600.0,1.0.1,"{""bell_backend"": ""QuickQudits Tableau d=2; H CX and Clifford observables"", ""grid_backend"": ""QuickQudits Tableau d=3; X only"", ""movement_backend"": ""QuickQudits Tableau d=2; H and S only"", ""observable_mapping"": {""Alice_0"": {""angular_error"": 0.0, ""implemented_theta"": 0.0, ""observable"": ""Z"", ""projector_fidelity"": 1.0, ""target_theta"": 0.0}, ""Alice_1"": {""angular_error"": 0.0, ""implemented_theta"": 0.7853981633974483, ""observable"": ""X"", ""projector_fidelity"": 1.0, ""target_theta"": 0.7853981633974483}, ""Alice_2"": {""angular_error"": 0.0, ""implemented_theta"": 0.0, ""observable"": ""Z"", ""projector_fidelity"": 1.0, ""target_theta"": 0.0}, ""Alice_3"": {""angular_error"": 0.0, ""implemented_theta"": 0.7853981633974483, ""observable"": ""X"", ""projector_fidelity"": 1.0, ""target_theta"": 0.7853981633974483}, ""Bob_0"": {""angular_error"": 0.39269908169872414, ""implemented_theta"": 0.0, ""observable"": ""Z"", ""projector_fidelity"": 0.8535533905932737, ""target_theta"": 0.39269908169872414}, ""Bob_1"": {""angular_error"": 0.39269908169872414, ""implemented_theta"": 0.0, ""observable"": ""Z"", ""projector_fidelity"": 0.8535533905932737, ""target_theta"": -0.39269908169872414}, ""Bob_2"": {""angular_error"": 0.39269908169872414, ""implemented_theta"": 0.0, ""observable"": ""Z"", ""projector_fidelity"": 0.8535533905932737, ""target_theta"": 0.39269908169872414}, ""Bob_3"": {""angular_error"": 0.39269908169872414, ""implemented_theta"": 0.0, ""observable"": ""Z"", ""projector_fidelity"": 0.8535533905932737, ""target_theta"": -0.39269908169872414}}, ""player_grid_count"": 2, ""synthetic_scaling_point"": false, ""systems_per_player"": 3600, ""tableau_array_bytes_per_player"": 51847200, ""workload_seed_derivation"": ""SnaQ3-v2 master/n/repetition streams"", ""workload_sha256"": ""0023ed10cc4722f97788aa04f34491400477a2e5124a29a40940fe74f7d75b11""}"
qutrit_tableau_clifford,60,3600,3600,7,20260930,4,0.0173429189962917,COMPLETED,,False,,414777600,34359738368,21600.0,1.0.1,"{""bell_backend"": ""QuickQudits Tableau d=2; H CX and Clifford observables"", ""grid_backend"": ""QuickQudits Tableau d=3; X only"", ""movement_backend"": ""QuickQudits Tableau d=2; H and S only"", ""observable_mapping"": {""Alice_0"": {""angular_error"": 0.0, ""implemented_theta"": 0.0, ""observable"": ""Z"", ""projector_fidelity"": 1.0, ""target_theta"": 0.0}, ""Alice_1"": {""angular_error"": 0.0, ""implemented_theta"": 0.7853981633974483, ""observable"": ""X"", ""projector_fidelity"": 1.0, ""target_theta"": 0.7853981633974483}, ""Alice_2"": {""angular_error"": 0.0, ""implemented_theta"": 0.0, ""observable"": ""Z"", ""projector_fidelity"": 1.0, ""target_theta"": 0.0}, ""Alice_3"": {""angular_error"": 0.0, ""implemented_theta"": 0.7853981633974483, ""observable"": ""X"", ""projector_fidelity"": 1.0, ""target_theta"": 0.7853981633974483}, ""Bob_0"": {""angular_error"": 0.39269908169872414, ""implemented_theta"": 0.0, ""observable"": ""Z"", ""projector_fidelity"": 0.8535533905932737, ""target_theta"": 0.39269908169872414}, ""Bob_1"": {""angular_error"": 0.39269908169872414, ""implemented_theta"": 0.0, ""observable"": ""Z"", ""projector_fidelity"": 0.8535533905932737, ""target_theta"": -0.39269908169872414}, ""Bob_2"": {""angular_error"": 0.39269908169872414, ""implemented_theta"": 0.0, ""observable"": ""Z"", ""projector_fidelity"": 0.8535533905932737, ""target_theta"": 0.39269908169872414}, ""Bob_3"": {""angular_error"": 0.39269908169872414, ""implemented_theta"": 0.0, ""observable"": ""Z"", ""projector_fidelity"": 0.8535533905932737, ""target_theta"": -0.39269908169872414}}, ""player_grid_count"": 2, ""synthetic_scaling_point"": false, ""systems_per_player"": 3600, ""tableau_array_bytes_per_player"": 51847200, ""workload_seed_derivation"": ""SnaQ3-v2 master/n/repetition streams"", ""workload_sha256"": ""58c76f25b2da01bbc9d246368061c3c0d46bc62fca791d62c04a25b1962d2bca""}"
qutrit_tableau_clifford,60,3600,3600,8,20260930,4,0.018226593994768336,COMPLETED,,False,,414777600,34359738368,21600.0,1.0.1,"{""bell_backend"": ""QuickQudits Tableau d=2; H CX and Clifford observables"", ""grid_backend"": ""QuickQudits Tableau d=3; X only"", ""movement_backend"": ""QuickQudits Tableau d=2; H and S only"", ""observable_mapping"": {""Alice_0"": {""angular_error"": 0.0, ""implemented_theta"": 0.0, ""observable"": ""Z"", ""projector_fidelity"": 1.0, ""target_theta"": 0.0}, ""Alice_1"": {""angular_error"": 0.0, ""implemented_theta"": 0.7853981633974483, ""observable"": ""X"", ""projector_fidelity"": 1.0, ""target_theta"": 0.7853981633974483}, ""Alice_2"": {""angular_error"": 0.0, ""implemented_theta"": 0.0, ""observable"": ""Z"", ""projector_fidelity"": 1.0, ""target_theta"": 0.0}, ""Alice_3"": {""angular_error"": 0.0, ""implemented_theta"": 0.7853981633974483, ""observable"": ""X"", ""projector_fidelity"": 1.0, ""target_theta"": 0.7853981633974483}, ""Bob_0"": {""angular_error"": 0.39269908169872414, ""implemented_theta"": 0.0, ""observable"": ""Z"", ""projector_fidelity"": 0.8535533905932737, ""target_theta"": 0.39269908169872414}, ""Bob_1"": {""angular_error"": 0.39269908169872414, ""implemented_theta"": 0.0, ""observable"": ""Z"", ""projector_fidelity"": 0.8535533905932737, ""target_theta"": -0.39269908169872414}, ""Bob_2"": {""angular_error"": 0.39269908169872414, ""implemented_theta"": 0.0, ""observable"": ""Z"", ""projector_fidelity"": 0.8535533905932737, ""target_theta"": 0.39269908169872414}, ""Bob_3"": {""angular_error"": 0.39269908169872414, ""implemented_theta"": 0.0, ""observable"": ""Z"", ""projector_fidelity"": 0.8535533905932737, ""target_theta"": -0.39269908169872414}}, ""player_grid_count"": 2, ""synthetic_scaling_point"": false, ""systems_per_player"": 3600, ""tableau_array_bytes_per_player"": 51847200, ""workload_seed_derivation"": ""SnaQ3-v2 master/n/repetition streams"", ""workload_sha256"": ""964bf88c2f1453310b48396a326b8387b2c7a39e59c36ced356b7457028264b0""}"
qutrit_tableau_clifford,60,3600,3600,9,20260930,4,0.01628150200122036,COMPLETED,,False,,414777600,34359738368,21600.0,1.0.1,"{""bell_backend"": ""QuickQudits Tableau d=2; H CX and Clifford observables"", ""grid_backend"": ""QuickQudits Tableau d=3; X only"", ""movement_backend"": ""QuickQudits Tableau d=2; H and S only"", ""observable_mapping"": {""Alice_0"": {""angular_error"": 0.0, ""implemented_theta"": 0.0, ""observable"": ""Z"", ""projector_fidelity"": 1.0, ""target_theta"": 0.0}, ""Alice_1"": {""angular_error"": 0.0, ""implemented_theta"": 0.7853981633974483, ""observable"": ""X"", ""projector_fidelity"": 1.0, ""target_theta"": 0.7853981633974483}, ""Alice_2"": {""angular_error"": 0.0, ""implemented_theta"": 0.0, ""observable"": ""Z"", ""projector_fidelity"": 1.0, ""target_theta"": 0.0}, ""Alice_3"": {""angular_error"": 0.0, ""implemented_theta"": 0.7853981633974483, ""observable"": ""X"", ""projector_fidelity"": 1.0, ""target_theta"": 0.7853981633974483}, ""Bob_0"": {""angular_error"": 0.39269908169872414, ""implemented_theta"": 0.0, ""observable"": ""Z"", ""projector_fidelity"": 0.8535533905932737, ""target_theta"": 0.39269908169872414}, ""Bob_1"": {""angular_error"": 0.39269908169872414, ""implemented_theta"": 0.0, ""observable"": ""Z"", ""projector_fidelity"": 0.8535533905932737, ""target_theta"": -0.39269908169872414}, ""Bob_2"": {""angular_error"": 0.39269908169872414, ""implemented_theta"": 0.0, ""observable"": ""Z"", ""projector_fidelity"": 0.8535533905932737, ""target_theta"": 0.39269908169872414}, ""Bob_3"": {""angular_error"": 0.39269908169872414, ""implemented_theta"": 0.0, ""observable"": ""Z"", ""projector_fidelity"": 0.8535533905932737, ""target_theta"": -0.39269908169872414}}, ""player_grid_count"": 2, ""synthetic_scaling_point"": false, ""systems_per_player"": 3600, ""tableau_array_bytes_per_player"": 51847200, ""workload_seed_derivation"": ""SnaQ3-v2 master/n/repetition streams"", ""workload_sha256"": ""ad5ea441db6dd3894bd8cf13231941649617abee7cabaf5567683194070141eb""}"
qutrit_tableau_clifford,60,3600,3600,10,20260930,4,0.015807188996404875,COMPLETED,,False,,414777600,34359738368,21600.0,1.0.1,"{""bell_backend"": ""QuickQudits Tableau d=2; H CX and Clifford observables"", ""grid_backend"": ""QuickQudits Tableau d=3; X only"", ""movement_backend"": ""QuickQudits Tableau d=2; H and S only"", ""observable_mapping"": {""Alice_0"": {""angular_error"": 0.0, ""implemented_theta"": 0.0, ""observable"": ""Z"", ""projector_fidelity"": 1.0, ""target_theta"": 0.0}, ""Alice_1"": {""angular_error"": 0.0, ""implemented_theta"": 0.7853981633974483, ""observable"": ""X"", ""projector_fidelity"": 1.0, ""target_theta"": 0.7853981633974483}, ""Alice_2"": {""angular_error"": 0.0, ""implemented_theta"": 0.0, ""observable"": ""Z"", ""projector_fidelity"": 1.0, ""target_theta"": 0.0}, ""Alice_3"": {""angular_error"": 0.0, ""implemented_theta"": 0.7853981633974483, ""observable"": ""X"", ""projector_fidelity"": 1.0, ""target_theta"": 0.7853981633974483}, ""Bob_0"": {""angular_error"": 0.39269908169872414, ""implemented_theta"": 0.0, ""observable"": ""Z"", ""projector_fidelity"": 0.8535533905932737, ""target_theta"": 0.39269908169872414}, ""Bob_1"": {""angular_error"": 0.39269908169872414, ""implemented_theta"": 0.0, ""observable"": ""Z"", ""projector_fidelity"": 0.8535533905932737, ""target_theta"": -0.39269908169872414}, ""Bob_2"": {""angular_error"": 0.39269908169872414, ""implemented_theta"": 0.0, ""observable"": ""Z"", ""projector_fidelity"": 0.8535533905932737, ""target_theta"": 0.39269908169872414}, ""Bob_3"": {""angular_error"": 0.39269908169872414, ""implemented_theta"": 0.0, ""observable"": ""Z"", ""projector_fidelity"": 0.8535533905932737, ""target_theta"": -0.39269908169872414}}, ""player_grid_count"": 2, ""synthetic_scaling_point"": false, ""systems_per_player"": 3600, ""tableau_array_bytes_per_player"": 51847200, ""workload_seed_derivation"": ""SnaQ3-v2 master/n/repetition streams"", ""workload_sha256"": ""60869d376ae33aded655c983fa56edeafcce09eb451c4d0565b20c63478b513c""}"
qutrit_tableau_clifford,60,3600,3600,11,20260930,4,0.01580334600294009,COMPLETED,,False,,414777600,34359738368,21600.0,1.0.1,"{""bell_backend"": ""QuickQudits Tableau d=2; H CX and Clifford observables"", ""grid_backend"": ""QuickQudits Tableau d=3; X only"", ""movement_backend"": ""QuickQudits Tableau d=2; H and S only"", ""observable_mapping"": {""Alice_0"": {""angular_error"": 0.0, ""implemented_theta"": 0.0, ""observable"": ""Z"", ""projector_fidelity"": 1.0, ""target_theta"": 0.0}, ""Alice_1"": {""angular_error"": 0.0, ""implemented_theta"": 0.7853981633974483, ""observable"": ""X"", ""projector_fidelity"": 1.0, ""target_theta"": 0.7853981633974483}, ""Alice_2"": {""angular_error"": 0.0, ""implemented_theta"": 0.0, ""observable"": ""Z"", ""projector_fidelity"": 1.0, ""target_theta"": 0.0}, ""Alice_3"": {""angular_error"": 0.0, ""implemented_theta"": 0.7853981633974483, ""observable"": ""X"", ""projector_fidelity"": 1.0, ""target_theta"": 0.7853981633974483}, ""Bob_0"": {""angular_error"": 0.39269908169872414, ""implemented_theta"": 0.0, ""observable"": ""Z"", ""projector_fidelity"": 0.8535533905932737, ""target_theta"": 0.39269908169872414}, ""Bob_1"": {""angular_error"": 0.39269908169872414, ""implemented_theta"": 0.0, ""observable"": ""Z"", ""projector_fidelity"": 0.8535533905932737, ""target_theta"": -0.39269908169872414}, ""Bob_2"": {""angular_error"": 0.39269908169872414, ""implemented_theta"": 0.0, ""observable"": ""Z"", ""projector_fidelity"": 0.8535533905932737, ""target_theta"": 0.39269908169872414}, ""Bob_3"": {""angular_error"": 0.39269908169872414, ""implemented_theta"": 0.0, ""observable"": ""Z"", ""projector_fidelity"": 0.8535533905932737, ""target_theta"": -0.39269908169872414}}, ""player_grid_count"": 2, ""synthetic_scaling_point"": false, ""systems_per_player"": 3600, ""tableau_array_bytes_per_player"": 51847200, ""workload_seed_derivation"": ""SnaQ3-v2 master/n/repetition streams"", ""workload_sha256"": ""f60370f19bc10aa365f91607cfb5a0bca1b6780319239a101d05b2aedce52ae7""}"
qutrit_tableau_clifford,60,3600,3600,12,20260930,4,0.01611341900570551,COMPLETED,,False,,414777600,34359738368,21600.0,1.0.1,"{""bell_backend"": ""QuickQudits Tableau d=2; H CX and Clifford observables"", ""grid_backend"": ""QuickQudits Tableau d=3; X only"", ""movement_backend"": ""QuickQudits Tableau d=2; H and S only"", ""observable_mapping"": {""Alice_0"": {""angular_error"": 0.0, ""implemented_theta"": 0.0, ""observable"": ""Z"", ""projector_fidelity"": 1.0, ""target_theta"": 0.0}, ""Alice_1"": {""angular_error"": 0.0, ""implemented_theta"": 0.7853981633974483, ""observable"": ""X"", ""projector_fidelity"": 1.0, ""target_theta"": 0.7853981633974483}, ""Alice_2"": {""angular_error"": 0.0, ""implemented_theta"": 0.0, ""observable"": ""Z"", ""projector_fidelity"": 1.0, ""target_theta"": 0.0}, ""Alice_3"": {""angular_error"": 0.0, ""implemented_theta"": 0.7853981633974483, ""observable"": ""X"", ""projector_fidelity"": 1.0, ""target_theta"": 0.7853981633974483}, ""Bob_0"": {""angular_error"": 0.39269908169872414, ""implemented_theta"": 0.0, ""observable"": ""Z"", ""projector_fidelity"": 0.8535533905932737, ""target_theta"": 0.39269908169872414}, ""Bob_1"": {""angular_error"": 0.39269908169872414, ""implemented_theta"": 0.0, ""observable"": ""Z"", ""projector_fidelity"": 0.8535533905932737, ""target_theta"": -0.39269908169872414}, ""Bob_2"": {""angular_error"": 0.39269908169872414, ""implemented_theta"": 0.0, ""observable"": ""Z"", ""projector_fidelity"": 0.8535533905932737, ""target_theta"": 0.39269908169872414}, ""Bob_3"": {""angular_error"": 0.39269908169872414, ""implemented_theta"": 0.0, ""observable"": ""Z"", ""projector_fidelity"": 0.8535533905932737, ""target_theta"": -0.39269908169872414}}, ""player_grid_count"": 2, ""synthetic_scaling_point"": false, ""systems_per_player"": 3600, ""tableau_array_bytes_per_player"": 51847200, ""workload_seed_derivation"": ""SnaQ3-v2 master/n/repetition streams"", ""workload_sha256"": ""477f7c93cc4a650c026b2427ca91b3be28155be02568833d833c24abe3ec8844""}"
qutrit_tableau_clifford,60,3600,3600,13,20260930,4,0.016879762006283272,COMPLETED,,False,,414777600,34359738368,21600.0,1.0.1,"{""bell_backend"": ""QuickQudits Tableau d=2; H CX and Clifford observables"", ""grid_backend"": ""QuickQudits Tableau d=3; X only"", ""movement_backend"": ""QuickQudits Tableau d=2; H and S only"", ""observable_mapping"": {""Alice_0"": {""angular_error"": 0.0, ""implemented_theta"": 0.0, ""observable"": ""Z"", ""projector_fidelity"": 1.0, ""target_theta"": 0.0}, ""Alice_1"": {""angular_error"": 0.0, ""implemented_theta"": 0.7853981633974483, ""observable"": ""X"", ""projector_fidelity"": 1.0, ""target_theta"": 0.7853981633974483}, ""Alice_2"": {""angular_error"": 0.0, ""implemented_theta"": 0.0, ""observable"": ""Z"", ""projector_fidelity"": 1.0, ""target_theta"": 0.0}, ""Alice_3"": {""angular_error"": 0.0, ""implemented_theta"": 0.7853981633974483, ""observable"": ""X"", ""projector_fidelity"": 1.0, ""target_theta"": 0.7853981633974483}, ""Bob_0"": {""angular_error"": 0.39269908169872414, ""implemented_theta"": 0.0, ""observable"": ""Z"", ""projector_fidelity"": 0.8535533905932737, ""target_theta"": 0.39269908169872414}, ""Bob_1"": {""angular_error"": 0.39269908169872414, ""implemented_theta"": 0.0, ""observable"": ""Z"", ""projector_fidelity"": 0.8535533905932737, ""target_theta"": -0.39269908169872414}, ""Bob_2"": {""angular_error"": 0.39269908169872414, ""implemented_theta"": 0.0, ""observable"": ""Z"", ""projector_fidelity"": 0.8535533905932737, ""target_theta"": 0.39269908169872414}, ""Bob_3"": {""angular_error"": 0.39269908169872414, ""implemented_theta"": 0.0, ""observable"": ""Z"", ""projector_fidelity"": 0.8535533905932737, ""target_theta"": -0.39269908169872414}}, ""player_grid_count"": 2, ""synthetic_scaling_point"": false, ""systems_per_player"": 3600, ""tableau_array_bytes_per_player"": 51847200, ""workload_seed_derivation"": ""SnaQ3-v2 master/n/repetition streams"", ""workload_sha256"": ""7575eb9ad001dd18ae6dcc2bd4469cada5f6cedff7b9ccad0b9fddfc67d3dabc""}"
qutrit_tableau_clifford,60,3600,3600,14,20260930,4,0.015761522998218425,COMPLETED,,False,,414777600,34359738368,21600.0,1.0.1,"{""bell_backend"": ""QuickQudits Tableau d=2; H CX and Clifford observables"", ""grid_backend"": ""QuickQudits Tableau d=3; X only"", ""movement_backend"": ""QuickQudits Tableau d=2; H and S only"", ""observable_mapping"": {""Alice_0"": {""angular_error"": 0.0, ""implemented_theta"": 0.0, ""observable"": ""Z"", ""projector_fidelity"": 1.0, ""target_theta"": 0.0}, ""Alice_1"": {""angular_error"": 0.0, ""implemented_theta"": 0.7853981633974483, ""observable"": ""X"", ""projector_fidelity"": 1.0, ""target_theta"": 0.7853981633974483}, ""Alice_2"": {""angular_error"": 0.0, ""implemented_theta"": 0.0, ""observable"": ""Z"", ""projector_fidelity"": 1.0, ""target_theta"": 0.0}, ""Alice_3"": {""angular_error"": 0.0, ""implemented_theta"": 0.7853981633974483, ""observable"": ""X"", ""projector_fidelity"": 1.0, ""target_theta"": 0.7853981633974483}, ""Bob_0"": {""angular_error"": 0.39269908169872414, ""implemented_theta"": 0.0, ""observable"": ""Z"", ""projector_fidelity"": 0.8535533905932737, ""target_theta"": 0.39269908169872414}, ""Bob_1"": {""angular_error"": 0.39269908169872414, ""implemented_theta"": 0.0, ""observable"": ""Z"", ""projector_fidelity"": 0.8535533905932737, ""target_theta"": -0.39269908169872414}, ""Bob_2"": {""angular_error"": 0.39269908169872414, ""implemented_theta"": 0.0, ""observable"": ""Z"", ""projector_fidelity"": 0.8535533905932737, ""target_theta"": 0.39269908169872414}, ""Bob_3"": {""angular_error"": 0.39269908169872414, ""implemented_theta"": 0.0, ""observable"": ""Z"", ""projector_fidelity"": 0.8535533905932737, ""target_theta"": -0.39269908169872414}}, ""player_grid_count"": 2, ""synthetic_scaling_point"": false, ""systems_per_player"": 3600, ""tableau_array_bytes_per_player"": 51847200, ""workload_seed_derivation"": ""SnaQ3-v2 master/n/repetition streams"", ""workload_sha256"": ""56b2417644f0b3bb9bb9c2bb07458a65b43a4d9eebfc10b17ec15fa6aaf48582""}"
qutrit_tableau_clifford,60,3600,3600,15,20260930,4,0.017260307002288755,COMPLETED,,False,,414777600,34359738368,21600.0,1.0.1,"{""bell_backend"": ""QuickQudits Tableau d=2; H CX and Clifford observables"", ""grid_backend"": ""QuickQudits Tableau d=3; X only"", ""movement_backend"": ""QuickQudits Tableau d=2; H and S only"", ""observable_mapping"": {""Alice_0"": {""angular_error"": 0.0, ""implemented_theta"": 0.0, ""observable"": ""Z"", ""projector_fidelity"": 1.0, ""target_theta"": 0.0}, ""Alice_1"": {""angular_error"": 0.0, ""implemented_theta"": 0.7853981633974483, ""observable"": ""X"", ""projector_fidelity"": 1.0, ""target_theta"": 0.7853981633974483}, ""Alice_2"": {""angular_error"": 0.0, ""implemented_theta"": 0.0, ""observable"": ""Z"", ""projector_fidelity"": 1.0, ""target_theta"": 0.0}, ""Alice_3"": {""angular_error"": 0.0, ""implemented_theta"": 0.7853981633974483, ""observable"": ""X"", ""projector_fidelity"": 1.0, ""target_theta"": 0.7853981633974483}, ""Bob_0"": {""angular_error"": 0.39269908169872414, ""implemented_theta"": 0.0, ""observable"": ""Z"", ""projector_fidelity"": 0.8535533905932737, ""target_theta"": 0.39269908169872414}, ""Bob_1"": {""angular_error"": 0.39269908169872414, ""implemented_theta"": 0.0, ""observable"": ""Z"", ""projector_fidelity"": 0.8535533905932737, ""target_theta"": -0.39269908169872414}, ""Bob_2"": {""angular_error"": 0.39269908169872414, ""implemented_theta"": 0.0, ""observable"": ""Z"", ""projector_fidelity"": 0.8535533905932737, ""target_theta"": 0.39269908169872414}, ""Bob_3"": {""angular_error"": 0.39269908169872414, ""implemented_theta"": 0.0, ""observable"": ""Z"", ""projector_fidelity"": 0.8535533905932737, ""target_theta"": -0.39269908169872414}}, ""player_grid_count"": 2, ""synthetic_scaling_point"": false, ""systems_per_player"": 3600, ""tableau_array_bytes_per_player"": 51847200, ""workload_seed_derivation"": ""SnaQ3-v2 master/n/repetition streams"", ""workload_sha256"": ""18544235048cd0b9209296f26f02432edd1335b51ff135045e77005d3b25a64d""}"
qutrit_tableau_clifford,60,3600,3600,16,20260930,4,0.01766307800426148,COMPLETED,,False,,414777600,34359738368,21600.0,1.0.1,"{""bell_backend"": ""QuickQudits Tableau d=2; H CX and Clifford observables"", ""grid_backend"": ""QuickQudits Tableau d=3; X only"", ""movement_backend"": ""QuickQudits Tableau d=2; H and S only"", ""observable_mapping"": {""Alice_0"": {""angular_error"": 0.0, ""implemented_theta"": 0.0, ""observable"": ""Z"", ""projector_fidelity"": 1.0, ""target_theta"": 0.0}, ""Alice_1"": {""angular_error"": 0.0, ""implemented_theta"": 0.7853981633974483, ""observable"": ""X"", ""projector_fidelity"": 1.0, ""target_theta"": 0.7853981633974483}, ""Alice_2"": {""angular_error"": 0.0, ""implemented_theta"": 0.0, ""observable"": ""Z"", ""projector_fidelity"": 1.0, ""target_theta"": 0.0}, ""Alice_3"": {""angular_error"": 0.0, ""implemented_theta"": 0.7853981633974483, ""observable"": ""X"", ""projector_fidelity"": 1.0, ""target_theta"": 0.7853981633974483}, ""Bob_0"": {""angular_error"": 0.39269908169872414, ""implemented_theta"": 0.0, ""observable"": ""Z"", ""projector_fidelity"": 0.8535533905932737, ""target_theta"": 0.39269908169872414}, ""Bob_1"": {""angular_error"": 0.39269908169872414, ""implemented_theta"": 0.0, ""observable"": ""Z"", ""projector_fidelity"": 0.8535533905932737, ""target_theta"": -0.39269908169872414}, ""Bob_2"": {""angular_error"": 0.39269908169872414, ""implemented_theta"": 0.0, ""observable"": ""Z"", ""projector_fidelity"": 0.8535533905932737, ""target_theta"": 0.39269908169872414}, ""Bob_3"": {""angular_error"": 0.39269908169872414, ""implemented_theta"": 0.0, ""observable"": ""Z"", ""projector_fidelity"": 0.8535533905932737, ""target_theta"": -0.39269908169872414}}, ""player_grid_count"": 2, ""synthetic_scaling_point"": false, ""systems_per_player"": 3600, ""tableau_array_bytes_per_player"": 51847200, ""workload_seed_derivation"": ""SnaQ3-v2 master/n/repetition streams"", ""workload_sha256"": ""16b57f651a9f73c48854ebef4122e20b5fbaa0f04bb89dc0e3ae0839baaa444c""}"
qutrit_tableau_clifford,60,3600,3600,17,20260930,4,0.016886174002138432,COMPLETED,,False,,414777600,34359738368,21600.0,1.0.1,"{""bell_backend"": ""QuickQudits Tableau d=2; H CX and Clifford observables"", ""grid_backend"": ""QuickQudits Tableau d=3; X only"", ""movement_backend"": ""QuickQudits Tableau d=2; H and S only"", ""observable_mapping"": {""Alice_0"": {""angular_error"": 0.0, ""implemented_theta"": 0.0, ""observable"": ""Z"", ""projector_fidelity"": 1.0, ""target_theta"": 0.0}, ""Alice_1"": {""angular_error"": 0.0, ""implemented_theta"": 0.7853981633974483, ""observable"": ""X"", ""projector_fidelity"": 1.0, ""target_theta"": 0.7853981633974483}, ""Alice_2"": {""angular_error"": 0.0, ""implemented_theta"": 0.0, ""observable"": ""Z"", ""projector_fidelity"": 1.0, ""target_theta"": 0.0}, ""Alice_3"": {""angular_error"": 0.0, ""implemented_theta"": 0.7853981633974483, ""observable"": ""X"", ""projector_fidelity"": 1.0, ""target_theta"": 0.7853981633974483}, ""Bob_0"": {""angular_error"": 0.39269908169872414, ""implemented_theta"": 0.0, ""observable"": ""Z"", ""projector_fidelity"": 0.8535533905932737, ""target_theta"": 0.39269908169872414}, ""Bob_1"": {""angular_error"": 0.39269908169872414, ""implemented_theta"": 0.0, ""observable"": ""Z"", ""projector_fidelity"": 0.8535533905932737, ""target_theta"": -0.39269908169872414}, ""Bob_2"": {""angular_error"": 0.39269908169872414, ""implemented_theta"": 0.0, ""observable"": ""Z"", ""projector_fidelity"": 0.8535533905932737, ""target_theta"": 0.39269908169872414}, ""Bob_3"": {""angular_error"": 0.39269908169872414, ""implemented_theta"": 0.0, ""observable"": ""Z"", ""projector_fidelity"": 0.8535533905932737, ""target_theta"": -0.39269908169872414}}, ""player_grid_count"": 2, ""synthetic_scaling_point"": false, ""systems_per_player"": 3600, ""tableau_array_bytes_per_player"": 51847200, ""workload_seed_derivation"": ""SnaQ3-v2 master/n/repetition streams"", ""workload_sha256"": ""b2bc8e8b956e9be8499eec9c16790fd5d0d9d19f8fab322b596bac8dca3ad91b""}"
qutrit_tableau_clifford,60,3600,3600,18,20260930,4,0.01724395799828926,COMPLETED,,False,,414777600,34359738368,21600.0,1.0.1,"{""bell_backend"": ""QuickQudits Tableau d=2; H CX and Clifford observables"", ""grid_backend"": ""QuickQudits Tableau d=3; X only"", ""movement_backend"": ""QuickQudits Tableau d=2; H and S only"", ""observable_mapping"": {""Alice_0"": {""angular_error"": 0.0, ""implemented_theta"": 0.0, ""observable"": ""Z"", ""projector_fidelity"": 1.0, ""target_theta"": 0.0}, ""Alice_1"": {""angular_error"": 0.0, ""implemented_theta"": 0.7853981633974483, ""observable"": ""X"", ""projector_fidelity"": 1.0, ""target_theta"": 0.7853981633974483}, ""Alice_2"": {""angular_error"": 0.0, ""implemented_theta"": 0.0, ""observable"": ""Z"", ""projector_fidelity"": 1.0, ""target_theta"": 0.0}, ""Alice_3"": {""angular_error"": 0.0, ""implemented_theta"": 0.7853981633974483, ""observable"": ""X"", ""projector_fidelity"": 1.0, ""target_theta"": 0.7853981633974483}, ""Bob_0"": {""angular_error"": 0.39269908169872414, ""implemented_theta"": 0.0, ""observable"": ""Z"", ""projector_fidelity"": 0.8535533905932737, ""target_theta"": 0.39269908169872414}, ""Bob_1"": {""angular_error"": 0.39269908169872414, ""implemented_theta"": 0.0, ""observable"": ""Z"", ""projector_fidelity"": 0.8535533905932737, ""target_theta"": -0.39269908169872414}, ""Bob_2"": {""angular_error"": 0.39269908169872414, ""implemented_theta"": 0.0, ""observable"": ""Z"", ""projector_fidelity"": 0.8535533905932737, ""target_theta"": 0.39269908169872414}, ""Bob_3"": {""angular_error"": 0.39269908169872414, ""implemented_theta"": 0.0, ""observable"": ""Z"", ""projector_fidelity"": 0.8535533905932737, ""target_theta"": -0.39269908169872414}}, ""player_grid_count"": 2, ""synthetic_scaling_point"": false, ""systems_per_player"": 3600, ""tableau_array_bytes_per_player"": 51847200, ""workload_seed_derivation"": ""SnaQ3-v2 master/n/repetition streams"", ""workload_sha256"": ""e3095a0d9d862a4288ab58de7160d70238afbfff1d4f21b40f5cb4f90e7d7ca4""}"
qutrit_tableau_clifford,60,3600,3600,19,20260930,4,0.01615109699923778,COMPLETED,,False,,414777600,34359738368,21600.0,1.0.1,"{""bell_backend"": ""QuickQudits Tableau d=2; H CX and Clifford observables"", ""grid_backend"": ""QuickQudits Tableau d=3; X only"", ""movement_backend"": ""QuickQudits Tableau d=2; H and S only"", ""observable_mapping"": {""Alice_0"": {""angular_error"": 0.0, ""implemented_theta"": 0.0, ""observable"": ""Z"", ""projector_fidelity"": 1.0, ""target_theta"": 0.0}, ""Alice_1"": {""angular_error"": 0.0, ""implemented_theta"": 0.7853981633974483, ""observable"": ""X"", ""projector_fidelity"": 1.0, ""target_theta"": 0.7853981633974483}, ""Alice_2"": {""angular_error"": 0.0, ""implemented_theta"": 0.0, ""observable"": ""Z"", ""projector_fidelity"": 1.0, ""target_theta"": 0.0}, ""Alice_3"": {""angular_error"": 0.0, ""implemented_theta"": 0.7853981633974483, ""observable"": ""X"", ""projector_fidelity"": 1.0, ""target_theta"": 0.7853981633974483}, ""Bob_0"": {""angular_error"": 0.39269908169872414, ""implemented_theta"": 0.0, ""observable"": ""Z"", ""projector_fidelity"": 0.8535533905932737, ""target_theta"": 0.39269908169872414}, ""Bob_1"": {""angular_error"": 0.39269908169872414, ""implemented_theta"": 0.0, ""observable"": ""Z"", ""projector_fidelity"": 0.8535533905932737, ""target_theta"": -0.39269908169872414}, ""Bob_2"": {""angular_error"": 0.39269908169872414, ""implemented_theta"": 0.0, ""observable"": ""Z"", ""projector_fidelity"": 0.8535533905932737, ""target_theta"": 0.39269908169872414}, ""Bob_3"": {""angular_error"": 0.39269908169872414, ""implemented_theta"": 0.0, ""observable"": ""Z"", ""projector_fidelity"": 0.8535533905932737, ""target_theta"": -0.39269908169872414}}, ""player_grid_count"": 2, ""synthetic_scaling_point"": false, ""systems_per_player"": 3600, ""tableau_array_bytes_per_player"": 51847200, ""workload_seed_derivation"": ""SnaQ3-v2 master/n/repetition streams"", ""workload_sha256"": ""895f3961385ed0d94ba2c38a8dd60cf29fe3acadf14a3821c4211da63f8eeb9a""}"
qubit_tableau_transpiled,60,3600,7200,0,20260930,4,0.06982468599744607,COMPLETED,,False,,1658995200,34359738368,21600.0,1.0.1,"{""bell_backend"": ""QuickQudits Tableau d=2; same Clifford Bell observables as qutrit_tableau_clifford"", ""dense_statevector"": false, ""encoding"": {""0"": ""00"", ""1"": ""01"", ""2"": ""10"", ""invalid"": ""11""}, ""grid_backend"": ""two full QuickQudits Tableau d=2 registers, 2m qubits each"", ""movement_backend"": ""QuickQudits Tableau d=2; H and S only"", ""observable_mapping"": {""Alice_0"": {""angular_error"": 0.0, ""implemented_theta"": 0.0, ""observable"": ""Z"", ""projector_fidelity"": 1.0, ""target_theta"": 0.0}, ""Alice_1"": {""angular_error"": 0.0, ""implemented_theta"": 0.7853981633974483, ""observable"": ""X"", ""projector_fidelity"": 1.0, ""target_theta"": 0.7853981633974483}, ""Alice_2"": {""angular_error"": 0.0, ""implemented_theta"": 0.0, ""observable"": ""Z"", ""projector_fidelity"": 1.0, ""target_theta"": 0.0}, ""Alice_3"": {""angular_error"": 0.0, ""implemented_theta"": 0.7853981633974483, ""observable"": ""X"", ""projector_fidelity"": 1.0, ""target_theta"": 0.7853981633974483}, ""Bob_0"": {""angular_error"": 0.39269908169872414, ""implemented_theta"": 0.0, ""observable"": ""Z"", ""projector_fidelity"": 0.8535533905932737, ""target_theta"": 0.39269908169872414}, ""Bob_1"": {""angular_error"": 0.39269908169872414, ""implemented_theta"": 0.0, ""observable"": ""Z"", ""projector_fidelity"": 0.8535533905932737, ""target_theta"": -0.39269908169872414}, ""Bob_2"": {""angular_error"": 0.39269908169872414, ""implemented_theta"": 0.0, ""observable"": ""Z"", ""projector_fidelity"": 0.8535533905932737, ""target_theta"": 0.39269908169872414}, ""Bob_3"": {""angular_error"": 0.39269908169872414, ""implemented_theta"": 0.0, ""observable"": ""Z"", ""projector_fidelity"": 0.8535533905932737, ""target_theta"": -0.39269908169872414}}, ""player_grid_count"": 2, ""qubits_per_player_grid"": 7200, ""synthetic_scaling_point"": false, ""systems_per_player"": 7200, ""tableau_array_bytes_per_player"": 207374400, ""transpiled_gates"": ""qutrit X -> X(q0), CX(q0,q1), CX(q1,q0); invalid 11 fixed"", ""workload_seed_derivation"": ""SnaQ3-v2 master/n/repetition streams"", ""workload_sha256"": ""1532e98b21bbb5411b0bc3fca61b404b16c65eb099a8cdd81bbd2353276f4ac0""}"
qubit_tableau_transpiled,60,3600,7200,1,20260930,4,0.0723333139976603,COMPLETED,,False,,1658995200,34359738368,21600.0,1.0.1,"{""bell_backend"": ""QuickQudits Tableau d=2; same Clifford Bell observables as qutrit_tableau_clifford"", ""dense_statevector"": false, ""encoding"": {""0"": ""00"", ""1"": ""01"", ""2"": ""10"", ""invalid"": ""11""}, ""grid_backend"": ""two full QuickQudits Tableau d=2 registers, 2m qubits each"", ""movement_backend"": ""QuickQudits Tableau d=2; H and S only"", ""observable_mapping"": {""Alice_0"": {""angular_error"": 0.0, ""implemented_theta"": 0.0, ""observable"": ""Z"", ""projector_fidelity"": 1.0, ""target_theta"": 0.0}, ""Alice_1"": {""angular_error"": 0.0, ""implemented_theta"": 0.7853981633974483, ""observable"": ""X"", ""projector_fidelity"": 1.0, ""target_theta"": 0.7853981633974483}, ""Alice_2"": {""angular_error"": 0.0, ""implemented_theta"": 0.0, ""observable"": ""Z"", ""projector_fidelity"": 1.0, ""target_theta"": 0.0}, ""Alice_3"": {""angular_error"": 0.0, ""implemented_theta"": 0.7853981633974483, ""observable"": ""X"", ""projector_fidelity"": 1.0, ""target_theta"": 0.7853981633974483}, ""Bob_0"": {""angular_error"": 0.39269908169872414, ""implemented_theta"": 0.0, ""observable"": ""Z"", ""projector_fidelity"": 0.8535533905932737, ""target_theta"": 0.39269908169872414}, ""Bob_1"": {""angular_error"": 0.39269908169872414, ""implemented_theta"": 0.0, ""observable"": ""Z"", ""projector_fidelity"": 0.8535533905932737, ""target_theta"": -0.39269908169872414}, ""Bob_2"": {""angular_error"": 0.39269908169872414, ""implemented_theta"": 0.0, ""observable"": ""Z"", ""projector_fidelity"": 0.8535533905932737, ""target_theta"": 0.39269908169872414}, ""Bob_3"": {""angular_error"": 0.39269908169872414, ""implemented_theta"": 0.0, ""observable"": ""Z"", ""projector_fidelity"": 0.8535533905932737, ""target_theta"": -0.39269908169872414}}, ""player_grid_count"": 2, ""qubits_per_player_grid"": 7200, ""synthetic_scaling_point"": false, ""systems_per_player"": 7200, ""tableau_array_bytes_per_player"": 207374400, ""transpiled_gates"": ""qutrit X -> X(q0), CX(q0,q1), CX(q1,q0); invalid 11 fixed"", ""workload_seed_derivation"": ""SnaQ3-v2 master/n/repetition streams"", ""workload_sha256"": ""df045d064be3364bb9ce8b342dd0d5d6483497d014ca0947643dad57074f7a41""}"
qubit_tableau_transpiled,60,3600,7200,2,20260930,4,0.06792166600644123,COMPLETED,,False,,1658995200,34359738368,21600.0,1.0.1,"{""bell_backend"": ""QuickQudits Tableau d=2; same Clifford Bell observables as qutrit_tableau_clifford"", ""dense_statevector"": false, ""encoding"": {""0"": ""00"", ""1"": ""01"", ""2"": ""10"", ""invalid"": ""11""}, ""grid_backend"": ""two full QuickQudits Tableau d=2 registers, 2m qubits each"", ""movement_backend"": ""QuickQudits Tableau d=2; H and S only"", ""observable_mapping"": {""Alice_0"": {""angular_error"": 0.0, ""implemented_theta"": 0.0, ""observable"": ""Z"", ""projector_fidelity"": 1.0, ""target_theta"": 0.0}, ""Alice_1"": {""angular_error"": 0.0, ""implemented_theta"": 0.7853981633974483, ""observable"": ""X"", ""projector_fidelity"": 1.0, ""target_theta"": 0.7853981633974483}, ""Alice_2"": {""angular_error"": 0.0, ""implemented_theta"": 0.0, ""observable"": ""Z"", ""projector_fidelity"": 1.0, ""target_theta"": 0.0}, ""Alice_3"": {""angular_error"": 0.0, ""implemented_theta"": 0.7853981633974483, ""observable"": ""X"", ""projector_fidelity"": 1.0, ""target_theta"": 0.7853981633974483}, ""Bob_0"": {""angular_error"": 0.39269908169872414, ""implemented_theta"": 0.0, ""observable"": ""Z"", ""projector_fidelity"": 0.8535533905932737, ""target_theta"": 0.39269908169872414}, ""Bob_1"": {""angular_error"": 0.39269908169872414, ""implemented_theta"": 0.0, ""observable"": ""Z"", ""projector_fidelity"": 0.8535533905932737, ""target_theta"": -0.39269908169872414}, ""Bob_2"": {""angular_error"": 0.39269908169872414, ""implemented_theta"": 0.0, ""observable"": ""Z"", ""projector_fidelity"": 0.8535533905932737, ""target_theta"": 0.39269908169872414}, ""Bob_3"": {""angular_error"": 0.39269908169872414, ""implemented_theta"": 0.0, ""observable"": ""Z"", ""projector_fidelity"": 0.8535533905932737, ""target_theta"": -0.39269908169872414}}, ""player_grid_count"": 2, ""qubits_per_player_grid"": 7200, ""synthetic_scaling_point"": false, ""systems_per_player"": 7200, ""tableau_array_bytes_per_player"": 207374400, ""transpiled_gates"": ""qutrit X -> X(q0), CX(q0,q1), CX(q1,q0); invalid 11 fixed"", ""workload_seed_derivation"": ""SnaQ3-v2 master/n/repetition streams"", ""workload_sha256"": ""c2d0bb1a1acabdec1590d2b275fee207b4cc610ce231dbccd900c803e24e9b7b""}"
qubit_tableau_transpiled,60,3600,7200,3,20260930,4,0.06908538100105943,COMPLETED,,False,,1658995200,34359738368,21600.0,1.0.1,"{""bell_backend"": ""QuickQudits Tableau d=2; same Clifford Bell observables as qutrit_tableau_clifford"", ""dense_statevector"": false, ""encoding"": {""0"": ""00"", ""1"": ""01"", ""2"": ""10"", ""invalid"": ""11""}, ""grid_backend"": ""two full QuickQudits Tableau d=2 registers, 2m qubits each"", ""movement_backend"": ""QuickQudits Tableau d=2; H and S only"", ""observable_mapping"": {""Alice_0"": {""angular_error"": 0.0, ""implemented_theta"": 0.0, ""observable"": ""Z"", ""projector_fidelity"": 1.0, ""target_theta"": 0.0}, ""Alice_1"": {""angular_error"": 0.0, ""implemented_theta"": 0.7853981633974483, ""observable"": ""X"", ""projector_fidelity"": 1.0, ""target_theta"": 0.7853981633974483}, ""Alice_2"": {""angular_error"": 0.0, ""implemented_theta"": 0.0, ""observable"": ""Z"", ""projector_fidelity"": 1.0, ""target_theta"": 0.0}, ""Alice_3"": {""angular_error"": 0.0, ""implemented_theta"": 0.7853981633974483, ""observable"": ""X"", ""projector_fidelity"": 1.0, ""target_theta"": 0.7853981633974483}, ""Bob_0"": {""angular_error"": 0.39269908169872414, ""implemented_theta"": 0.0, ""observable"": ""Z"", ""projector_fidelity"": 0.8535533905932737, ""target_theta"": 0.39269908169872414}, ""Bob_1"": {""angular_error"": 0.39269908169872414, ""implemented_theta"": 0.0, ""observable"": ""Z"", ""projector_fidelity"": 0.8535533905932737, ""target_theta"": -0.39269908169872414}, ""Bob_2"": {""angular_error"": 0.39269908169872414, ""implemented_theta"": 0.0, ""observable"": ""Z"", ""projector_fidelity"": 0.8535533905932737, ""target_theta"": 0.39269908169872414}, ""Bob_3"": {""angular_error"": 0.39269908169872414, ""implemented_theta"": 0.0, ""observable"": ""Z"", ""projector_fidelity"": 0.8535533905932737, ""target_theta"": -0.39269908169872414}}, ""player_grid_count"": 2, ""qubits_per_player_grid"": 7200, ""synthetic_scaling_point"": false, ""systems_per_player"": 7200, ""tableau_array_bytes_per_player"": 207374400, ""transpiled_gates"": ""qutrit X -> X(q0), CX(q0,q1), CX(q1,q0); invalid 11 fixed"", ""workload_seed_derivation"": ""SnaQ3-v2 master/n/repetition streams"", ""workload_sha256"": ""8b7fd9cc02faca89fb2f0625d2a082dbb13574242932942486cc996416249909""}"
qubit_tableau_transpiled,60,3600,7200,4,20260930,4,0.07143524899584008,COMPLETED,,False,,1658995200,34359738368,21600.0,1.0.1,"{""bell_backend"": ""QuickQudits Tableau d=2; same Clifford Bell observables as qutrit_tableau_clifford"", ""dense_statevector"": false, ""encoding"": {""0"": ""00"", ""1"": ""01"", ""2"": ""10"", ""invalid"": ""11""}, ""grid_backend"": ""two full QuickQudits Tableau d=2 registers, 2m qubits each"", ""movement_backend"": ""QuickQudits Tableau d=2; H and S only"", ""observable_mapping"": {""Alice_0"": {""angular_error"": 0.0, ""implemented_theta"": 0.0, ""observable"": ""Z"", ""projector_fidelity"": 1.0, ""target_theta"": 0.0}, ""Alice_1"": {""angular_error"": 0.0, ""implemented_theta"": 0.7853981633974483, ""observable"": ""X"", ""projector_fidelity"": 1.0, ""target_theta"": 0.7853981633974483}, ""Alice_2"": {""angular_error"": 0.0, ""implemented_theta"": 0.0, ""observable"": ""Z"", ""projector_fidelity"": 1.0, ""target_theta"": 0.0}, ""Alice_3"": {""angular_error"": 0.0, ""implemented_theta"": 0.7853981633974483, ""observable"": ""X"", ""projector_fidelity"": 1.0, ""target_theta"": 0.7853981633974483}, ""Bob_0"": {""angular_error"": 0.39269908169872414, ""implemented_theta"": 0.0, ""observable"": ""Z"", ""projector_fidelity"": 0.8535533905932737, ""target_theta"": 0.39269908169872414}, ""Bob_1"": {""angular_error"": 0.39269908169872414, ""implemented_theta"": 0.0, ""observable"": ""Z"", ""projector_fidelity"": 0.8535533905932737, ""target_theta"": -0.39269908169872414}, ""Bob_2"": {""angular_error"": 0.39269908169872414, ""implemented_theta"": 0.0, ""observable"": ""Z"", ""projector_fidelity"": 0.8535533905932737, ""target_theta"": 0.39269908169872414}, ""Bob_3"": {""angular_error"": 0.39269908169872414, ""implemented_theta"": 0.0, ""observable"": ""Z"", ""projector_fidelity"": 0.8535533905932737, ""target_theta"": -0.39269908169872414}}, ""player_grid_count"": 2, ""qubits_per_player_grid"": 7200, ""synthetic_scaling_point"": false, ""systems_per_player"": 7200, ""tableau_array_bytes_per_player"": 207374400, ""transpiled_gates"": ""qutrit X -> X(q0), CX(q0,q1), CX(q1,q0); invalid 11 fixed"", ""workload_seed_derivation"": ""SnaQ3-v2 master/n/repetition streams"", ""workload_sha256"": ""e4a50cee280a4132dbed40413f2fbca8e8f1d9621ef56a109162c3daadcf35e0""}"
qubit_tableau_transpiled,60,3600,7200,5,20260930,4,0.07024955799715826,COMPLETED,,False,,1658995200,34359738368,21600.0,1.0.1,"{""bell_backend"": ""QuickQudits Tableau d=2; same Clifford Bell observables as qutrit_tableau_clifford"", ""dense_statevector"": false, ""encoding"": {""0"": ""00"", ""1"": ""01"", ""2"": ""10"", ""invalid"": ""11""}, ""grid_backend"": ""two full QuickQudits Tableau d=2 registers, 2m qubits each"", ""movement_backend"": ""QuickQudits Tableau d=2; H and S only"", ""observable_mapping"": {""Alice_0"": {""angular_error"": 0.0, ""implemented_theta"": 0.0, ""observable"": ""Z"", ""projector_fidelity"": 1.0, ""target_theta"": 0.0}, ""Alice_1"": {""angular_error"": 0.0, ""implemented_theta"": 0.7853981633974483, ""observable"": ""X"", ""projector_fidelity"": 1.0, ""target_theta"": 0.7853981633974483}, ""Alice_2"": {""angular_error"": 0.0, ""implemented_theta"": 0.0, ""observable"": ""Z"", ""projector_fidelity"": 1.0, ""target_theta"": 0.0}, ""Alice_3"": {""angular_error"": 0.0, ""implemented_theta"": 0.7853981633974483, ""observable"": ""X"", ""projector_fidelity"": 1.0, ""target_theta"": 0.7853981633974483}, ""Bob_0"": {""angular_error"": 0.39269908169872414, ""implemented_theta"": 0.0, ""observable"": ""Z"", ""projector_fidelity"": 0.8535533905932737, ""target_theta"": 0.39269908169872414}, ""Bob_1"": {""angular_error"": 0.39269908169872414, ""implemented_theta"": 0.0, ""observable"": ""Z"", ""projector_fidelity"": 0.8535533905932737, ""target_theta"": -0.39269908169872414}, ""Bob_2"": {""angular_error"": 0.39269908169872414, ""implemented_theta"": 0.0, ""observable"": ""Z"", ""projector_fidelity"": 0.8535533905932737, ""target_theta"": 0.39269908169872414}, ""Bob_3"": {""angular_error"": 0.39269908169872414, ""implemented_theta"": 0.0, ""observable"": ""Z"", ""projector_fidelity"": 0.8535533905932737, ""target_theta"": -0.39269908169872414}}, ""player_grid_count"": 2, ""qubits_per_player_grid"": 7200, ""synthetic_scaling_point"": false, ""systems_per_player"": 7200, ""tableau_array_bytes_per_player"": 207374400, ""transpiled_gates"": ""qutrit X -> X(q0), CX(q0,q1), CX(q1,q0); invalid 11 fixed"", ""workload_seed_derivation"": ""SnaQ3-v2 master/n/repetition streams"", ""workload_sha256"": ""18b30065f85cafc8604fc6c3b396b741cb572a76b7fb8809bb75b50f7e50cc59""}"
qubit_tableau_transpiled,60,3600,7200,6,20260930,4,0.07250105200364487,COMPLETED,,False,,1658995200,34359738368,21600.0,1.0.1,"{""bell_backend"": ""QuickQudits Tableau d=2; same Clifford Bell observables as qutrit_tableau_clifford"", ""dense_statevector"": false, ""encoding"": {""0"": ""00"", ""1"": ""01"", ""2"": ""10"", ""invalid"": ""11""}, ""grid_backend"": ""two full QuickQudits Tableau d=2 registers, 2m qubits each"", ""movement_backend"": ""QuickQudits Tableau d=2; H and S only"", ""observable_mapping"": {""Alice_0"": {""angular_error"": 0.0, ""implemented_theta"": 0.0, ""observable"": ""Z"", ""projector_fidelity"": 1.0, ""target_theta"": 0.0}, ""Alice_1"": {""angular_error"": 0.0, ""implemented_theta"": 0.7853981633974483, ""observable"": ""X"", ""projector_fidelity"": 1.0, ""target_theta"": 0.7853981633974483}, ""Alice_2"": {""angular_error"": 0.0, ""implemented_theta"": 0.0, ""observable"": ""Z"", ""projector_fidelity"": 1.0, ""target_theta"": 0.0}, ""Alice_3"": {""angular_error"": 0.0, ""implemented_theta"": 0.7853981633974483, ""observable"": ""X"", ""projector_fidelity"": 1.0, ""target_theta"": 0.7853981633974483}, ""Bob_0"": {""angular_error"": 0.39269908169872414, ""implemented_theta"": 0.0, ""observable"": ""Z"", ""projector_fidelity"": 0.8535533905932737, ""target_theta"": 0.39269908169872414}, ""Bob_1"": {""angular_error"": 0.39269908169872414, ""implemented_theta"": 0.0, ""observable"": ""Z"", ""projector_fidelity"": 0.8535533905932737, ""target_theta"": -0.39269908169872414}, ""Bob_2"": {""angular_error"": 0.39269908169872414, ""implemented_theta"": 0.0, ""observable"": ""Z"", ""projector_fidelity"": 0.8535533905932737, ""target_theta"": 0.39269908169872414}, ""Bob_3"": {""angular_error"": 0.39269908169872414, ""implemented_theta"": 0.0, ""observable"": ""Z"", ""projector_fidelity"": 0.8535533905932737, ""target_theta"": -0.39269908169872414}}, ""player_grid_count"": 2, ""qubits_per_player_grid"": 7200, ""synthetic_scaling_point"": false, ""systems_per_player"": 7200, ""tableau_array_bytes_per_player"": 207374400, ""transpiled_gates"": ""qutrit X -> X(q0), CX(q0,q1), CX(q1,q0); invalid 11 fixed"", ""workload_seed_derivation"": ""SnaQ3-v2 master/n/repetition streams"", ""workload_sha256"": ""0023ed10cc4722f97788aa04f34491400477a2e5124a29a40940fe74f7d75b11""}"
qubit_tableau_transpiled,60,3600,7200,7,20260930,4,0.07702665800024988,COMPLETED,,False,,1658995200,34359738368,21600.0,1.0.1,"{""bell_backend"": ""QuickQudits Tableau d=2; same Clifford Bell observables as qutrit_tableau_clifford"", ""dense_statevector"": false, ""encoding"": {""0"": ""00"", ""1"": ""01"", ""2"": ""10"", ""invalid"": ""11""}, ""grid_backend"": ""two full QuickQudits Tableau d=2 registers, 2m qubits each"", ""movement_backend"": ""QuickQudits Tableau d=2; H and S only"", ""observable_mapping"": {""Alice_0"": {""angular_error"": 0.0, ""implemented_theta"": 0.0, ""observable"": ""Z"", ""projector_fidelity"": 1.0, ""target_theta"": 0.0}, ""Alice_1"": {""angular_error"": 0.0, ""implemented_theta"": 0.7853981633974483, ""observable"": ""X"", ""projector_fidelity"": 1.0, ""target_theta"": 0.7853981633974483}, ""Alice_2"": {""angular_error"": 0.0, ""implemented_theta"": 0.0, ""observable"": ""Z"", ""projector_fidelity"": 1.0, ""target_theta"": 0.0}, ""Alice_3"": {""angular_error"": 0.0, ""implemented_theta"": 0.7853981633974483, ""observable"": ""X"", ""projector_fidelity"": 1.0, ""target_theta"": 0.7853981633974483}, ""Bob_0"": {""angular_error"": 0.39269908169872414, ""implemented_theta"": 0.0, ""observable"": ""Z"", ""projector_fidelity"": 0.8535533905932737, ""target_theta"": 0.39269908169872414}, ""Bob_1"": {""angular_error"": 0.39269908169872414, ""implemented_theta"": 0.0, ""observable"": ""Z"", ""projector_fidelity"": 0.8535533905932737, ""target_theta"": -0.39269908169872414}, ""Bob_2"": {""angular_error"": 0.39269908169872414, ""implemented_theta"": 0.0, ""observable"": ""Z"", ""projector_fidelity"": 0.8535533905932737, ""target_theta"": 0.39269908169872414}, ""Bob_3"": {""angular_error"": 0.39269908169872414, ""implemented_theta"": 0.0, ""observable"": ""Z"", ""projector_fidelity"": 0.8535533905932737, ""target_theta"": -0.39269908169872414}}, ""player_grid_count"": 2, ""qubits_per_player_grid"": 7200, ""synthetic_scaling_point"": false, ""systems_per_player"": 7200, ""tableau_array_bytes_per_player"": 207374400, ""transpiled_gates"": ""qutrit X -> X(q0), CX(q0,q1), CX(q1,q0); invalid 11 fixed"", ""workload_seed_derivation"": ""SnaQ3-v2 master/n/repetition streams"", ""workload_sha256"": ""58c76f25b2da01bbc9d246368061c3c0d46bc62fca791d62c04a25b1962d2bca""}"
qubit_tableau_transpiled,60,3600,7200,8,20260930,4,0.06975524999870686,COMPLETED,,False,,1658995200,34359738368,21600.0,1.0.1,"{""bell_backend"": ""QuickQudits Tableau d=2; same Clifford Bell observables as qutrit_tableau_clifford"", ""dense_statevector"": false, ""encoding"": {""0"": ""00"", ""1"": ""01"", ""2"": ""10"", ""invalid"": ""11""}, ""grid_backend"": ""two full QuickQudits Tableau d=2 registers, 2m qubits each"", ""movement_backend"": ""QuickQudits Tableau d=2; H and S only"", ""observable_mapping"": {""Alice_0"": {""angular_error"": 0.0, ""implemented_theta"": 0.0, ""observable"": ""Z"", ""projector_fidelity"": 1.0, ""target_theta"": 0.0}, ""Alice_1"": {""angular_error"": 0.0, ""implemented_theta"": 0.7853981633974483, ""observable"": ""X"", ""projector_fidelity"": 1.0, ""target_theta"": 0.7853981633974483}, ""Alice_2"": {""angular_error"": 0.0, ""implemented_theta"": 0.0, ""observable"": ""Z"", ""projector_fidelity"": 1.0, ""target_theta"": 0.0}, ""Alice_3"": {""angular_error"": 0.0, ""implemented_theta"": 0.7853981633974483, ""observable"": ""X"", ""projector_fidelity"": 1.0, ""target_theta"": 0.7853981633974483}, ""Bob_0"": {""angular_error"": 0.39269908169872414, ""implemented_theta"": 0.0, ""observable"": ""Z"", ""projector_fidelity"": 0.8535533905932737, ""target_theta"": 0.39269908169872414}, ""Bob_1"": {""angular_error"": 0.39269908169872414, ""implemented_theta"": 0.0, ""observable"": ""Z"", ""projector_fidelity"": 0.8535533905932737, ""target_theta"": -0.39269908169872414}, ""Bob_2"": {""angular_error"": 0.39269908169872414, ""implemented_theta"": 0.0, ""observable"": ""Z"", ""projector_fidelity"": 0.8535533905932737, ""target_theta"": 0.39269908169872414}, ""Bob_3"": {""angular_error"": 0.39269908169872414, ""implemented_theta"": 0.0, ""observable"": ""Z"", ""projector_fidelity"": 0.8535533905932737, ""target_theta"": -0.39269908169872414}}, ""player_grid_count"": 2, ""qubits_per_player_grid"": 7200, ""synthetic_scaling_point"": false, ""systems_per_player"": 7200, ""tableau_array_bytes_per_player"": 207374400, ""transpiled_gates"": ""qutrit X -> X(q0), CX(q0,q1), CX(q1,q0); invalid 11 fixed"", ""workload_seed_derivation"": ""SnaQ3-v2 master/n/repetition streams"", ""workload_sha256"": ""964bf88c2f1453310b48396a326b8387b2c7a39e59c36ced356b7457028264b0""}"
qubit_tableau_transpiled,60,3600,7200,9,20260930,4,0.07302622999850428,COMPLETED,,False,,1658995200,34359738368,21600.0,1.0.1,"{""bell_backend"": ""QuickQudits Tableau d=2; same Clifford Bell observables as qutrit_tableau_clifford"", ""dense_statevector"": false, ""encoding"": {""0"": ""00"", ""1"": ""01"", ""2"": ""10"", ""invalid"": ""11""}, ""grid_backend"": ""two full QuickQudits Tableau d=2 registers, 2m qubits each"", ""movement_backend"": ""QuickQudits Tableau d=2; H and S only"", ""observable_mapping"": {""Alice_0"": {""angular_error"": 0.0, ""implemented_theta"": 0.0, ""observable"": ""Z"", ""projector_fidelity"": 1.0, ""target_theta"": 0.0}, ""Alice_1"": {""angular_error"": 0.0, ""implemented_theta"": 0.7853981633974483, ""observable"": ""X"", ""projector_fidelity"": 1.0, ""target_theta"": 0.7853981633974483}, ""Alice_2"": {""angular_error"": 0.0, ""implemented_theta"": 0.0, ""observable"": ""Z"", ""projector_fidelity"": 1.0, ""target_theta"": 0.0}, ""Alice_3"": {""angular_error"": 0.0, ""implemented_theta"": 0.7853981633974483, ""observable"": ""X"", ""projector_fidelity"": 1.0, ""target_theta"": 0.7853981633974483}, ""Bob_0"": {""angular_error"": 0.39269908169872414, ""implemented_theta"": 0.0, ""observable"": ""Z"", ""projector_fidelity"": 0.8535533905932737, ""target_theta"": 0.39269908169872414}, ""Bob_1"": {""angular_error"": 0.39269908169872414, ""implemented_theta"": 0.0, ""observable"": ""Z"", ""projector_fidelity"": 0.8535533905932737, ""target_theta"": -0.39269908169872414}, ""Bob_2"": {""angular_error"": 0.39269908169872414, ""implemented_theta"": 0.0, ""observable"": ""Z"", ""projector_fidelity"": 0.8535533905932737, ""target_theta"": 0.39269908169872414}, ""Bob_3"": {""angular_error"": 0.39269908169872414, ""implemented_theta"": 0.0, ""observable"": ""Z"", ""projector_fidelity"": 0.8535533905932737, ""target_theta"": -0.39269908169872414}}, ""player_grid_count"": 2, ""qubits_per_player_grid"": 7200, ""synthetic_scaling_point"": false, ""systems_per_player"": 7200, ""tableau_array_bytes_per_player"": 207374400, ""transpiled_gates"": ""qutrit X -> X(q0), CX(q0,q1), CX(q1,q0); invalid 11 fixed"", ""workload_seed_derivation"": ""SnaQ3-v2 master/n/repetition streams"", ""workload_sha256"": ""ad5ea441db6dd3894bd8cf13231941649617abee7cabaf5567683194070141eb""}"
qubit_tableau_transpiled,60,3600,7200,10,20260930,4,0.07457944099587621,COMPLETED,,False,,1658995200,34359738368,21600.0,1.0.1,"{""bell_backend"": ""QuickQudits Tableau d=2; same Clifford Bell observables as qutrit_tableau_clifford"", ""dense_statevector"": false, ""encoding"": {""0"": ""00"", ""1"": ""01"", ""2"": ""10"", ""invalid"": ""11""}, ""grid_backend"": ""two full QuickQudits Tableau d=2 registers, 2m qubits each"", ""movement_backend"": ""QuickQudits Tableau d=2; H and S only"", ""observable_mapping"": {""Alice_0"": {""angular_error"": 0.0, ""implemented_theta"": 0.0, ""observable"": ""Z"", ""projector_fidelity"": 1.0, ""target_theta"": 0.0}, ""Alice_1"": {""angular_error"": 0.0, ""implemented_theta"": 0.7853981633974483, ""observable"": ""X"", ""projector_fidelity"": 1.0, ""target_theta"": 0.7853981633974483}, ""Alice_2"": {""angular_error"": 0.0, ""implemented_theta"": 0.0, ""observable"": ""Z"", ""projector_fidelity"": 1.0, ""target_theta"": 0.0}, ""Alice_3"": {""angular_error"": 0.0, ""implemented_theta"": 0.7853981633974483, ""observable"": ""X"", ""projector_fidelity"": 1.0, ""target_theta"": 0.7853981633974483}, ""Bob_0"": {""angular_error"": 0.39269908169872414, ""implemented_theta"": 0.0, ""observable"": ""Z"", ""projector_fidelity"": 0.8535533905932737, ""target_theta"": 0.39269908169872414}, ""Bob_1"": {""angular_error"": 0.39269908169872414, ""implemented_theta"": 0.0, ""observable"": ""Z"", ""projector_fidelity"": 0.8535533905932737, ""target_theta"": -0.39269908169872414}, ""Bob_2"": {""angular_error"": 0.39269908169872414, ""implemented_theta"": 0.0, ""observable"": ""Z"", ""projector_fidelity"": 0.8535533905932737, ""target_theta"": 0.39269908169872414}, ""Bob_3"": {""angular_error"": 0.39269908169872414, ""implemented_theta"": 0.0, ""observable"": ""Z"", ""projector_fidelity"": 0.8535533905932737, ""target_theta"": -0.39269908169872414}}, ""player_grid_count"": 2, ""qubits_per_player_grid"": 7200, ""synthetic_scaling_point"": false, ""systems_per_player"": 7200, ""tableau_array_bytes_per_player"": 207374400, ""transpiled_gates"": ""qutrit X -> X(q0), CX(q0,q1), CX(q1,q0); invalid 11 fixed"", ""workload_seed_derivation"": ""SnaQ3-v2 master/n/repetition streams"", ""workload_sha256"": ""60869d376ae33aded655c983fa56edeafcce09eb451c4d0565b20c63478b513c""}"
qubit_tableau_transpiled,60,3600,7200,11,20260930,4,0.07137870699807536,COMPLETED,,False,,1658995200,34359738368,21600.0,1.0.1,"{""bell_backend"": ""QuickQudits Tableau d=2; same Clifford Bell observables as qutrit_tableau_clifford"", ""dense_statevector"": false, ""encoding"": {""0"": ""00"", ""1"": ""01"", ""2"": ""10"", ""invalid"": ""11""}, ""grid_backend"": ""two full QuickQudits Tableau d=2 registers, 2m qubits each"", ""movement_backend"": ""QuickQudits Tableau d=2; H and S only"", ""observable_mapping"": {""Alice_0"": {""angular_error"": 0.0, ""implemented_theta"": 0.0, ""observable"": ""Z"", ""projector_fidelity"": 1.0, ""target_theta"": 0.0}, ""Alice_1"": {""angular_error"": 0.0, ""implemented_theta"": 0.7853981633974483, ""observable"": ""X"", ""projector_fidelity"": 1.0, ""target_theta"": 0.7853981633974483}, ""Alice_2"": {""angular_error"": 0.0, ""implemented_theta"": 0.0, ""observable"": ""Z"", ""projector_fidelity"": 1.0, ""target_theta"": 0.0}, ""Alice_3"": {""angular_error"": 0.0, ""implemented_theta"": 0.7853981633974483, ""observable"": ""X"", ""projector_fidelity"": 1.0, ""target_theta"": 0.7853981633974483}, ""Bob_0"": {""angular_error"": 0.39269908169872414, ""implemented_theta"": 0.0, ""observable"": ""Z"", ""projector_fidelity"": 0.8535533905932737, ""target_theta"": 0.39269908169872414}, ""Bob_1"": {""angular_error"": 0.39269908169872414, ""implemented_theta"": 0.0, ""observable"": ""Z"", ""projector_fidelity"": 0.8535533905932737, ""target_theta"": -0.39269908169872414}, ""Bob_2"": {""angular_error"": 0.39269908169872414, ""implemented_theta"": 0.0, ""observable"": ""Z"", ""projector_fidelity"": 0.8535533905932737, ""target_theta"": 0.39269908169872414}, ""Bob_3"": {""angular_error"": 0.39269908169872414, ""implemented_theta"": 0.0, ""observable"": ""Z"", ""projector_fidelity"": 0.8535533905932737, ""target_theta"": -0.39269908169872414}}, ""player_grid_count"": 2, ""qubits_per_player_grid"": 7200, ""synthetic_scaling_point"": false, ""systems_per_player"": 7200, ""tableau_array_bytes_per_player"": 207374400, ""transpiled_gates"": ""qutrit X -> X(q0), CX(q0,q1), CX(q1,q0); invalid 11 fixed"", ""workload_seed_derivation"": ""SnaQ3-v2 master/n/repetition streams"", ""workload_sha256"": ""f60370f19bc10aa365f91607cfb5a0bca1b6780319239a101d05b2aedce52ae7""}"
qubit_tableau_transpiled,60,3600,7200,12,20260930,4,0.07214912299969001,COMPLETED,,False,,1658995200,34359738368,21600.0,1.0.1,"{""bell_backend"": ""QuickQudits Tableau d=2; same Clifford Bell observables as qutrit_tableau_clifford"", ""dense_statevector"": false, ""encoding"": {""0"": ""00"", ""1"": ""01"", ""2"": ""10"", ""invalid"": ""11""}, ""grid_backend"": ""two full QuickQudits Tableau d=2 registers, 2m qubits each"", ""movement_backend"": ""QuickQudits Tableau d=2; H and S only"", ""observable_mapping"": {""Alice_0"": {""angular_error"": 0.0, ""implemented_theta"": 0.0, ""observable"": ""Z"", ""projector_fidelity"": 1.0, ""target_theta"": 0.0}, ""Alice_1"": {""angular_error"": 0.0, ""implemented_theta"": 0.7853981633974483, ""observable"": ""X"", ""projector_fidelity"": 1.0, ""target_theta"": 0.7853981633974483}, ""Alice_2"": {""angular_error"": 0.0, ""implemented_theta"": 0.0, ""observable"": ""Z"", ""projector_fidelity"": 1.0, ""target_theta"": 0.0}, ""Alice_3"": {""angular_error"": 0.0, ""implemented_theta"": 0.7853981633974483, ""observable"": ""X"", ""projector_fidelity"": 1.0, ""target_theta"": 0.7853981633974483}, ""Bob_0"": {""angular_error"": 0.39269908169872414, ""implemented_theta"": 0.0, ""observable"": ""Z"", ""projector_fidelity"": 0.8535533905932737, ""target_theta"": 0.39269908169872414}, ""Bob_1"": {""angular_error"": 0.39269908169872414, ""implemented_theta"": 0.0, ""observable"": ""Z"", ""projector_fidelity"": 0.8535533905932737, ""target_theta"": -0.39269908169872414}, ""Bob_2"": {""angular_error"": 0.39269908169872414, ""implemented_theta"": 0.0, ""observable"": ""Z"", ""projector_fidelity"": 0.8535533905932737, ""target_theta"": 0.39269908169872414}, ""Bob_3"": {""angular_error"": 0.39269908169872414, ""implemented_theta"": 0.0, ""observable"": ""Z"", ""projector_fidelity"": 0.8535533905932737, ""target_theta"": -0.39269908169872414}}, ""player_grid_count"": 2, ""qubits_per_player_grid"": 7200, ""synthetic_scaling_point"": false, ""systems_per_player"": 7200, ""tableau_array_bytes_per_player"": 207374400, ""transpiled_gates"": ""qutrit X -> X(q0), CX(q0,q1), CX(q1,q0); invalid 11 fixed"", ""workload_seed_derivation"": ""SnaQ3-v2 master/n/repetition streams"", ""workload_sha256"": ""477f7c93cc4a650c026b2427ca91b3be28155be02568833d833c24abe3ec8844""}"
qubit_tableau_transpiled,60,3600,7200,13,20260930,4,0.07018952399812406,COMPLETED,,False,,1658995200,34359738368,21600.0,1.0.1,"{""bell_backend"": ""QuickQudits Tableau d=2; same Clifford Bell observables as qutrit_tableau_clifford"", ""dense_statevector"": false, ""encoding"": {""0"": ""00"", ""1"": ""01"", ""2"": ""10"", ""invalid"": ""11""}, ""grid_backend"": ""two full QuickQudits Tableau d=2 registers, 2m qubits each"", ""movement_backend"": ""QuickQudits Tableau d=2; H and S only"", ""observable_mapping"": {""Alice_0"": {""angular_error"": 0.0, ""implemented_theta"": 0.0, ""observable"": ""Z"", ""projector_fidelity"": 1.0, ""target_theta"": 0.0}, ""Alice_1"": {""angular_error"": 0.0, ""implemented_theta"": 0.7853981633974483, ""observable"": ""X"", ""projector_fidelity"": 1.0, ""target_theta"": 0.7853981633974483}, ""Alice_2"": {""angular_error"": 0.0, ""implemented_theta"": 0.0, ""observable"": ""Z"", ""projector_fidelity"": 1.0, ""target_theta"": 0.0}, ""Alice_3"": {""angular_error"": 0.0, ""implemented_theta"": 0.7853981633974483, ""observable"": ""X"", ""projector_fidelity"": 1.0, ""target_theta"": 0.7853981633974483}, ""Bob_0"": {""angular_error"": 0.39269908169872414, ""implemented_theta"": 0.0, ""observable"": ""Z"", ""projector_fidelity"": 0.8535533905932737, ""target_theta"": 0.39269908169872414}, ""Bob_1"": {""angular_error"": 0.39269908169872414, ""implemented_theta"": 0.0, ""observable"": ""Z"", ""projector_fidelity"": 0.8535533905932737, ""target_theta"": -0.39269908169872414}, ""Bob_2"": {""angular_error"": 0.39269908169872414, ""implemented_theta"": 0.0, ""observable"": ""Z"", ""projector_fidelity"": 0.8535533905932737, ""target_theta"": 0.39269908169872414}, ""Bob_3"": {""angular_error"": 0.39269908169872414, ""implemented_theta"": 0.0, ""observable"": ""Z"", ""projector_fidelity"": 0.8535533905932737, ""target_theta"": -0.39269908169872414}}, ""player_grid_count"": 2, ""qubits_per_player_grid"": 7200, ""synthetic_scaling_point"": false, ""systems_per_player"": 7200, ""tableau_array_bytes_per_player"": 207374400, ""transpiled_gates"": ""qutrit X -> X(q0), CX(q0,q1), CX(q1,q0); invalid 11 fixed"", ""workload_seed_derivation"": ""SnaQ3-v2 master/n/repetition streams"", ""workload_sha256"": ""7575eb9ad001dd18ae6dcc2bd4469cada5f6cedff7b9ccad0b9fddfc67d3dabc""}"
qubit_tableau_transpiled,60,3600,7200,14,20260930,4,0.07434909600124229,COMPLETED,,False,,1658995200,34359738368,21600.0,1.0.1,"{""bell_backend"": ""QuickQudits Tableau d=2; same Clifford Bell observables as qutrit_tableau_clifford"", ""dense_statevector"": false, ""encoding"": {""0"": ""00"", ""1"": ""01"", ""2"": ""10"", ""invalid"": ""11""}, ""grid_backend"": ""two full QuickQudits Tableau d=2 registers, 2m qubits each"", ""movement_backend"": ""QuickQudits Tableau d=2; H and S only"", ""observable_mapping"": {""Alice_0"": {""angular_error"": 0.0, ""implemented_theta"": 0.0, ""observable"": ""Z"", ""projector_fidelity"": 1.0, ""target_theta"": 0.0}, ""Alice_1"": {""angular_error"": 0.0, ""implemented_theta"": 0.7853981633974483, ""observable"": ""X"", ""projector_fidelity"": 1.0, ""target_theta"": 0.7853981633974483}, ""Alice_2"": {""angular_error"": 0.0, ""implemented_theta"": 0.0, ""observable"": ""Z"", ""projector_fidelity"": 1.0, ""target_theta"": 0.0}, ""Alice_3"": {""angular_error"": 0.0, ""implemented_theta"": 0.7853981633974483, ""observable"": ""X"", ""projector_fidelity"": 1.0, ""target_theta"": 0.7853981633974483}, ""Bob_0"": {""angular_error"": 0.39269908169872414, ""implemented_theta"": 0.0, ""observable"": ""Z"", ""projector_fidelity"": 0.8535533905932737, ""target_theta"": 0.39269908169872414}, ""Bob_1"": {""angular_error"": 0.39269908169872414, ""implemented_theta"": 0.0, ""observable"": ""Z"", ""projector_fidelity"": 0.8535533905932737, ""target_theta"": -0.39269908169872414}, ""Bob_2"": {""angular_error"": 0.39269908169872414, ""implemented_theta"": 0.0, ""observable"": ""Z"", ""projector_fidelity"": 0.8535533905932737, ""target_theta"": 0.39269908169872414}, ""Bob_3"": {""angular_error"": 0.39269908169872414, ""implemented_theta"": 0.0, ""observable"": ""Z"", ""projector_fidelity"": 0.8535533905932737, ""target_theta"": -0.39269908169872414}}, ""player_grid_count"": 2, ""qubits_per_player_grid"": 7200, ""synthetic_scaling_point"": false, ""systems_per_player"": 7200, ""tableau_array_bytes_per_player"": 207374400, ""transpiled_gates"": ""qutrit X -> X(q0), CX(q0,q1), CX(q1,q0); invalid 11 fixed"", ""workload_seed_derivation"": ""SnaQ3-v2 master/n/repetition streams"", ""workload_sha256"": ""56b2417644f0b3bb9bb9c2bb07458a65b43a4d9eebfc10b17ec15fa6aaf48582""}"
qubit_tableau_transpiled,60,3600,7200,15,20260930,4,0.07936930099822348,COMPLETED,,False,,1658995200,34359738368,21600.0,1.0.1,"{""bell_backend"": ""QuickQudits Tableau d=2; same Clifford Bell observables as qutrit_tableau_clifford"", ""dense_statevector"": false, ""encoding"": {""0"": ""00"", ""1"": ""01"", ""2"": ""10"", ""invalid"": ""11""}, ""grid_backend"": ""two full QuickQudits Tableau d=2 registers, 2m qubits each"", ""movement_backend"": ""QuickQudits Tableau d=2; H and S only"", ""observable_mapping"": {""Alice_0"": {""angular_error"": 0.0, ""implemented_theta"": 0.0, ""observable"": ""Z"", ""projector_fidelity"": 1.0, ""target_theta"": 0.0}, ""Alice_1"": {""angular_error"": 0.0, ""implemented_theta"": 0.7853981633974483, ""observable"": ""X"", ""projector_fidelity"": 1.0, ""target_theta"": 0.7853981633974483}, ""Alice_2"": {""angular_error"": 0.0, ""implemented_theta"": 0.0, ""observable"": ""Z"", ""projector_fidelity"": 1.0, ""target_theta"": 0.0}, ""Alice_3"": {""angular_error"": 0.0, ""implemented_theta"": 0.7853981633974483, ""observable"": ""X"", ""projector_fidelity"": 1.0, ""target_theta"": 0.7853981633974483}, ""Bob_0"": {""angular_error"": 0.39269908169872414, ""implemented_theta"": 0.0, ""observable"": ""Z"", ""projector_fidelity"": 0.8535533905932737, ""target_theta"": 0.39269908169872414}, ""Bob_1"": {""angular_error"": 0.39269908169872414, ""implemented_theta"": 0.0, ""observable"": ""Z"", ""projector_fidelity"": 0.8535533905932737, ""target_theta"": -0.39269908169872414}, ""Bob_2"": {""angular_error"": 0.39269908169872414, ""implemented_theta"": 0.0, ""observable"": ""Z"", ""projector_fidelity"": 0.8535533905932737, ""target_theta"": 0.39269908169872414}, ""Bob_3"": {""angular_error"": 0.39269908169872414, ""implemented_theta"": 0.0, ""observable"": ""Z"", ""projector_fidelity"": 0.8535533905932737, ""target_theta"": -0.39269908169872414}}, ""player_grid_count"": 2, ""qubits_per_player_grid"": 7200, ""synthetic_scaling_point"": false, ""systems_per_player"": 7200, ""tableau_array_bytes_per_player"": 207374400, ""transpiled_gates"": ""qutrit X -> X(q0), CX(q0,q1), CX(q1,q0); invalid 11 fixed"", ""workload_seed_derivation"": ""SnaQ3-v2 master/n/repetition streams"", ""workload_sha256"": ""18544235048cd0b9209296f26f02432edd1335b51ff135045e77005d3b25a64d""}"
qubit_tableau_transpiled,60,3600,7200,16,20260930,4,0.08874900500086369,COMPLETED,,False,,1658995200,34359738368,21600.0,1.0.1,"{""bell_backend"": ""QuickQudits Tableau d=2; same Clifford Bell observables as qutrit_tableau_clifford"", ""dense_statevector"": false, ""encoding"": {""0"": ""00"", ""1"": ""01"", ""2"": ""10"", ""invalid"": ""11""}, ""grid_backend"": ""two full QuickQudits Tableau d=2 registers, 2m qubits each"", ""movement_backend"": ""QuickQudits Tableau d=2; H and S only"", ""observable_mapping"": {""Alice_0"": {""angular_error"": 0.0, ""implemented_theta"": 0.0, ""observable"": ""Z"", ""projector_fidelity"": 1.0, ""target_theta"": 0.0}, ""Alice_1"": {""angular_error"": 0.0, ""implemented_theta"": 0.7853981633974483, ""observable"": ""X"", ""projector_fidelity"": 1.0, ""target_theta"": 0.7853981633974483}, ""Alice_2"": {""angular_error"": 0.0, ""implemented_theta"": 0.0, ""observable"": ""Z"", ""projector_fidelity"": 1.0, ""target_theta"": 0.0}, ""Alice_3"": {""angular_error"": 0.0, ""implemented_theta"": 0.7853981633974483, ""observable"": ""X"", ""projector_fidelity"": 1.0, ""target_theta"": 0.7853981633974483}, ""Bob_0"": {""angular_error"": 0.39269908169872414, ""implemented_theta"": 0.0, ""observable"": ""Z"", ""projector_fidelity"": 0.8535533905932737, ""target_theta"": 0.39269908169872414}, ""Bob_1"": {""angular_error"": 0.39269908169872414, ""implemented_theta"": 0.0, ""observable"": ""Z"", ""projector_fidelity"": 0.8535533905932737, ""target_theta"": -0.39269908169872414}, ""Bob_2"": {""angular_error"": 0.39269908169872414, ""implemented_theta"": 0.0, ""observable"": ""Z"", ""projector_fidelity"": 0.8535533905932737, ""target_theta"": 0.39269908169872414}, ""Bob_3"": {""angular_error"": 0.39269908169872414, ""implemented_theta"": 0.0, ""observable"": ""Z"", ""projector_fidelity"": 0.8535533905932737, ""target_theta"": -0.39269908169872414}}, ""player_grid_count"": 2, ""qubits_per_player_grid"": 7200, ""synthetic_scaling_point"": false, ""systems_per_player"": 7200, ""tableau_array_bytes_per_player"": 207374400, ""transpiled_gates"": ""qutrit X -> X(q0), CX(q0,q1), CX(q1,q0); invalid 11 fixed"", ""workload_seed_derivation"": ""SnaQ3-v2 master/n/repetition streams"", ""workload_sha256"": ""16b57f651a9f73c48854ebef4122e20b5fbaa0f04bb89dc0e3ae0839baaa444c""}"
qubit_tableau_transpiled,60,3600,7200,17,20260930,4,0.06854392800596543,COMPLETED,,False,,1658995200,34359738368,21600.0,1.0.1,"{""bell_backend"": ""QuickQudits Tableau d=2; same Clifford Bell observables as qutrit_tableau_clifford"", ""dense_statevector"": false, ""encoding"": {""0"": ""00"", ""1"": ""01"", ""2"": ""10"", ""invalid"": ""11""}, ""grid_backend"": ""two full QuickQudits Tableau d=2 registers, 2m qubits each"", ""movement_backend"": ""QuickQudits Tableau d=2; H and S only"", ""observable_mapping"": {""Alice_0"": {""angular_error"": 0.0, ""implemented_theta"": 0.0, ""observable"": ""Z"", ""projector_fidelity"": 1.0, ""target_theta"": 0.0}, ""Alice_1"": {""angular_error"": 0.0, ""implemented_theta"": 0.7853981633974483, ""observable"": ""X"", ""projector_fidelity"": 1.0, ""target_theta"": 0.7853981633974483}, ""Alice_2"": {""angular_error"": 0.0, ""implemented_theta"": 0.0, ""observable"": ""Z"", ""projector_fidelity"": 1.0, ""target_theta"": 0.0}, ""Alice_3"": {""angular_error"": 0.0, ""implemented_theta"": 0.7853981633974483, ""observable"": ""X"", ""projector_fidelity"": 1.0, ""target_theta"": 0.7853981633974483}, ""Bob_0"": {""angular_error"": 0.39269908169872414, ""implemented_theta"": 0.0, ""observable"": ""Z"", ""projector_fidelity"": 0.8535533905932737, ""target_theta"": 0.39269908169872414}, ""Bob_1"": {""angular_error"": 0.39269908169872414, ""implemented_theta"": 0.0, ""observable"": ""Z"", ""projector_fidelity"": 0.8535533905932737, ""target_theta"": -0.39269908169872414}, ""Bob_2"": {""angular_error"": 0.39269908169872414, ""implemented_theta"": 0.0, ""observable"": ""Z"", ""projector_fidelity"": 0.8535533905932737, ""target_theta"": 0.39269908169872414}, ""Bob_3"": {""angular_error"": 0.39269908169872414, ""implemented_theta"": 0.0, ""observable"": ""Z"", ""projector_fidelity"": 0.8535533905932737, ""target_theta"": -0.39269908169872414}}, ""player_grid_count"": 2, ""qubits_per_player_grid"": 7200, ""synthetic_scaling_point"": false, ""systems_per_player"": 7200, ""tableau_array_bytes_per_player"": 207374400, ""transpiled_gates"": ""qutrit X -> X(q0), CX(q0,q1), CX(q1,q0); invalid 11 fixed"", ""workload_seed_derivation"": ""SnaQ3-v2 master/n/repetition streams"", ""workload_sha256"": ""b2bc8e8b956e9be8499eec9c16790fd5d0d9d19f8fab322b596bac8dca3ad91b""}"
qubit_tableau_transpiled,60,3600,7200,18,20260930,4,0.07766556499700528,COMPLETED,,False,,1658995200,34359738368,21600.0,1.0.1,"{""bell_backend"": ""QuickQudits Tableau d=2; same Clifford Bell observables as qutrit_tableau_clifford"", ""dense_statevector"": false, ""encoding"": {""0"": ""00"", ""1"": ""01"", ""2"": ""10"", ""invalid"": ""11""}, ""grid_backend"": ""two full QuickQudits Tableau d=2 registers, 2m qubits each"", ""movement_backend"": ""QuickQudits Tableau d=2; H and S only"", ""observable_mapping"": {""Alice_0"": {""angular_error"": 0.0, ""implemented_theta"": 0.0, ""observable"": ""Z"", ""projector_fidelity"": 1.0, ""target_theta"": 0.0}, ""Alice_1"": {""angular_error"": 0.0, ""implemented_theta"": 0.7853981633974483, ""observable"": ""X"", ""projector_fidelity"": 1.0, ""target_theta"": 0.7853981633974483}, ""Alice_2"": {""angular_error"": 0.0, ""implemented_theta"": 0.0, ""observable"": ""Z"", ""projector_fidelity"": 1.0, ""target_theta"": 0.0}, ""Alice_3"": {""angular_error"": 0.0, ""implemented_theta"": 0.7853981633974483, ""observable"": ""X"", ""projector_fidelity"": 1.0, ""target_theta"": 0.7853981633974483}, ""Bob_0"": {""angular_error"": 0.39269908169872414, ""implemented_theta"": 0.0, ""observable"": ""Z"", ""projector_fidelity"": 0.8535533905932737, ""target_theta"": 0.39269908169872414}, ""Bob_1"": {""angular_error"": 0.39269908169872414, ""implemented_theta"": 0.0, ""observable"": ""Z"", ""projector_fidelity"": 0.8535533905932737, ""target_theta"": -0.39269908169872414}, ""Bob_2"": {""angular_error"": 0.39269908169872414, ""implemented_theta"": 0.0, ""observable"": ""Z"", ""projector_fidelity"": 0.8535533905932737, ""target_theta"": 0.39269908169872414}, ""Bob_3"": {""angular_error"": 0.39269908169872414, ""implemented_theta"": 0.0, ""observable"": ""Z"", ""projector_fidelity"": 0.8535533905932737, ""target_theta"": -0.39269908169872414}}, ""player_grid_count"": 2, ""qubits_per_player_grid"": 7200, ""synthetic_scaling_point"": false, ""systems_per_player"": 7200, ""tableau_array_bytes_per_player"": 207374400, ""transpiled_gates"": ""qutrit X -> X(q0), CX(q0,q1), CX(q1,q0); invalid 11 fixed"", ""workload_seed_derivation"": ""SnaQ3-v2 master/n/repetition streams"", ""workload_sha256"": ""e3095a0d9d862a4288ab58de7160d70238afbfff1d4f21b40f5cb4f90e7d7ca4""}"
qubit_tableau_transpiled,60,3600,7200,19,20260930,4,0.07627911699819379,COMPLETED,,False,,1658995200,34359738368,21600.0,1.0.1,"{""bell_backend"": ""QuickQudits Tableau d=2; same Clifford Bell observables as qutrit_tableau_clifford"", ""dense_statevector"": false, ""encoding"": {""0"": ""00"", ""1"": ""01"", ""2"": ""10"", ""invalid"": ""11""}, ""grid_backend"": ""two full QuickQudits Tableau d=2 registers, 2m qubits each"", ""movement_backend"": ""QuickQudits Tableau d=2; H and S only"", ""observable_mapping"": {""Alice_0"": {""angular_error"": 0.0, ""implemented_theta"": 0.0, ""observable"": ""Z"", ""projector_fidelity"": 1.0, ""target_theta"": 0.0}, ""Alice_1"": {""angular_error"": 0.0, ""implemented_theta"": 0.7853981633974483, ""observable"": ""X"", ""projector_fidelity"": 1.0, ""target_theta"": 0.7853981633974483}, ""Alice_2"": {""angular_error"": 0.0, ""implemented_theta"": 0.0, ""observable"": ""Z"", ""projector_fidelity"": 1.0, ""target_theta"": 0.0}, ""Alice_3"": {""angular_error"": 0.0, ""implemented_theta"": 0.7853981633974483, ""observable"": ""X"", ""projector_fidelity"": 1.0, ""target_theta"": 0.7853981633974483}, ""Bob_0"": {""angular_error"": 0.39269908169872414, ""implemented_theta"": 0.0, ""observable"": ""Z"", ""projector_fidelity"": 0.8535533905932737, ""target_theta"": 0.39269908169872414}, ""Bob_1"": {""angular_error"": 0.39269908169872414, ""implemented_theta"": 0.0, ""observable"": ""Z"", ""projector_fidelity"": 0.8535533905932737, ""target_theta"": -0.39269908169872414}, ""Bob_2"": {""angular_error"": 0.39269908169872414, ""implemented_theta"": 0.0, ""observable"": ""Z"", ""projector_fidelity"": 0.8535533905932737, ""target_theta"": 0.39269908169872414}, ""Bob_3"": {""angular_error"": 0.39269908169872414, ""implemented_theta"": 0.0, ""observable"": ""Z"", ""projector_fidelity"": 0.8535533905932737, ""target_theta"": -0.39269908169872414}}, ""player_grid_count"": 2, ""qubits_per_player_grid"": 7200, ""synthetic_scaling_point"": false, ""systems_per_player"": 7200, ""tableau_array_bytes_per_player"": 207374400, ""transpiled_gates"": ""qutrit X -> X(q0), CX(q0,q1), CX(q1,q0); invalid 11 fixed"", ""workload_seed_derivation"": ""SnaQ3-v2 master/n/repetition streams"", ""workload_sha256"": ""895f3961385ed0d94ba2c38a8dd60cf29fe3acadf14a3821c4211da63f8eeb9a""}"
